year,Round,Circuit,Driver,Team,AirTemp_C,TrackTemp_C,Humidity_pct,Pressure_hPa,WindSpeed_ms,Rainfall,Wet,GridPosition,circuit_layout,circuit_speed,circuit_character,track_length_km,num_corners,elevation_change_m,pred_quali_position,pred_std,pred_quali_position_int
2025,1,1,0,9,30.1,40.7,48.0,1009.4,0.7,0.0,0,6.0,0,0,0,5.278,14,10,10.379432854795978,5.939338569782897,10
2025,1,1,1,1,30.1,40.7,48.0,1009.4,0.7,0.0,0,12.0,0,0,0,5.278,14,10,10.375873645410435,5.939339026540675,10
2025,1,1,2,6,30.1,40.7,48.0,1009.4,0.7,0.0,0,16.0,0,0,0,5.278,14,10,10.329248856688258,5.939369484934897,10
2025,1,1,4,4,30.1,40.7,48.0,1009.4,0.7,0.0,0,15.0,0,0,0,5.278,14,10,10.423970690697695,5.939338569879401,10
2025,1,1,8,0,30.1,40.7,48.0,1009.4,0.7,0.0,0,14.0,0,0,0,5.278,14,10,10.40141205213135,5.939348054048306,10
2025,1,1,9,0,30.1,40.7,48.0,1009.4,0.7,0.0,0,9.0,0,0,0,5.278,14,10,10.406143665785725,5.93933951809008,10
2025,1,1,10,7,30.1,40.7,48.0,1009.4,0.7,0.0,0,11.0,0,0,0,5.278,14,10,10.414205788366548,5.939339206509925,10
2025,1,1,11,2,30.1,40.7,48.0,1009.4,0.7,0.0,0,8.0,0,0,0,5.278,14,10,10.280932102895031,5.939604013468491,10
2025,1,1,12,4,30.1,40.7,48.0,1009.4,0.7,0.0,0,17.0,0,0,0,5.278,14,10,10.426659450283761,5.939379911209937,10
2025,1,1,14,8,30.1,40.7,48.0,1009.4,0.7,0.0,0,18.0,0,0,0,5.278,14,10,10.350065029782913,5.939745417035025,10
2025,1,1,15,2,30.1,40.7,48.0,1009.4,0.7,0.0,0,7.0,0,0,0,5.278,14,10,10.262754983835809,5.939338569782906,10
2025,1,1,18,5,30.1,40.7,48.0,1009.4,0.7,0.0,0,1.0,0,0,0,5.278,14,10,10.247167289193234,5.939338569782553,10
2025,1,1,19,3,30.1,40.7,48.0,1009.4,0.7,0.0,0,19.0,0,0,0,5.278,14,10,10.386914055363915,5.93937742096908,10
2025,1,1,21,5,30.1,40.7,48.0,1009.4,0.7,0.0,0,2.0,0,0,0,5.278,14,10,10.26993774522292,5.939338570220197,10
2025,1,1,23,6,30.1,40.7,48.0,1009.4,0.7,0.0,0,4.0,0,0,0,5.278,14,10,10.31111406781518,5.939338569782757,10
2025,1,1,24,9,30.1,40.7,48.0,1009.4,0.7,0.0,0,10.0,0,0,0,5.278,14,10,10.369583003639812,5.939669719015379,10
2025,1,1,26,1,30.1,40.7,48.0,1009.4,0.7,0.0,0,13.0,0,0,0,5.278,14,10,10.365601449967805,5.939338569782395,10
2025,1,1,27,7,30.1,40.7,48.0,1009.4,0.7,0.0,0,5.0,0,0,0,5.278,14,10,10.318976456299293,5.93933856978291,10
2025,1,1,28,8,30.1,40.7,48.0,1009.4,0.7,0.0,0,3.0,0,0,0,5.278,14,10,10.238936905095837,5.93933856978291,10
2025,2,7,0,9,26.1,38.7,14.0,1015.1,2.3,0.0,0,10.0,1,2,0,5.451,16,10,10.5,6.272001164146698,10
2025,2,7,1,1,26.1,38.7,14.0,1015.1,2.3,0.0,0,13.0,1,2,0,5.451,16,10,10.5,6.272001164146698,10
2025,2,7,2,6,26.1,38.7,14.0,1015.1,2.3,0.0,0,8.0,1,2,0,5.451,16,10,10.5,6.272001164146698,10
2025,2,7,3,3,26.1,38.7,14.0,1015.1,2.3,0.0,0,17.0,1,2,0,5.451,16,10,10.5,6.272001164146698,10
2025,2,7,4,4,26.1,38.7,14.0,1015.1,2.3,0.0,0,19.0,1,2,0,5.451,16,10,10.5,6.272001164146698,10
2025,2,7,8,0,26.1,38.7,14.0,1015.1,2.3,0.0,0,18.0,1,2,0,5.451,16,10,10.5,6.272001164146698,10
2025,2,7,9,0,26.1,38.7,14.0,1015.1,2.3,0.0,0,16.0,1,2,0,5.451,16,10,10.5,6.272001164146698,10
2025,2,7,10,7,26.1,38.7,14.0,1015.1,2.3,0.0,0,7.0,1,2,0,5.451,16,10,10.5,6.272001164146698,10
2025,2,7,11,2,26.1,38.7,14.0,1015.1,2.3,0.0,0,5.0,1,2,0,5.451,16,10,10.5,6.272001164146698,10
2025,2,7,12,4,26.1,38.7,14.0,1015.1,2.3,0.0,0,12.0,1,2,0,5.451,16,10,10.5,6.272001164146698,10
2025,2,7,14,8,26.1,38.7,14.0,1015.1,2.3,0.0,0,20.0,1,2,0,5.451,16,10,10.5,6.272001164146698,10
2025,2,7,15,2,26.1,38.7,14.0,1015.1,2.3,0.0,0,6.0,1,2,0,5.451,16,10,10.5,6.272001164146698,10
2025,2,7,18,5,26.1,38.7,14.0,1015.1,2.3,0.0,0,3.0,1,2,0,5.451,16,10,10.5,6.272001164146698,10
2025,2,7,19,3,26.1,38.7,14.0,1015.1,2.3,0.0,0,11.0,1,2,0,5.451,16,10,10.5,6.272001164146698,10
2025,2,7,21,5,26.1,38.7,14.0,1015.1,2.3,0.0,0,1.0,1,2,0,5.451,16,10,10.5,6.272001164146698,10
2025,2,7,23,6,26.1,38.7,14.0,1015.1,2.3,0.0,0,2.0,1,2,0,5.451,16,10,10.5,6.272001164146698,10
2025,2,7,24,9,26.1,38.7,14.0,1015.1,2.3,0.0,0,15.0,1,2,0,5.451,16,10,10.5,6.272001164146698,10
2025,2,7,26,1,26.1,38.7,14.0,1015.1,2.3,0.0,0,14.0,1,2,0,5.451,16,10,10.5,6.272001164146698,10
2025,2,7,27,7,26.1,38.7,14.0,1015.1,2.3,0.0,0,9.0,1,2,0,5.451,16,10,10.5,6.272001164146698,10
2025,2,7,28,8,26.1,38.7,14.0,1015.1,2.3,0.0,0,4.0,1,2,0,5.451,16,10,10.5,6.272001164146698,10
2025,3,18,0,9,14.7,32.3,59.0,1013.3,3.0,0.0,0,9.0,1,0,2,5.807,18,40,13.374969200430789,2.6518718893386826,13
2025,3,18,1,1,14.7,32.3,59.0,1013.3,3.0,0.0,0,13.0,1,0,2,5.807,18,40,7.38841392262443,2.409748287246219,7
2025,3,18,2,6,14.7,32.3,59.0,1013.3,3.0,0.0,0,6.0,1,0,2,5.807,18,40,7.38841448542866,2.4097482248636686,7
2025,3,18,3,3,14.7,32.3,59.0,1013.3,3.0,0.0,0,10.0,1,0,2,5.807,18,40,15.72002324356976,3.192224891024099,16
2025,3,18,4,4,14.7,32.3,59.0,1013.3,3.0,0.0,0,17.0,1,0,2,5.807,18,40,14.008799325829884,2.653877081082115,14
2025,3,18,8,0,14.7,32.3,59.0,1013.3,3.0,0.0,0,19.0,1,0,2,5.807,18,40,17.53217364436764,2.494083203113922,18
2025,3,18,9,0,14.7,32.3,59.0,1013.3,3.0,0.0,0,11.0,1,0,2,5.807,18,40,17.532173795763498,2.494083191894426,18
2025,3,18,10,7,14.7,32.3,59.0,1013.3,3.0,0.0,0,7.0,1,0,2,5.807,18,40,9.808845619916147,2.5646896134709256,10
2025,3,18,11,2,14.7,32.3,59.0,1013.3,3.0,0.0,0,8.0,1,0,2,5.807,18,40,7.5398801231326935,2.682345415426546,8
2025,3,18,12,4,14.7,32.3,59.0,1013.3,3.0,0.0,0,16.0,1,0,2,5.807,18,40,11.669536486478153,5.804561449085213,12
2025,3,18,14,7,14.7,32.3,59.0,1013.3,3.0,0.0,0,14.0,1,0,2,5.807,18,40,9.808843649739796,2.5646969288954824,10
2025,3,18,15,2,14.7,32.3,59.0,1013.3,3.0,0.0,0,4.0,1,0,2,5.807,18,40,7.516608273306241,2.4940827474577323,8
2025,3,18,18,5,14.7,32.3,59.0,1013.3,3.0,0.0,0,2.0,1,0,2,5.807,18,40,4.012813460188381,2.494082799358131,4
2025,3,18,19,3,14.7,32.3,59.0,1013.3,3.0,0.0,0,18.0,1,0,2,5.807,18,40,15.720022375130808,3.1922261901395337,16
2025,3,18,21,5,14.7,32.3,59.0,1013.3,3.0,0.0,0,3.0,1,0,2,5.807,18,40,4.01281446226522,2.4940827816294826,4
2025,3,18,23,6,14.7,32.3,59.0,1013.3,3.0,0.0,0,5.0,1,0,2,5.807,18,40,7.38841482303581,2.4097482480839814,7
2025,3,18,24,9,14.7,32.3,59.0,1013.3,3.0,0.0,0,12.0,1,0,2,5.807,18,40,17.031985962805564,2.6526381960611456,17
2025,3,18,26,1,14.7,32.3,59.0,1013.3,3.0,0.0,0,20.0,1,0,2,5.807,18,40,14.510951403181393,2.7256470621428273,15
2025,3,18,27,8,14.7,32.3,59.0,1013.3,3.0,0.0,0,15.0,1,0,2,5.807,18,40,3.4864090837622914,3.096853379745018,3
2025,3,18,28,8,14.7,32.3,59.0,1013.3,3.0,0.0,0,1.0,1,0,2,5.807,18,40,2.061497515545783,2.5785476521237327,2
2025,4,4,0,9,26.3,30.8,58.0,1004.2,3.1,0.0,0,15.0,1,2,0,5.412,15,15,10.633406559352249,6.350788744497282,11
2025,4,4,1,1,26.3,30.8,58.0,1004.2,3.1,0.0,0,13.0,1,2,0,5.412,15,15,10.50708651718029,6.351105717587286,11
2025,4,4,2,6,26.3,30.8,58.0,1004.2,3.1,0.0,0,4.0,1,2,0,5.412,15,15,10.407259098891341,6.351154392321994,10
2025,4,4,3,3,26.3,30.8,58.0,1004.2,3.1,0.0,0,20.0,1,2,0,5.412,15,15,10.603681454845766,6.350802368663776,11
2025,4,4,4,4,26.3,30.8,58.0,1004.2,3.1,0.0,0,18.0,1,2,0,5.412,15,15,10.626320485082406,6.350975265588722,11
2025,4,4,8,0,26.3,30.8,58.0,1004.2,3.1,0.0,0,11.0,1,2,0,5.412,15,15,10.622326108728004,6.351020674485431,11
2025,4,4,9,0,26.3,30.8,58.0,1004.2,3.1,0.0,0,5.0,1,2,0,5.412,15,15,10.695630797207702,6.3511540934131245,11
2025,4,4,10,7,26.3,30.8,58.0,1004.2,3.1,0.0,0,12.0,1,2,0,5.412,15,15,10.633864273520539,6.350765042388459,11
2025,4,4,11,2,26.3,30.8,58.0,1004.2,3.1,0.0,0,9.0,1,2,0,5.412,15,15,10.32684194737804,6.351202775360783,10
2025,4,4,12,4,26.3,30.8,58.0,1004.2,3.1,0.0,0,16.0,1,2,0,5.412,15,15,10.626320484630366,6.350975265596065,11
2025,4,4,14,7,26.3,30.8,58.0,1004.2,3.1,0.0,0,17.0,1,2,0,5.412,15,15,10.633864273520539,6.350765042388459,11
2025,4,4,15,2,26.3,30.8,58.0,1004.2,3.1,0.0,0,3.0,1,2,0,5.412,15,15,10.315365056764458,6.351112440662085,10
2025,4,4,18,5,26.3,30.8,58.0,1004.2,3.1,0.0,0,6.0,1,2,0,5.412,15,15,10.600031686070036,6.350791357547659,11
2025,4,4,19,3,26.3,30.8,58.0,1004.2,3.1,0.0,0,14.0,1,2,0,5.412,15,15,10.603681448896678,6.350802368889418,11
2025,4,4,21,5,26.3,30.8,58.0,1004.2,3.1,0.0,0,1.0,1,2,0,5.412,15,15,10.60387844127124,6.350930235824201,11
2025,4,4,23,6,26.3,30.8,58.0,1004.2,3.1,0.0,0,2.0,1,2,0,5.412,15,15,10.384439761566266,6.351072672680744,10
2025,4,4,24,9,26.3,30.8,58.0,1004.2,3.1,0.0,0,8.0,1,2,0,5.412,15,15,10.633207213800725,6.350782155311405,11
2025,4,4,26,1,26.3,30.8,58.0,1004.2,3.1,0.0,0,19.0,1,2,0,5.412,15,15,10.557087094549791,6.351082454649945,11
2025,4,4,27,8,26.3,30.8,58.0,1004.2,3.1,0.0,0,10.0,1,2,0,5.412,15,15,10.337140999767922,6.351099078344351,10
2025,4,4,28,8,26.3,30.8,58.0,1004.2,3.1,0.0,0,7.0,1,2,0,5.412,15,15,10.31381748109129,6.351098969642475,10
2025,5,22,0,9,29.5,37.150000000000006,59.0,1006.3,0.9,0.0,0,11.0,2,0,1,6.174,27,5,10.46353010253394,6.0301814671383145,10
2025,5,22,1,1,29.5,37.150000000000006,59.0,1006.3,0.9,0.0,0,13.0,2,0,1,6.174,27,5,10.20381926255403,6.030204511530776,10
2025,5,22,2,6,29.5,37.150000000000006,59.0,1006.3,0.9,0.0,0,5.0,2,0,1,6.174,27,5,10.300598058601548,6.030775643651308,10
2025,5,22,3,3,29.5,37.150000000000006,59.0,1006.3,0.9,0.0,0,15.0,2,0,1,6.174,27,5,10.33898310939569,6.031076782657325,10
2025,5,22,4,4,29.5,37.150000000000006,59.0,1006.3,0.9,0.0,0,20.0,2,0,1,6.174,27,5,10.395890104320639,6.030094712264664,10
2025,5,22,8,0,29.5,37.150000000000006,59.0,1006.3,0.9,0.0,0,17.0,2,0,1,6.174,27,5,10.373862116717088,6.030112425702089,10
2025,5,22,9,0,29.5,37.150000000000006,59.0,1006.3,0.9,0.0,0,9.0,2,0,1,6.174,27,5,10.373862118106517,6.030112425704024,10
2025,5,22,10,7,29.5,37.150000000000006,59.0,1006.3,0.9,0.0,0,14.0,2,0,1,6.174,27,5,10.421482843779026,6.030106736215088,10
2025,5,22,11,2,29.5,37.150000000000006,59.0,1006.3,0.9,0.0,0,7.0,2,0,1,6.174,27,5,10.275887737831532,6.030771247172367,10
2025,5,22,12,4,29.5,37.150000000000006,59.0,1006.3,0.9,0.0,0,18.0,2,0,1,6.174,27,5,10.379201713079873,6.030108447605455,10
2025,5,22,14,7,29.5,37.150000000000006,59.0,1006.3,0.9,0.0,0,12.0,2,0,1,6.174,27,5,10.421482843779026,6.030106736215088,10
2025,5,22,15,2,29.5,37.150000000000006,59.0,1006.3,0.9,0.0,0,4.0,2,0,1,6.174,27,5,10.220338414073414,6.030225616379773,10
2025,5,22,18,5,29.5,37.150000000000006,59.0,1006.3,0.9,0.0,0,10.0,2,0,1,6.174,27,5,10.45188154403356,6.030162594687167,10
2025,5,22,19,3,29.5,37.150000000000006,59.0,1006.3,0.9,0.0,0,19.0,2,0,1,6.174,27,5,10.379124416931983,6.030106503556482,10
2025,5,22,21,5,29.5,37.150000000000006,59.0,1006.3,0.9,0.0,0,2.0,2,0,1,6.174,27,5,10.360702976221242,6.030175098341802,10
2025,5,22,23,6,29.5,37.150000000000006,59.0,1006.3,0.9,0.0,0,3.0,2,0,1,6.174,27,5,10.23809220220779,6.0302382543783555,10
2025,5,22,24,9,29.5,37.150000000000006,59.0,1006.3,0.9,0.0,0,6.0,2,0,1,6.174,27,5,10.463530259604296,6.030181504564882,10
2025,5,22,26,1,29.5,37.150000000000006,59.0,1006.3,0.9,0.0,0,16.0,2,0,1,6.174,27,5,10.22636786167137,6.030202762338259,10
2025,5,22,27,8,29.5,37.150000000000006,59.0,1006.3,0.9,0.0,0,8.0,2,0,1,6.174,27,5,10.358786859509422,6.030407808857615,10
2025,5,22,28,8,29.5,37.150000000000006,59.0,1006.3,0.9,0.0,0,1.0,2,0,1,6.174,27,5,10.379275718136968,6.0301826599222625,10
2025,6,20,0,9,27.8,39.7,63.5,1013.5,2.7,0.0,0,7.0,0,2,0,5.412,19,5,10.942338387772796,4.573964249087815,11
2025,6,20,1,1,27.8,39.7,63.5,1013.5,2.7,0.0,0,17.0,0,2,0,5.412,19,5,4.980714023251594,4.585721640778083,5
2025,6,20,2,6,27.8,39.7,63.5,1013.5,2.7,0.0,0,3.0,0,2,0,5.412,19,5,7.90977247661055,4.556405587771499,8
2025,6,20,3,3,27.8,39.7,63.5,1013.5,2.7,0.0,0,20.0,0,2,0,5.412,19,5,10.399438889460994,5.501833103771721,10
2025,6,20,4,4,27.8,39.7,63.5,1013.5,2.7,0.0,0,13.0,0,2,0,5.412,19,5,9.802535046605556,4.9593512056303,10
2025,6,20,8,0,27.8,39.7,63.5,1013.5,2.7,0.0,0,14.0,0,2,0,5.412,19,5,7.64886963842296,4.538369726699141,8
2025,6,20,9,0,27.8,39.7,63.5,1013.5,2.7,0.0,0,18.0,0,2,0,5.412,19,5,7.648869376659979,4.538369722597999,8
2025,6,20,10,7,27.8,39.7,63.5,1013.5,2.7,0.0,0,11.0,0,2,0,5.412,19,5,13.709566861374382,4.553880366437984,14
2025,6,20,11,2,27.8,39.7,63.5,1013.5,2.7,0.0,0,12.0,0,2,0,5.412,19,5,10.338983050847459,5.502300893641735,10
2025,6,20,12,4,27.8,39.7,63.5,1013.5,2.7,0.0,0,16.0,0,2,0,5.412,19,5,10.338983050847459,5.502300893641735,10
2025,6,20,14,7,27.8,39.7,63.5,1013.5,2.7,0.0,0,15.0,0,2,0,5.412,19,5,13.709566861374382,4.553880366437984,14
2025,6,20,15,2,27.8,39.7,63.5,1013.5,2.7,0.0,0,8.0,0,2,0,5.412,19,5,8.260902864933817,4.556593038667618,8
2025,6,20,18,5,27.8,39.7,63.5,1013.5,2.7,0.0,0,2.0,0,2,0,5.412,19,5,15.207644491450182,4.5524575400960305,15
2025,6,20,19,3,27.8,39.7,63.5,1013.5,2.7,0.0,0,9.0,0,2,0,5.412,19,5,10.398621475685779,5.501845668598187,10
2025,6,20,21,5,27.8,39.7,63.5,1013.5,2.7,0.0,0,4.0,0,2,0,5.412,19,5,15.207645709471919,4.552457540138531,15
2025,6,20,23,6,27.8,39.7,63.5,1013.5,2.7,0.0,0,5.0,0,2,0,5.412,19,5,7.909772481721495,4.556405580166265,8
2025,6,20,24,9,27.8,39.7,63.5,1013.5,2.7,0.0,0,6.0,0,2,0,5.412,19,5,10.942088979845634,4.640264893971784,11
2025,6,20,26,1,27.8,39.7,63.5,1013.5,2.7,0.0,0,19.0,0,2,0,5.412,19,5,14.698568838210733,4.585081405032783,15
2025,6,20,27,8,27.8,39.7,63.5,1013.5,2.7,0.0,0,10.0,0,2,0,5.412,19,5,6.138104745622681,4.569083420346791,6
2025,6,20,28,8,27.8,39.7,63.5,1013.5,2.7,0.0,0,1.0,0,2,0,5.412,19,5,9.701867348554849,4.563153012663436,10
2025,7,11,0,9,22.9,39.5,30.0,1008.6,2.0,0.0,0,7.0,1,2,2,4.909,19,20,13.596964449778989,3.2184643001145186,14
2025,7,11,1,1,22.9,39.5,30.0,1008.6,2.0,0.0,0,5.0,1,2,2,4.909,19,20,17.653235546006307,3.2185824544065973,18
2025,7,11,2,6,22.9,39.5,30.0,1008.6,2.0,0.0,0,13.0,1,2,2,4.909,19,20,6.694193718121552,3.2199737122575267,7
2025,7,11,3,3,22.9,39.5,30.0,1008.6,2.0,0.0,0,19.0,1,2,2,4.909,19,20,10.095490323219646,3.2184643412850584,10
2025,7,11,4,4,22.9,39.5,30.0,1008.6,2.0,0.0,0,14.0,1,2,2,4.909,19,20,16.064137281877414,3.2184643421158543,16
2025,7,11,6,0,22.9,39.5,30.0,1008.6,2.0,0.0,0,15.0,1,2,2,4.909,19,20,14.38576876910428,3.2185705168786103,14
2025,7,11,9,0,22.9,39.5,30.0,1008.6,2.0,0.0,0,10.0,1,2,2,4.909,19,20,14.385769369091726,3.2185703955039466,14
2025,7,11,10,7,22.9,39.5,30.0,1008.6,2.0,0.0,0,9.0,1,2,2,4.909,19,20,8.221749754240077,3.303141828298929,8
2025,7,11,11,2,22.9,39.5,30.0,1008.6,2.0,0.0,0,12.0,1,2,2,4.909,19,20,6.008600835338964,3.5363549564464747,6
2025,7,11,12,4,22.9,39.5,30.0,1008.6,2.0,0.0,0,17.0,1,2,2,4.909,19,20,16.064137174084372,3.2184643853086676,16
2025,7,11,14,7,22.9,39.5,30.0,1008.6,2.0,0.0,0,16.0,1,2,2,4.909,19,20,8.221749754240077,3.303141828298929,8
2025,7,11,15,2,22.9,39.5,30.0,1008.6,2.0,0.0,0,11.0,1,2,2,4.909,19,20,4.869596332617439,3.2184643001421267,5
2025,7,11,18,5,22.9,39.5,30.0,1008.6,2.0,0.0,0,4.0,1,2,2,4.909,19,20,4.033646388880186,3.218464288084477,4
2025,7,11,19,3,22.9,39.5,30.0,1008.6,2.0,0.0,0,18.0,1,2,2,4.909,19,20,11.684062143085772,4.226867864317625,12
2025,7,11,21,5,22.9,39.5,30.0,1008.6,2.0,0.0,0,1.0,1,2,2,4.909,19,20,3.1816078931172367,3.2184883938343916,3
2025,7,11,23,6,22.9,39.5,30.0,1008.6,2.0,0.0,0,3.0,1,2,2,4.909,19,20,6.68668352610147,3.2184642959449157,7
2025,7,11,24,9,22.9,39.5,30.0,1008.6,2.0,0.0,0,6.0,1,2,2,4.909,19,20,13.596964429313518,3.2184643873160224,14
2025,7,11,26,1,22.9,39.5,30.0,1008.6,2.0,0.0,0,8.0,1,2,2,4.909,19,20,12.681924605466747,3.2184642948711666,13
2025,7,11,28,8,22.9,39.5,30.0,1008.6,2.0,0.0,0,2.0,1,2,2,4.909,19,20,2.3096748681687025,3.2184643002753353,2
2025,8,14,0,9,21.1,40.5,59.0,1014.9,0.8,0.0,0,10.0,2,1,2,3.337,19,42,10.110906305891815,4.453948037817718,10
2025,8,14,1,1,21.1,40.5,59.0,1014.9,0.8,0.0,0,7.0,2,1,2,3.337,19,42,9.113000251807545,4.492236006316839,9
2025,8,14,2,6,21.1,40.5,59.0,1014.9,0.8,0.0,0,15.0,2,1,2,3.337,19,42,6.896318265600618,4.450063478316046,7
2025,8,14,3,3,21.1,40.5,59.0,1014.9,0.8,0.0,0,17.0,2,1,2,3.337,19,42,14.657203925161106,4.491786528852958,15
2025,8,14,4,4,21.1,40.5,59.0,1014.9,0.8,0.0,0,16.0,2,1,2,3.337,19,42,14.219182046420515,4.452942016936111,14
2025,8,14,6,0,21.1,40.5,59.0,1014.9,0.8,0.0,0,20.0,2,1,2,3.337,19,42,10.865823297599109,4.454341860650995,11
2025,8,14,9,0,21.1,40.5,59.0,1014.9,0.8,0.0,0,18.0,2,1,2,3.337,19,42,11.917908535089529,4.498582674692109,12
2025,8,14,10,7,21.1,40.5,59.0,1014.9,0.8,0.0,0,6.0,2,1,2,3.337,19,42,8.57743594873965,4.451432853279135,9
2025,8,14,11,2,21.1,40.5,59.0,1014.9,0.8,0.0,0,4.0,2,1,2,3.337,19,42,5.856716059894913,4.456236242724166,6
2025,8,14,12,4,21.1,40.5,59.0,1014.9,0.8,0.0,0,13.0,2,1,2,3.337,19,42,14.10247606508161,4.5548433758449915,14
2025,8,14,14,7,21.1,40.5,59.0,1014.9,0.8,0.0,0,9.0,2,1,2,3.337,19,42,8.57743594873965,4.451432853279135,9
2025,8,14,15,2,21.1,40.5,59.0,1014.9,0.8,0.0,0,2.0,2,1,2,3.337,19,42,5.131414446644951,4.456075263698844,5
2025,8,14,18,5,21.1,40.5,59.0,1014.9,0.8,0.0,0,1.0,2,1,2,3.337,19,42,6.162741329944239,4.457148079117265,6
2025,8,14,19,3,21.1,40.5,59.0,1014.9,0.8,0.0,0,8.0,2,1,2,3.337,19,42,14.657198881176175,4.491790293213745,15
2025,8,14,21,5,21.1,40.5,59.0,1014.9,0.8,0.0,0,3.0,2,1,2,3.337,19,42,6.107493718091876,4.46674429476434,6
2025,8,14,23,6,21.1,40.5,59.0,1014.9,0.8,0.0,0,14.0,2,1,2,3.337,19,42,10.799660847716167,4.459114266189216,11
2025,8,14,24,9,21.1,40.5,59.0,1014.9,0.8,0.0,0,11.0,2,1,2,3.337,19,42,12.49902392546397,4.454153530297451,12
2025,8,14,26,1,21.1,40.5,59.0,1014.9,0.8,0.0,0,19.0,2,1,2,3.337,19,42,9.03114405036861,4.459114299941915,9
2025,8,14,27,8,21.1,40.5,59.0,1014.9,0.8,0.0,0,12.0,2,1,2,3.337,19,42,10.416666666666666,5.783686473692406,10
2025,8,14,28,8,21.1,40.5,59.0,1014.9,0.8,0.0,0,5.0,2,1,2,3.337,19,42,5.215754160816048,4.459114299941915,5
2025,9,9,0,9,29.2,47.8,36.0,1005.5,1.7,0.0,0,11.0,1,2,0,4.657,14,30,19.034945461077715,0.56039453557175,19
2025,9,9,1,1,29.2,47.8,36.0,1005.5,1.7,0.0,0,10.0,1,2,0,4.657,14,30,16.02758789835331,2.8371066974681405,16
2025,9,9,2,6,29.2,47.8,36.0,1005.5,1.7,0.0,0,6.0,1,2,0,4.657,14,30,6.153461301777224,0.7144875573470971,6
2025,9,9,3,3,29.2,47.8,36.0,1005.5,1.7,0.0,0,15.0,1,2,0,4.657,14,30,16.125531268415006,0.5808387783962831,16
2025,9,9,4,4,29.2,47.8,36.0,1005.5,1.7,0.0,0,12.0,1,2,0,4.657,14,30,15.514392996174479,2.0235580741308388,16
2025,9,9,6,0,29.2,47.8,36.0,1005.5,1.7,0.0,0,19.0,1,2,0,4.657,14,30,12.261867678865096,1.6552606807602857,12
2025,9,9,9,0,29.2,47.8,36.0,1005.5,1.7,0.0,0,8.0,1,2,0,4.657,14,30,12.080299596671823,1.712035027398228,12
2025,9,9,10,7,29.2,47.8,36.0,1005.5,1.7,0.0,0,9.0,1,2,0,4.657,14,30,13.07645155076746,0.541475994415101,13
2025,9,9,11,2,29.2,47.8,36.0,1005.5,1.7,0.0,0,5.0,1,2,0,4.657,14,30,10.499999983371199,5.896303669504033,10
2025,9,9,12,4,29.2,47.8,36.0,1005.5,1.7,0.0,0,16.0,1,2,0,4.657,14,30,15.514392975087253,2.0235581846171353,16
2025,9,9,14,7,29.2,47.8,36.0,1005.5,1.7,0.0,0,13.0,1,2,0,4.657,14,30,13.07645155076746,0.541475994415101,13
2025,9,9,15,2,29.2,47.8,36.0,1005.5,1.7,0.0,0,7.0,1,2,0,4.657,14,30,1.1127055768103542,0.6235649766957183,1
2025,9,9,18,5,29.2,47.8,36.0,1005.5,1.7,0.0,0,2.0,1,2,0,4.657,14,30,11.310988338779739,0.6235649766957183,11
2025,9,9,19,3,29.2,47.8,36.0,1005.5,1.7,0.0,0,17.0,1,2,0,4.657,14,30,15.898151428536526,1.8050667561193232,16
2025,9,9,21,5,29.2,47.8,36.0,1005.5,1.7,0.0,0,1.0,1,2,0,4.657,14,30,9.016709284394153,0.8848640245541995,9
2025,9,9,23,6,29.2,47.8,36.0,1005.5,1.7,0.0,0,4.0,1,2,0,4.657,14,30,4.1846679730099625,0.6189737917292504,4
2025,9,9,24,9,29.2,47.8,36.0,1005.5,1.7,0.0,0,18.0,1,2,0,4.657,14,30,10.50000001936674,5.896303669504033,11
2025,9,9,26,1,29.2,47.8,36.0,1005.5,1.7,0.0,0,14.0,1,2,0,4.657,14,30,17.861315829854412,0.5893187166027706,18
2025,9,9,27,8,29.2,47.8,36.0,1005.5,1.7,0.0,0,20.0,1,2,0,4.657,14,30,4.992914114084436,0.7660577327193788,5
2025,9,9,28,8,29.2,47.8,36.0,1005.5,1.7,0.0,0,3.0,1,2,0,4.657,14,30,2.118937197838756,0.6225286707402106,2
2025,10,15,0,9,21.3,43.1,31.0,1018.9,2.3,0.0,0,10.0,0,2,0,4.361,14,5,10.72670785578176,6.279922094233092,11
2025,10,15,1,1,21.3,43.1,31.0,1018.9,2.3,0.0,0,6.0,0,2,0,4.361,14,5,10.334520705158694,6.283889095034287,10
2025,10,15,2,6,21.3,43.1,31.0,1018.9,2.3,0.0,0,4.0,0,2,0,4.361,14,5,10.379405820200455,6.280292813699489,10
2025,10,15,3,3,21.3,43.1,31.0,1018.9,2.3,0.0,0,14.0,0,2,0,4.361,14,5,10.200026512373118,6.280587819292386,10
2025,10,15,4,4,21.3,43.1,31.0,1018.9,2.3,0.0,0,16.0,0,2,0,4.361,14,5,10.39905004681024,6.280395168750105,10
2025,10,15,6,0,21.3,43.1,31.0,1018.9,2.3,0.0,0,12.0,0,2,0,4.361,14,5,10.629742688824777,6.284125842593057,11
2025,10,15,9,0,21.3,43.1,31.0,1018.9,2.3,0.0,0,20.0,0,2,0,4.361,14,5,10.639013145099202,6.283889095034287,11
2025,10,15,10,7,21.3,43.1,31.0,1018.9,2.3,0.0,0,9.0,0,2,0,4.361,14,5,10.849038659754644,6.280434021193306,11
2025,10,15,11,2,21.3,43.1,31.0,1018.9,2.3,0.0,0,5.0,0,2,0,4.361,14,5,10.7293497115656,6.281277401005911,11
2025,10,15,12,4,21.3,43.1,31.0,1018.9,2.3,0.0,0,13.0,0,2,0,4.361,14,5,10.5,6.285686029439382,10
2025,10,15,14,7,21.3,43.1,31.0,1018.9,2.3,0.0,0,19.0,0,2,0,4.361,14,5,10.849038659754644,6.280434021193306,11
2025,10,15,15,2,21.3,43.1,31.0,1018.9,2.3,0.0,0,8.0,0,2,0,4.361,14,5,10.765352955566737,6.279857838315837,11
2025,10,15,18,5,21.3,43.1,31.0,1018.9,2.3,0.0,0,7.0,0,2,0,4.361,14,5,10.727706341832892,6.2799204283782935,11
2025,10,15,19,3,21.3,43.1,31.0,1018.9,2.3,0.0,0,15.0,0,2,0,4.361,14,5,10.499999999956842,6.285686029439382,10
2025,10,15,21,5,21.3,43.1,31.0,1018.9,2.3,0.0,0,3.0,0,2,0,4.361,14,5,10.727706372121306,6.27992042852921,11
2025,10,15,23,6,21.3,43.1,31.0,1018.9,2.3,0.0,0,1.0,0,2,0,4.361,14,5,10.379641045420486,6.2802905111320495,10
2025,10,15,24,9,21.3,43.1,31.0,1018.9,2.3,0.0,0,17.0,0,2,0,4.361,14,5,10.169283398322964,6.280662413440425,10
2025,10,15,26,1,21.3,43.1,31.0,1018.9,2.3,0.0,0,18.0,0,2,0,4.361,14,5,10.798168857714824,6.279915720945974,11
2025,10,15,27,8,21.3,43.1,31.0,1018.9,2.3,0.0,0,11.0,0,2,0,4.361,14,5,10.728062981072421,6.281324619995338,11
2025,10,15,28,8,21.3,43.1,31.0,1018.9,2.3,0.0,0,2.0,0,2,0,4.361,14,5,10.156919488795948,6.280662413379541,10
2025,11,2,0,9,27.8,47.2,34.0,945.3,1.3,0.0,0,12.0,1,0,1,4.318,10,65,14.154001294853735,3.076632874474648,14
2025,11,2,1,1,27.8,47.2,34.0,945.3,1.3,0.0,0,11.0,1,0,1,4.318,10,65,17.345090214064818,3.0449749441641134,17
2025,11,2,2,6,27.8,47.2,34.0,945.3,1.3,0.0,0,9.0,1,0,1,4.318,10,65,5.215175553551421,4.134423562172238,5
2025,11,2,3,3,27.8,47.2,34.0,945.3,1.3,0.0,0,15.0,1,0,1,4.318,10,65,9.604370682288222,3.0650977729662894,10
2025,11,2,4,4,27.8,47.2,34.0,945.3,1.3,0.0,0,8.0,1,0,1,4.318,10,65,15.336597725219518,3.065545161286914,15
2025,11,2,6,0,27.8,47.2,34.0,945.3,1.3,0.0,0,14.0,1,0,1,4.318,10,65,9.604371293977358,3.0650977515165794,10
2025,11,2,9,0,27.8,47.2,34.0,945.3,1.3,0.0,0,10.0,1,0,1,4.318,10,65,10.520238284576955,3.1108698322035586,11
2025,11,2,10,7,27.8,47.2,34.0,945.3,1.3,0.0,0,13.0,1,0,1,4.318,10,65,10.432110457440292,3.112226402568267,10
2025,11,2,11,2,27.8,47.2,34.0,945.3,1.3,0.0,0,4.0,1,0,1,4.318,10,65,6.530190666941412,4.792461778082884,7
2025,11,2,12,4,27.8,47.2,34.0,945.3,1.3,0.0,0,20.0,1,0,1,4.318,10,65,15.12675927073466,3.4519157912422815,15
2025,11,2,14,7,27.8,47.2,34.0,945.3,1.3,0.0,0,6.0,1,0,1,4.318,10,65,10.432110457440292,3.112226402568267,10
2025,11,2,15,2,27.8,47.2,34.0,945.3,1.3,0.0,0,2.0,1,0,1,4.318,10,65,5.04342195564621,3.0382579897504907,5
2025,11,2,18,5,27.8,47.2,34.0,945.3,1.3,0.0,0,1.0,1,0,1,4.318,10,65,8.39210820036555,3.0635702198400727,8
2025,11,2,19,3,27.8,47.2,34.0,945.3,1.3,0.0,0,17.0,1,0,1,4.318,10,65,8.08286724296988,3.056593017171455,8
2025,11,2,21,5,27.8,47.2,34.0,945.3,1.3,0.0,0,3.0,1,0,1,4.318,10,65,7.843077513525923,3.562066137400836,8
2025,11,2,23,6,27.8,47.2,34.0,945.3,1.3,0.0,0,5.0,1,0,1,4.318,10,65,3.3640381657875382,3.0722603433492766,3
2025,11,2,24,9,27.8,47.2,34.0,945.3,1.3,0.0,0,19.0,1,0,1,4.318,10,65,18.122576125636016,3.0766330460400955,18
2025,11,2,26,1,27.8,47.2,34.0,945.3,1.3,0.0,0,16.0,1,0,1,4.318,10,65,17.345101192406364,3.044974235193489,17
2025,11,2,27,8,27.8,47.2,34.0,945.3,1.3,0.0,0,18.0,1,0,1,4.318,10,65,10.499074301417867,5.933551606366792,10
2025,11,2,28,8,27.8,47.2,34.0,945.3,1.3,0.0,0,7.0,1,0,1,4.318,10,65,2.249546450358265,3.079413612500613,2
2025,12,6,0,9,19.9,27.4,76.0,994.9,4.0,0.0,0,14.0,1,0,0,5.891,18,25,9.760475357193634,3.650817283143266,10
2025,12,6,1,1,19.9,27.4,76.0,994.9,4.0,0.0,0,9.0,1,0,0,5.891,18,25,10.406321811761678,3.6508513826020703,10
2025,12,6,2,6,19.9,27.4,76.0,994.9,4.0,0.0,0,7.0,1,0,0,5.891,18,25,2.5262920576604646,3.49429945638733,3
2025,12,6,3,3,19.9,27.4,76.0,994.9,4.0,0.0,0,8.0,1,0,0,5.891,18,25,13.778999365732693,3.5653856086168645,14
2025,12,6,4,4,19.9,27.4,76.0,994.9,4.0,0.0,0,17.0,1,0,0,5.891,18,25,11.973431741964282,3.3635624286632937,12
2025,12,6,6,0,19.9,27.4,76.0,994.9,4.0,0.0,0,20.0,1,0,0,5.891,18,25,19.007150378449992,3.4943793617854517,19
2025,12,6,9,0,19.9,27.4,76.0,994.9,4.0,0.0,0,10.0,1,0,0,5.891,18,25,19.00715318156861,3.49437937061879,19
2025,12,6,10,7,19.9,27.4,76.0,994.9,4.0,0.0,0,13.0,1,0,0,5.891,18,25,11.973421788171809,3.363563839597345,12
2025,12,6,11,2,19.9,27.4,76.0,994.9,4.0,0.0,0,5.0,1,0,0,5.891,18,25,10.631456316958701,3.5090073518694056,11
2025,12,6,12,4,19.9,27.4,76.0,994.9,4.0,0.0,0,19.0,1,0,0,5.891,18,25,7.5649447112021235,4.796467768389398,8
2025,12,6,14,7,19.9,27.4,76.0,994.9,4.0,0.0,0,16.0,1,0,0,5.891,18,25,11.973421788171809,3.363563839597345,12
2025,12,6,15,2,19.9,27.4,76.0,994.9,4.0,0.0,0,6.0,1,0,0,5.891,18,25,11.204824715902287,3.5089915072088926,11
2025,12,6,18,5,19.9,27.4,76.0,994.9,4.0,0.0,0,3.0,1,0,0,5.891,18,25,6.563299564060797,3.4943790820841363,7
2025,12,6,19,3,19.9,27.4,76.0,994.9,4.0,0.0,0,15.0,1,0,0,5.891,18,25,13.77899903680435,3.56538624805564,14
2025,12,6,21,5,19.9,27.4,76.0,994.9,4.0,0.0,0,2.0,1,0,0,5.891,18,25,6.5633069987532675,3.49437908775587,7
2025,12,6,23,6,19.9,27.4,76.0,994.9,4.0,0.0,0,4.0,1,0,0,5.891,18,25,2.526272251198508,3.4942994561061504,3
2025,12,6,24,9,19.9,27.4,76.0,994.9,4.0,0.0,0,11.0,1,0,0,5.891,18,25,11.897649058386486,3.379250732444615,12
2025,12,6,26,1,19.9,27.4,76.0,994.9,4.0,0.0,0,18.0,1,0,0,5.891,18,25,7.774810053667791,3.6479421588540686,8
2025,12,6,27,8,19.9,27.4,76.0,994.9,4.0,0.0,0,12.0,1,0,0,5.891,18,25,10.416666680611748,5.664813364518059,10
2025,12,6,28,8,19.9,27.4,76.0,994.9,4.0,0.0,0,1.0,1,0,0,5.891,18,25,6.917089571237669,3.650817283143266,7
2025,13,5,0,9,22.6,37.3,55.0,967.8,1.3,0.0,0,5.0,1,0,1,7.004,19,100,10.625856126744985,6.047778491623319,11
2025,13,5,1,1,22.6,37.3,55.0,967.8,1.3,0.0,0,19.0,1,0,1,7.004,19,100,10.476092702150483,6.0476020294731985,10
2025,13,5,2,6,22.6,37.3,55.0,967.8,1.3,0.0,0,18.0,1,0,1,7.004,19,100,10.468464805057915,6.047598424105039,10
2025,13,5,3,3,22.6,37.3,55.0,967.8,1.3,0.0,0,12.0,1,0,1,7.004,19,100,10.499895766252532,6.047709062089045,10
2025,13,5,4,4,22.6,37.3,55.0,967.8,1.3,0.0,0,10.0,1,0,1,7.004,19,100,10.507229994667464,6.047690411408848,11
2025,13,5,6,0,22.6,37.3,55.0,967.8,1.3,0.0,0,17.0,1,0,1,7.004,19,100,10.586815529635617,6.047806256367553,11
2025,13,5,9,0,22.6,37.3,55.0,967.8,1.3,0.0,0,13.0,1,0,1,7.004,19,100,10.562050084970199,6.047805846427538,11
2025,13,5,10,7,22.6,37.3,55.0,967.8,1.3,0.0,0,8.0,1,0,1,7.004,19,100,10.6585760269855,6.04787003535693,11
2025,13,5,11,2,22.6,37.3,55.0,967.8,1.3,0.0,0,16.0,1,0,1,7.004,19,100,10.400147967510044,6.047790547774925,10
2025,13,5,12,4,22.6,37.3,55.0,967.8,1.3,0.0,0,14.0,1,0,1,7.004,19,100,10.547075535223886,6.048261276309188,11
2025,13,5,14,7,22.6,37.3,55.0,967.8,1.3,0.0,0,9.0,1,0,1,7.004,19,100,10.6585760269855,6.04787003535693,11
2025,13,5,15,2,22.6,37.3,55.0,967.8,1.3,0.0,0,3.0,1,0,1,7.004,19,100,10.396532048244193,6.047775854498667,10
2025,13,5,18,5,22.6,37.3,55.0,967.8,1.3,0.0,0,1.0,1,0,1,7.004,19,100,10.471233018345155,6.047592494746012,10
2025,13,5,19,3,22.6,37.3,55.0,967.8,1.3,0.0,0,11.0,1,0,1,7.004,19,100,10.499911271139528,6.047711295649598,10
2025,13,5,21,5,22.6,37.3,55.0,967.8,1.3,0.0,0,2.0,1,0,1,7.004,19,100,10.47123301421435,6.047592494746007,10
2025,13,5,23,6,22.6,37.3,55.0,967.8,1.3,0.0,0,6.0,1,0,1,7.004,19,100,10.477089782909225,6.047614294177067,10
2025,13,5,24,9,22.6,37.3,55.0,967.8,1.3,0.0,0,15.0,1,0,1,7.004,19,100,10.600782069639267,6.047783381255815,11
2025,13,5,26,1,22.6,37.3,55.0,967.8,1.3,0.0,0,20.0,1,0,1,7.004,19,100,10.447913165888428,6.047710322428857,10
2025,13,5,27,8,22.6,37.3,55.0,967.8,1.3,0.0,0,7.0,1,0,1,7.004,19,100,10.5,6.048466558758311,10
2025,13,5,28,8,22.6,37.3,55.0,967.8,1.3,0.0,0,4.0,1,0,1,7.004,19,100,10.415321004899022,6.047848062433986,10
2025,14,17,0,9,28.3,41.0,36.0,983.4,1.9,0.0,0,20.0,1,1,2,4.381,14,35,13.001921754054088,5.867298287353328,13
2025,14,17,1,1,28.3,41.0,36.0,983.4,1.9,0.0,0,5.0,1,1,2,4.381,14,35,10.259857019628226,5.855264405320783,10
2025,14,17,2,6,28.3,41.0,36.0,983.4,1.9,0.0,0,15.0,1,1,2,4.381,14,35,10.500007721414741,6.249131187591398,11
2025,14,17,3,3,28.3,41.0,36.0,983.4,1.9,0.0,0,11.0,1,1,2,4.381,14,35,10.661869692611171,5.859534774919858,11
2025,14,17,4,4,28.3,41.0,36.0,983.4,1.9,0.0,0,7.0,1,1,2,4.381,14,35,9.632406720649858,5.851820420401324,10
2025,14,17,6,0,28.3,41.0,36.0,983.4,1.9,0.0,0,14.0,1,1,2,4.381,14,35,10.966976055741725,5.870165173123197,11
2025,14,17,9,0,28.3,41.0,36.0,983.4,1.9,0.0,0,17.0,1,1,2,4.381,14,35,11.539855740469823,5.870670593269247,12
2025,14,17,10,7,28.3,41.0,36.0,983.4,1.9,0.0,0,10.0,1,1,2,4.381,14,35,12.777718367746228,5.8654073957991075,13
2025,14,17,11,2,28.3,41.0,36.0,983.4,1.9,0.0,0,12.0,1,1,2,4.381,14,35,10.5,6.249131187602494,10
2025,14,17,12,4,28.3,41.0,36.0,983.4,1.9,0.0,0,19.0,1,1,2,4.381,14,35,9.634652690693585,5.852045404760089,10
2025,14,17,14,7,28.3,41.0,36.0,983.4,1.9,0.0,0,9.0,1,1,2,4.381,14,35,12.777718367746228,5.8654073957991075,13
2025,14,17,15,2,28.3,41.0,36.0,983.4,1.9,0.0,0,1.0,1,1,2,4.381,14,35,8.930422883452184,5.867637581379139,9
2025,14,17,18,5,28.3,41.0,36.0,983.4,1.9,0.0,0,3.0,1,1,2,4.381,14,35,7.960603464668859,5.870569586418151,8
2025,14,17,19,3,28.3,41.0,36.0,983.4,1.9,0.0,0,18.0,1,1,2,4.381,14,35,10.662305223455103,5.861860481938519,11
2025,14,17,21,5,28.3,41.0,36.0,983.4,1.9,0.0,0,2.0,1,1,2,4.381,14,35,8.037036044946472,5.870621873616567,8
2025,14,17,23,6,28.3,41.0,36.0,983.4,1.9,0.0,0,4.0,1,1,2,4.381,14,35,12.317153926201478,5.872752220951047,12
2025,14,17,24,9,28.3,41.0,36.0,983.4,1.9,0.0,0,13.0,1,1,2,4.381,14,35,12.864713356528934,5.914538139826953,13
2025,14,17,26,1,28.3,41.0,36.0,983.4,1.9,0.0,0,6.0,1,1,2,4.381,14,35,11.61890971656331,5.862014063655455,12
2025,14,17,27,8,28.3,41.0,36.0,983.4,1.9,0.0,0,16.0,1,1,2,4.381,14,35,9.632404571021175,5.851820496254571,10
2025,14,17,28,8,28.3,41.0,36.0,983.4,1.9,0.0,0,8.0,1,1,2,4.381,14,35,8.900707663122613,5.85629442921061,9
2025,15,8,0,9,20.6,34.2,64.0,1006.1,4.0,0.0,0,15.0,1,2,2,4.259,14,30,9.237908630277339,2.021473386406677,9
2025,15,8,1,1,20.6,34.2,64.0,1006.1,4.0,0.0,0,10.0,1,2,2,4.259,14,30,7.333386107316404,2.0221101863613153,7
2025,15,8,2,6,20.6,34.2,64.0,1006.1,4.0,0.0,0,11.0,1,2,2,4.259,14,30,10.186440677966102,5.972706390110368,10
2025,15,8,3,3,20.6,34.2,64.0,1006.1,4.0,0.0,0,19.0,1,2,2,4.259,14,30,14.458894011564944,1.883744807498798,14
2025,15,8,4,4,20.6,34.2,64.0,1006.1,4.0,0.0,0,13.0,1,2,2,4.259,14,30,17.277641832093543,1.8896854510793895,17
2025,15,8,6,0,20.6,34.2,64.0,1006.1,4.0,0.0,0,16.0,1,2,2,4.259,14,30,9.287951754707187,1.8666665769651964,9
2025,15,8,9,0,20.6,34.2,64.0,1006.1,4.0,0.0,0,14.0,1,2,2,4.259,14,30,9.287951868714767,1.866666592266161,9
2025,15,8,10,7,20.6,34.2,64.0,1006.1,4.0,0.0,0,4.0,1,2,2,4.259,14,30,11.275735742229653,1.9454895771228993,11
2025,15,8,11,2,20.6,34.2,64.0,1006.1,4.0,0.0,0,7.0,1,2,2,4.259,14,30,10.186440677966102,5.972706390110368,10
2025,15,8,12,4,20.6,34.2,64.0,1006.1,4.0,0.0,0,17.0,1,2,2,4.259,14,30,17.27764108443848,1.8896872422131326,17
2025,15,8,14,7,20.6,34.2,64.0,1006.1,4.0,0.0,0,8.0,1,2,2,4.259,14,30,17.5767816433562,2.7468954295125267,18
2025,15,8,15,2,20.6,34.2,64.0,1006.1,4.0,0.0,0,6.0,1,2,2,4.259,14,30,7.216392033363268,1.889602277879095,7
2025,15,8,18,5,20.6,34.2,64.0,1006.1,4.0,0.0,0,2.0,1,2,2,4.259,14,30,1.761205950944852,2.0037288318819226,2
2025,15,8,19,3,20.6,34.2,64.0,1006.1,4.0,0.0,0,18.0,1,2,2,4.259,14,30,13.618399866959617,4.845525078208347,14
2025,15,8,21,5,20.6,34.2,64.0,1006.1,4.0,0.0,0,1.0,1,2,2,4.259,14,30,4.576009393649456,2.068646630444491,5
2025,15,8,23,6,20.6,34.2,64.0,1006.1,4.0,0.0,0,5.0,1,2,2,4.259,14,30,3.9979781819755997,2.0221100329353994,4
2025,15,8,24,9,20.6,34.2,64.0,1006.1,4.0,0.0,0,9.0,1,2,2,4.259,14,30,13.577052242018615,3.4303450624353937,14
2025,15,8,26,1,20.6,34.2,64.0,1006.1,4.0,0.0,0,20.0,1,2,2,4.259,14,30,9.287933250170754,1.866666499878592,9
2025,15,8,27,8,20.6,34.2,64.0,1006.1,4.0,0.0,0,12.0,1,2,2,4.259,14,30,5.4299428220222525,1.9954610193078879,5
2025,15,8,28,8,20.6,34.2,64.0,1006.1,4.0,0.0,0,3.0,1,2,2,4.259,14,30,1.5133872955505403,1.99541919543249,2
2025,16,12,0,9,26.6,42.45,36.0,998.6,1.5,0.0,0,14.0,1,0,1,5.793,11,7,7.224776900267166,2.8838992608594207,7
2025,16,12,1,1,26.6,42.45,36.0,998.6,1.5,0.0,0,9.0,1,0,1,5.793,11,7,10.304105170644421,2.883899261366911,10
2025,16,12,2,6,26.6,42.45,36.0,998.6,1.5,0.0,0,7.0,1,0,1,5.793,11,7,6.868974530100466,2.901113434397108,7
2025,16,12,3,3,26.6,42.45,36.0,998.6,1.5,0.0,0,11.0,1,0,1,5.793,11,7,17.271444506810816,2.776598051994048,17
2025,16,12,4,4,26.6,42.45,36.0,998.6,1.5,0.0,0,8.0,1,0,1,5.793,11,7,14.579402968681816,2.7960195027368977,15
2025,16,12,6,0,26.6,42.45,36.0,998.6,1.5,0.0,0,18.0,1,0,1,5.793,11,7,14.46670858742393,2.760259942081611,14
2025,16,12,9,0,26.6,42.45,36.0,998.6,1.5,0.0,0,19.0,1,0,1,5.793,11,7,14.466708350915809,2.7602599066438267,14
2025,16,12,10,7,26.6,42.45,36.0,998.6,1.5,0.0,0,16.0,1,0,1,5.793,11,7,12.67934939765927,2.831900665326284,13
2025,16,12,11,2,26.6,42.45,36.0,998.6,1.5,0.0,0,5.0,1,0,1,5.793,11,7,3.2254709146633633,2.884573044210564,3
2025,16,12,12,4,26.6,42.45,36.0,998.6,1.5,0.0,0,12.0,1,0,1,5.793,11,7,13.225225639657705,4.50985048422465,13
2025,16,12,14,7,26.6,42.45,36.0,998.6,1.5,0.0,0,20.0,1,0,1,5.793,11,7,11.755410258051107,3.019046053572189,12
2025,16,12,15,2,26.6,42.45,36.0,998.6,1.5,0.0,0,4.0,1,0,1,5.793,11,7,3.1113301025138655,2.760705676474457,3
2025,16,12,18,5,26.6,42.45,36.0,998.6,1.5,0.0,0,2.0,1,0,1,5.793,11,7,6.759745722836227,2.7607126990148276,7
2025,16,12,19,3,26.6,42.45,36.0,998.6,1.5,0.0,0,15.0,1,0,1,5.793,11,7,17.271444249627145,2.7765983627903523,17
2025,16,12,21,5,26.6,42.45,36.0,998.6,1.5,0.0,0,3.0,1,0,1,5.793,11,7,6.7597286357645245,2.760712735285496,7
2025,16,12,23,6,26.6,42.45,36.0,998.6,1.5,0.0,0,6.0,1,0,1,5.793,11,7,4.8831920926090815,2.7820820785928135,5
2025,16,12,24,9,26.6,42.45,36.0,998.6,1.5,0.0,0,13.0,1,0,1,5.793,11,7,14.854267358027872,2.781624759322953,15
2025,16,12,26,1,26.6,42.45,36.0,998.6,1.5,0.0,0,17.0,1,0,1,5.793,11,7,18.119656677235852,2.7825383890031414,18
2025,16,12,27,8,26.6,42.45,36.0,998.6,1.5,0.0,0,10.0,1,0,1,5.793,11,7,10.500000000000977,5.51638146806716,11
2025,16,12,28,8,26.6,42.45,36.0,998.6,1.5,0.0,0,1.0,1,0,1,5.793,11,7,3.845519391505767,2.7780227270353572,4
2025,17,3,0,9,20.8,26.7,60.0,1013.6,2.1,0.0,0,19.0,2,0,1,6.003,20,15,10.25,6.362819554560273,10
2025,17,3,1,1,20.8,26.7,60.0,1013.6,2.1,0.0,0,11.0,2,0,1,6.003,20,15,10.25,6.362819554560273,10
2025,17,3,2,6,20.8,26.7,60.0,1013.6,2.1,0.0,0,4.0,2,0,1,6.003,20,15,10.25,6.362819554560273,10
2025,17,3,3,3,20.8,26.7,60.0,1013.6,2.1,0.0,0,15.0,2,0,1,6.003,20,15,10.25,6.362819554560273,10
2025,17,3,4,4,20.8,26.7,60.0,1013.6,2.1,0.0,0,13.0,2,0,1,6.003,20,15,10.25,6.362819554560273,10
2025,17,3,6,0,20.8,26.7,60.0,1013.6,2.1,0.0,0,16.0,2,0,1,6.003,20,15,10.25,6.362819554560273,10
2025,17,3,9,0,20.8,26.7,60.0,1013.6,2.1,0.0,0,18.0,2,0,1,6.003,20,15,10.25,6.362819554560273,10
2025,17,3,10,7,20.8,26.7,60.0,1013.6,2.1,0.0,0,8.0,2,0,1,6.003,20,15,10.25,6.362819554560273,10
2025,17,3,11,2,20.8,26.7,60.0,1013.6,2.1,0.0,0,12.0,2,0,1,6.003,20,15,10.25,6.362819554560273,10
2025,17,3,12,4,20.8,26.7,60.0,1013.6,2.1,0.0,0,17.0,2,0,1,6.003,20,15,10.25,6.362819554560273,10
2025,17,3,14,7,20.8,26.7,60.0,1013.6,2.1,0.0,0,3.0,2,0,1,6.003,20,15,10.25,6.362819554560273,10
2025,17,3,15,2,20.8,26.7,60.0,1013.6,2.1,0.0,0,10.0,2,0,1,6.003,20,15,10.25,6.362819554560273,10
2025,17,3,18,5,20.8,26.7,60.0,1013.6,2.1,0.0,0,7.0,2,0,1,6.003,20,15,10.25,6.362819554560273,10
2025,17,3,19,3,20.8,26.7,60.0,1013.6,2.1,0.0,0,20.0,2,0,1,6.003,20,15,10.25,6.362819554560273,10
2025,17,3,21,5,20.8,26.7,60.0,1013.6,2.1,0.0,0,9.0,2,0,1,6.003,20,15,10.25,6.362819554560273,10
2025,17,3,23,6,20.8,26.7,60.0,1013.6,2.1,0.0,0,5.0,2,0,1,6.003,20,15,10.25,6.362819554560273,10
2025,17,3,24,9,20.8,26.7,60.0,1013.6,2.1,0.0,0,2.0,2,0,1,6.003,20,15,10.25,6.362819554560273,10
2025,17,3,26,1,20.8,26.7,60.0,1013.6,2.1,0.0,0,14.0,2,0,1,6.003,20,15,10.25,6.362819554560273,10
2025,17,3,27,8,20.8,26.7,60.0,1013.6,2.1,0.0,0,6.0,2,0,1,6.003,20,15,10.25,6.362819554560273,10
2025,17,3,28,8,20.8,26.7,60.0,1013.6,2.1,0.0,0,1.0,2,0,1,6.003,20,15,10.25,6.362819554560273,10
2025,18,23,0,9,29.8,34.849999999999994,69.0,1011.4,1.65,0.0,0,19.0,2,1,2,4.94,19,5,10.958545000429663,5.781004775494891,11
2025,18,23,1,1,29.8,34.849999999999994,69.0,1011.4,1.65,0.0,0,10.0,2,1,2,4.94,19,5,10.003953045132198,5.7847891255405015,10
2025,18,23,2,6,29.8,34.849999999999994,69.0,1011.4,1.65,0.0,0,4.0,2,1,2,4.94,19,5,10.499843070566243,5.846442807492759,10
2025,18,23,3,3,29.8,34.849999999999994,69.0,1011.4,1.65,0.0,0,9.0,2,1,2,4.94,19,5,10.62395336404534,5.779344993331258,11
2025,18,23,4,4,29.8,34.849999999999994,69.0,1011.4,1.65,0.0,0,14.0,2,1,2,4.94,19,5,11.501375170657505,5.782377099310899,12
2025,18,23,6,0,29.8,34.849999999999994,69.0,1011.4,1.65,0.0,0,16.0,2,1,2,4.94,19,5,10.33210647844234,5.781747045664736,10
2025,18,23,9,0,29.8,34.849999999999994,69.0,1011.4,1.65,0.0,0,18.0,2,1,2,4.94,19,5,10.340194052065668,5.781638595249157,10
2025,18,23,10,7,29.8,34.849999999999994,69.0,1011.4,1.65,0.0,0,8.0,2,1,2,4.94,19,5,10.690315522679452,5.775584743519576,11
2025,18,23,11,2,29.8,34.849999999999994,69.0,1011.4,1.65,0.0,0,6.0,2,1,2,4.94,19,5,10.499999481999216,5.846442941399343,10
2025,18,23,12,4,29.8,34.849999999999994,69.0,1011.4,1.65,0.0,0,11.0,2,1,2,4.94,19,5,11.42761230253368,5.792138010789978,11
2025,18,23,14,7,29.8,34.849999999999994,69.0,1011.4,1.65,0.0,0,12.0,2,1,2,4.94,19,5,10.66607812401582,5.775765826037572,11
2025,18,23,15,2,29.8,34.849999999999994,69.0,1011.4,1.65,0.0,0,7.0,2,1,2,4.94,19,5,9.469733891383573,5.7818363220969795,9
2025,18,23,18,5,29.8,34.849999999999994,69.0,1011.4,1.65,0.0,0,5.0,2,1,2,4.94,19,5,10.080244354346659,5.777916324742659,10
2025,18,23,19,3,29.8,34.849999999999994,69.0,1011.4,1.65,0.0,0,17.0,2,1,2,4.94,19,5,10.612195003430685,5.7872664013913635,11
2025,18,23,21,5,29.8,34.849999999999994,69.0,1011.4,1.65,0.0,0,3.0,2,1,2,4.94,19,5,11.204719502773528,5.778017275981535,11
2025,18,23,23,6,29.8,34.849999999999994,69.0,1011.4,1.65,0.0,0,1.0,2,1,2,4.94,19,5,9.145027938617705,5.782876594647929,9
2025,18,23,24,9,29.8,34.849999999999994,69.0,1011.4,1.65,0.0,0,20.0,2,1,2,4.94,19,5,10.975765550656023,5.783665987384555,11
2025,18,23,26,1,29.8,34.849999999999994,69.0,1011.4,1.65,0.0,0,15.0,2,1,2,4.94,19,5,11.947085203545267,5.782876594647929,12
2025,18,23,27,8,29.8,34.849999999999994,69.0,1011.4,1.65,0.0,0,13.0,2,1,2,4.94,19,5,11.040710861161099,5.777512726144414,11
2025,18,23,28,8,29.8,34.849999999999994,69.0,1011.4,1.65,0.0,0,2.0,2,1,2,4.94,19,5,10.690316069640819,5.775584749407599,11
2025,19,24,0,9,34.0,45.7,36.0,989.4,1.8,0.0,0,19.0,1,2,0,5.513,20,41,16.099529478632185,4.430202882481562,16
2025,19,24,1,1,34.0,45.7,36.0,989.4,1.8,0.0,0,10.0,1,2,0,5.513,20,41,14.24065297610368,4.4346002042776185,14
2025,19,24,2,6,34.0,45.7,36.0,989.4,1.8,0.0,0,7.0,1,2,0,5.513,20,41,8.552251536073296,5.7727356711064,9
2025,19,24,3,3,34.0,45.7,36.0,989.4,1.8,0.0,0,8.0,1,2,0,5.513,20,41,13.591012159941817,4.430287108616452,14
2025,19,24,4,4,34.0,45.7,36.0,989.4,1.8,0.0,0,16.0,1,2,0,5.513,20,41,13.187354590765839,4.464648483812287,13
2025,19,24,6,0,34.0,45.7,36.0,989.4,1.8,0.0,0,15.0,1,2,0,5.513,20,41,9.18814837854232,4.50546348620038,9
2025,19,24,9,0,34.0,45.7,36.0,989.4,1.8,0.0,0,14.0,1,2,0,5.513,20,41,7.752206613527466,4.431340991034048,8
2025,19,24,11,2,34.0,45.7,36.0,989.4,1.8,0.0,0,5.0,1,2,0,5.513,20,41,8.796474048721034,5.882117196976746,9
2025,19,24,12,4,34.0,45.7,36.0,989.4,1.8,0.0,0,11.0,1,2,0,5.513,20,41,13.18735457678259,4.4646485031617535,13
2025,19,24,14,7,34.0,45.7,36.0,989.4,1.8,0.0,0,12.0,1,2,0,5.513,20,41,12.386302005791354,4.909438924354671,12
2025,19,24,15,2,34.0,45.7,36.0,989.4,1.8,0.0,0,3.0,1,2,0,5.513,20,41,4.201899415114834,4.430831318838491,4
2025,19,24,18,5,34.0,45.7,36.0,989.4,1.8,0.0,0,2.0,1,2,0,5.513,20,41,3.9149773935926486,4.431675746631619,4
2025,19,24,19,3,34.0,45.7,36.0,989.4,1.8,0.0,0,17.0,1,2,0,5.513,20,41,12.790448822037666,4.689890327520523,13
2025,19,24,21,5,34.0,45.7,36.0,989.4,1.8,0.0,0,6.0,1,2,0,5.513,20,41,9.24931357846601,4.43570536612517,9
2025,19,24,23,6,34.0,45.7,36.0,989.4,1.8,0.0,0,4.0,1,2,0,5.513,20,41,6.634133347592366,4.431735605731601,7
2025,19,24,24,9,34.0,45.7,36.0,989.4,1.8,0.0,0,9.0,1,2,0,5.513,20,41,16.585972403868656,4.4709666646036474,17
2025,19,24,26,1,34.0,45.7,36.0,989.4,1.8,0.0,0,18.0,1,2,0,5.513,20,41,16.405215557806898,4.431623794473036,16
2025,19,24,27,8,34.0,45.7,36.0,989.4,1.8,0.0,0,13.0,1,2,0,5.513,20,41,9.781500386893724,4.447676615496313,10
2025,19,24,28,8,34.0,45.7,36.0,989.4,1.8,0.0,0,1.0,1,2,0,5.513,20,41,6.732789548192075,4.43163231036479,7
2025,20,10,0,9,26.2,45.9,27.0,780.5,2.0,0.0,0,17.0,1,2,0,4.304,17,8,10.655387363910991,6.200786187203411,11
2025,20,10,1,1,26.2,45.9,27.0,780.5,2.0,0.0,0,14.0,1,2,0,4.304,17,8,10.590974621834432,6.200645160666602,11
2025,20,10,2,6,26.2,45.9,27.0,780.5,2.0,0.0,0,6.0,1,2,0,4.304,17,8,10.384994352289343,6.20099396851876,10
2025,20,10,3,3,26.2,45.9,27.0,780.5,2.0,0.0,0,10.0,1,2,0,4.304,17,8,10.621470401716333,6.200584482976838,11
2025,20,10,4,4,26.2,45.9,27.0,780.5,2.0,0.0,0,16.0,1,2,0,4.304,17,8,10.522862414827326,6.2008380976227135,11
2025,20,10,6,0,26.2,45.9,27.0,780.5,2.0,0.0,0,20.0,1,2,0,4.304,17,8,10.50000000000001,6.204680428864223,11
2025,20,10,9,0,26.2,45.9,27.0,780.5,2.0,0.0,0,18.0,1,2,0,4.304,17,8,10.546305189217996,6.200640455076406,11
2025,20,10,10,7,26.2,45.9,27.0,780.5,2.0,0.0,0,9.0,1,2,0,4.304,17,8,10.606086920686167,6.200560135147213,11
2025,20,10,11,2,26.2,45.9,27.0,780.5,2.0,0.0,0,3.0,1,2,0,4.304,17,8,10.14529076044332,6.200958607568238,10
2025,20,10,12,4,26.2,45.9,27.0,780.5,2.0,0.0,0,13.0,1,2,0,4.304,17,8,10.521492355737738,6.201542448192522,11
2025,20,10,14,7,26.2,45.9,27.0,780.5,2.0,0.0,0,15.0,1,2,0,4.304,17,8,10.606087887004637,6.200560148239287,11
2025,20,10,15,2,26.2,45.9,27.0,780.5,2.0,0.0,0,2.0,1,2,0,4.304,17,8,10.145292087960046,6.200958542747029,10
2025,20,10,18,5,26.2,45.9,27.0,780.5,2.0,0.0,0,1.0,1,2,0,4.304,17,8,10.776652588470824,6.201030019448523,11
2025,20,10,19,3,26.2,45.9,27.0,780.5,2.0,0.0,0,12.0,1,2,0,4.304,17,8,10.718723776856732,6.201744621178322,11
2025,20,10,21,5,26.2,45.9,27.0,780.5,2.0,0.0,0,8.0,1,2,0,4.304,17,8,10.412839948446345,6.201058664844748,10
2025,20,10,23,6,26.2,45.9,27.0,780.5,2.0,0.0,0,4.0,1,2,0,4.304,17,8,10.384994571685727,6.200993968518752,10
2025,20,10,24,9,26.2,45.9,27.0,780.5,2.0,0.0,0,7.0,1,2,0,4.304,17,8,10.652933871505766,6.2009243197096335,11
2025,20,10,26,1,26.2,45.9,27.0,780.5,2.0,0.0,0,19.0,1,2,0,4.304,17,8,10.648747518987758,6.200595629991332,11
2025,20,10,27,8,26.2,45.9,27.0,780.5,2.0,0.0,0,11.0,1,2,0,4.304,17,8,10.491172705089213,6.204658428034711,10
2025,20,10,28,8,26.2,45.9,27.0,780.5,2.0,0.0,0,5.0,1,2,0,4.304,17,8,10.228286771655512,6.201030019448523,10
2025,21,16,0,9,26.0,39.6,56.0,918.4,1.4,0.0,0,12.0,1,2,0,4.309,15,43,12.486368696296454,4.948183781877058,12
2025,21,16,1,1,26.0,39.6,56.0,918.4,1.4,0.0,0,11.0,1,2,0,4.309,15,43,6.956004809395985,4.945223293783815,7
2025,21,16,2,6,26.0,39.6,56.0,918.4,1.4,0.0,0,2.0,1,2,0,4.309,15,43,8.407270452714295,4.937976343380548,8
2025,21,16,3,3,26.0,39.6,56.0,918.4,1.4,0.0,0,8.0,1,2,0,4.309,15,43,11.875538054993683,5.010888091398644,12
2025,21,16,6,0,26.0,39.6,56.0,918.4,1.4,0.0,0,18.0,1,2,0,4.309,15,43,10.5,6.004677504964493,10
2025,21,16,9,0,26.0,39.6,56.0,918.4,1.4,0.0,0,9.0,1,2,0,4.309,15,43,11.896160412361334,4.947143171728215,12
2025,21,16,10,7,26.0,39.6,56.0,918.4,1.4,0.0,0,5.0,1,2,0,4.309,15,43,12.52779059002382,4.948696519463433,13
2025,21,16,11,2,26.0,39.6,56.0,918.4,1.4,0.0,0,13.0,1,2,0,4.309,15,43,8.801942261544674,4.936031466892837,9
2025,21,16,12,4,26.0,39.6,56.0,918.4,1.4,0.0,0,10.0,1,2,0,4.309,15,43,14.882459616560979,4.978558434982184,15
2025,21,16,14,7,26.0,39.6,56.0,918.4,1.4,0.0,0,7.0,1,2,0,4.309,15,43,12.648130808454875,4.999624769226079,13
2025,21,16,15,2,26.0,39.6,56.0,918.4,1.4,0.0,0,3.0,1,2,0,4.309,15,43,5.613219388457869,4.951398890473224,6
2025,21,16,18,5,26.0,39.6,56.0,918.4,1.4,0.0,0,1.0,1,2,0,4.309,15,43,7.043525591506985,4.955246050410683,7
2025,21,16,19,3,26.0,39.6,56.0,918.4,1.4,0.0,0,17.0,1,2,0,4.309,15,43,10.499999999463705,6.004677504964493,10
2025,21,16,21,5,26.0,39.6,56.0,918.4,1.4,0.0,0,4.0,1,2,0,4.309,15,43,9.864807546540124,4.955246021393105,10
2025,21,16,23,6,26.0,39.6,56.0,918.4,1.4,0.0,0,6.0,1,2,0,4.309,15,43,6.702214460707305,4.956224345728091,7
2025,21,16,24,9,26.0,39.6,56.0,918.4,1.4,0.0,0,15.0,1,2,0,4.309,15,43,14.372560535835387,5.015040141406347,14
2025,21,16,26,1,26.0,39.6,56.0,918.4,1.4,0.0,0,14.0,1,2,0,4.309,15,43,6.955991611254762,4.945223301664329,7
2025,21,16,27,8,26.0,39.6,56.0,918.4,1.4,0.0,0,19.0,1,2,0,4.309,15,43,8.845342584417095,4.9304452503163265,9
2025,21,16,28,8,26.0,39.6,56.0,918.4,1.4,0.0,0,16.0,1,2,0,4.309,15,43,5.9823279677063175,4.939572758945876,6
2025,22,19,0,9,11.7,12.6,65.0,946.0,1.6,0.0,0,16.0,2,0,1,6.201,17,3,10.5,5.143112635715186,10
2025,22,19,1,1,11.7,12.6,65.0,946.0,1.6,0.0,0,7.0,2,0,1,6.201,17,3,10.5,5.143112635715186,10
2025,22,19,2,6,11.7,12.6,65.0,946.0,1.6,0.0,0,17.0,2,0,1,6.201,17,3,10.5,5.143112635715186,10
2025,22,19,3,3,11.7,12.6,65.0,946.0,1.6,0.0,0,14.0,2,0,1,6.201,17,3,10.5,5.143112635715186,10
2025,22,19,4,4,11.7,12.6,65.0,946.0,1.6,0.0,0,18.0,2,0,1,6.201,17,3,10.5,5.143112635715186,10
2025,22,19,6,0,11.7,12.6,65.0,946.0,1.6,0.0,0,15.0,2,0,1,6.201,17,3,10.5,5.143112635715186,10
2025,22,19,9,0,11.7,12.6,65.0,946.0,1.6,0.0,0,10.0,2,0,1,6.201,17,3,10.5,5.143112635715186,10
2025,22,19,10,7,11.7,12.6,65.0,946.0,1.6,0.0,0,8.0,2,0,1,6.201,17,3,10.5,5.143112635715186,10
2025,22,19,11,2,11.7,12.6,65.0,946.0,1.6,0.0,0,20.0,2,0,1,6.201,17,3,10.5,5.143112635715186,10
2025,22,19,12,4,11.7,12.6,65.0,946.0,1.6,0.0,0,11.0,2,0,1,6.201,17,3,10.5,5.143112635715186,10
2025,22,19,14,7,11.7,12.6,65.0,946.0,1.6,0.0,0,6.0,2,0,1,6.201,17,3,10.5,5.143112635715186,10
2025,22,19,15,2,11.7,12.6,65.0,946.0,1.6,0.0,0,9.0,2,0,1,6.201,17,3,10.5,5.143112635715186,10
2025,22,19,18,5,11.7,12.6,65.0,946.0,1.6,0.0,0,1.0,2,0,1,6.201,17,3,10.5,5.143112635715186,10
2025,22,19,19,3,11.7,12.6,65.0,946.0,1.6,0.0,0,13.0,2,0,1,6.201,17,3,10.5,5.143112635715186,10
2025,22,19,21,5,11.7,12.6,65.0,946.0,1.6,0.0,0,5.0,2,0,1,6.201,17,3,10.5,5.143112635715186,10
2025,22,19,23,6,11.7,12.6,65.0,946.0,1.6,0.0,0,4.0,2,0,1,6.201,17,3,10.5,5.143112635715186,10
2025,22,19,24,9,11.7,12.6,65.0,946.0,1.6,0.0,0,3.0,2,0,1,6.201,17,3,10.5,5.143112635715186,10
2025,22,19,26,1,11.7,12.6,65.0,946.0,1.6,0.0,0,12.0,2,0,1,6.201,17,3,10.5,5.143112635715186,10
2025,22,19,27,8,11.7,12.6,65.0,946.0,1.6,0.0,0,19.0,2,0,1,6.201,17,3,10.5,5.143112635715186,10
2025,22,19,28,8,11.7,12.6,65.0,946.0,1.6,0.0,0,2.0,2,0,1,6.201,17,3,10.5,5.143112635715186,10
2025,23,21,0,9,20.5,25.6,75.0,1016.6,0.8,0.0,0,15.0,1,0,0,5.38,16,6,12.004636026810324,5.943061064539085,12
2025,23,21,1,1,20.5,25.6,75.0,1016.6,0.8,0.0,0,8.0,1,0,0,5.38,16,6,10.258072030158347,5.944834473792561,10
2025,23,21,2,6,20.5,25.6,75.0,1016.6,0.8,0.0,0,5.0,1,0,0,5.38,16,6,9.482322710066954,5.9417777516422845,9
2025,23,21,3,3,20.5,25.6,75.0,1016.6,0.8,0.0,0,13.0,1,0,0,5.38,16,6,12.212544276511892,5.945365008133652,12
2025,23,21,4,4,20.5,25.6,75.0,1016.6,0.8,0.0,0,14.0,1,0,0,5.38,16,6,11.99081184602275,5.93124733978643,12
2025,23,21,6,0,20.5,25.6,75.0,1016.6,0.8,0.0,0,20.0,1,0,0,5.38,16,6,11.99080999841074,5.931247411690158,12
2025,23,21,9,0,20.5,25.6,75.0,1016.6,0.8,0.0,0,9.0,1,0,0,5.38,16,6,11.728561224972005,5.932068546673379,12
2025,23,21,10,7,20.5,25.6,75.0,1016.6,0.8,0.0,0,6.0,1,0,0,5.38,16,6,12.08582585511649,5.931390479869022,12
2025,23,21,11,2,20.5,25.6,75.0,1016.6,0.8,0.0,0,18.0,1,0,0,5.38,16,6,9.299017830874076,5.940253666917543,9
2025,23,21,12,4,20.5,25.6,75.0,1016.6,0.8,0.0,0,11.0,1,0,0,5.38,16,6,11.984187242522587,5.933169722531117,12
2025,23,21,14,7,20.5,25.6,75.0,1016.6,0.8,0.0,0,12.0,1,0,0,5.38,16,6,12.117326509771074,5.937292351879852,12
2025,23,21,15,2,20.5,25.6,75.0,1016.6,0.8,0.0,0,10.0,1,0,0,5.38,16,6,9.182353702051877,5.938002150287131,9
2025,23,21,18,5,20.5,25.6,75.0,1016.6,0.8,0.0,0,2.0,1,0,0,5.38,16,6,8.471081519578513,5.940340159648324,8
2025,23,21,19,3,20.5,25.6,75.0,1016.6,0.8,0.0,0,17.0,1,0,0,5.38,16,6,11.709192178161128,6.036980851573128,12
2025,23,21,21,5,20.5,25.6,75.0,1016.6,0.8,0.0,0,1.0,1,0,0,5.38,16,6,8.709129624867035,5.940340159648324,9
2025,23,21,23,6,20.5,25.6,75.0,1016.6,0.8,0.0,0,4.0,1,0,0,5.38,16,6,8.931820859193913,5.941777367125238,9
2025,23,21,24,9,20.5,25.6,75.0,1016.6,0.8,0.0,0,7.0,1,0,0,5.38,16,6,12.36516780880201,5.94610074271569,12
2025,23,21,26,1,20.5,25.6,75.0,1016.6,0.8,0.0,0,19.0,1,0,0,5.38,16,6,11.309987419156128,5.944834473792561,11
2025,23,21,27,8,20.5,25.6,75.0,1016.6,0.8,0.0,0,16.0,1,0,0,5.38,16,6,10.49760543806037,6.127412885754045,10
2025,23,21,28,8,20.5,25.6,75.0,1016.6,0.8,0.0,0,3.0,1,0,0,5.38,16,6,8.485931499927581,5.944834473792561,8
2025,24,0,0,9,25.1,29.0,77.0,1017.2,1.1,0.0,0,17.0,1,2,0,5.281,16,5,10.793842949954794,5.904743182178912,11
2025,24,0,1,1,25.1,29.0,77.0,1017.2,1.1,0.0,0,6.0,1,2,0,5.281,16,5,10.41831283176024,5.904513600548668,10
2025,24,0,2,6,25.1,29.0,77.0,1017.2,1.1,0.0,0,14.0,1,2,0,5.281,16,5,10.403466416604369,5.904664319010026,10
2025,24,0,3,3,25.1,29.0,77.0,1017.2,1.1,0.0,0,11.0,1,2,0,5.281,16,5,10.448014234023601,5.904513183658094,10
2025,24,0,4,4,25.1,29.0,77.0,1017.2,1.1,0.0,0,7.0,1,2,0,5.281,16,5,10.635444884108542,5.904744735344972,11
2025,24,0,6,0,25.1,29.0,77.0,1017.2,1.1,0.0,0,20.0,1,2,0,5.281,16,5,10.449305613390147,5.904852252520234,10
2025,24,0,9,0,25.1,29.0,77.0,1017.2,1.1,0.0,0,19.0,1,2,0,5.281,16,5,10.347570739904437,5.904903235717023,10
2025,24,0,10,7,25.1,29.0,77.0,1017.2,1.1,0.0,0,9.0,1,2,0,5.281,16,5,10.447466876853092,5.904508028837521,10
2025,24,0,11,2,25.1,29.0,77.0,1017.2,1.1,0.0,0,16.0,1,2,0,5.281,16,5,10.50017868952555,5.9092975823810505,11
2025,24,0,12,4,25.1,29.0,77.0,1017.2,1.1,0.0,0,18.0,1,2,0,5.281,16,5,10.5,5.909297587124102,10
2025,24,0,14,7,25.1,29.0,77.0,1017.2,1.1,0.0,0,13.0,1,2,0,5.281,16,5,10.45655993014688,5.904523845843708,10
2025,24,0,15,2,25.1,29.0,77.0,1017.2,1.1,0.0,0,5.0,1,2,0,5.281,16,5,10.509170844773388,5.904903235716611,11
2025,24,0,18,5,25.1,29.0,77.0,1017.2,1.1,0.0,0,2.0,1,2,0,5.281,16,5,10.133597676657805,5.904865222786499,10
2025,24,0,19,3,25.1,29.0,77.0,1017.2,1.1,0.0,0,8.0,1,2,0,5.281,16,5,10.52902653056814,5.907256569570296,11
2025,24,0,21,5,25.1,29.0,77.0,1017.2,1.1,0.0,0,3.0,1,2,0,5.281,16,5,10.132941499379521,5.904864939816321,10
2025,24,0,23,6,25.1,29.0,77.0,1017.2,1.1,0.0,0,4.0,1,2,0,5.281,16,5,10.369276174120897,5.904584307081944,10
2025,24,0,24,9,25.1,29.0,77.0,1017.2,1.1,0.0,0,12.0,1,2,0,5.281,16,5,10.5,5.909297587124102,10
2025,24,0,26,1,25.1,29.0,77.0,1017.2,1.1,0.0,0,15.0,1,2,0,5.281,16,5,10.531198806923882,5.904587787719562,11
2025,24,0,27,8,25.1,29.0,77.0,1017.2,1.1,0.0,0,10.0,1,2,0,5.281,16,5,10.39754843234463,5.9046473984888035,10
2025,24,0,28,8,25.1,29.0,77.0,1017.2,1.1,0.0,0,1.0,1,2,0,5.281,16,5,10.26595646083419,5.904647372442869,10
