year,Round,Circuit,Driver,Team,AirTemp_C,TrackTemp_C,Humidity_pct,Pressure_hPa,WindSpeed_ms,Rainfall,Wet,GridPosition,IsSprintWeekend,FP3_s_Delta_pct,pred_quali_position,pred_std,pred_quali_position_int
2025,1,1,0,9,30.1,40.7,48.0,1009.4,0.7,0.0,0,6.0,0,0.0044388245676425,10.335296004049331,9.17223097856354,10
2025,1,1,1,1,30.1,40.7,48.0,1009.4,0.7,0.0,0,12.0,0,0.0177684698568247,10.343551758765345,9.172231235933648,10
2025,1,1,2,6,30.1,40.7,48.0,1009.4,0.7,0.0,0,16.0,0,0.0037539020824277,10.330746462861455,9.172231024409648,10
2025,1,1,4,4,30.1,40.7,48.0,1009.4,0.7,0.0,0,15.0,0,0.010352866795748,10.339747093829873,9.172230906743792,10
2025,1,1,8,0,30.1,40.7,48.0,1009.4,0.7,0.0,0,14.0,0,0.0141199404644299,10.3414755779476,9.172231174694584,10
2025,1,1,9,0,30.1,40.7,48.0,1009.4,0.7,0.0,0,9.0,0,0.0105109258307976,10.339931885017004,9.17223114267268,10
2025,1,1,10,7,30.1,40.7,48.0,1009.4,0.7,0.0,0,11.0,0,0.0106821564521014,10.338576340172732,9.17223089901616,10
2025,1,1,11,2,30.1,40.7,48.0,1009.4,0.7,0.0,0,8.0,0,0.0060194149181385,10.336022016561502,9.17223102796655,10
2025,1,1,12,4,30.1,40.7,48.0,1009.4,0.7,0.0,0,17.0,0,0.0161351931613123,10.342329988518657,9.172231170456767,10
2025,1,1,14,8,30.1,40.7,48.0,1009.4,0.7,0.0,0,18.0,0,0.4075288787028621,10.338983050847459,9.172237081626895,10
2025,1,1,15,2,30.1,40.7,48.0,1009.4,0.7,0.0,0,7.0,0,0.0035168135298533,10.330225585366072,9.172230914007134,10
2025,1,1,18,5,30.1,40.7,48.0,1009.4,0.7,0.0,0,1.0,0,0.0089039923077934,10.337028337011764,9.172231078504744,10
2025,1,1,19,3,30.1,40.7,48.0,1009.4,0.7,0.0,0,19.0,0,0.0191251432410004,10.33693230690533,9.172231295265457,10
2025,1,1,21,5,30.1,40.7,48.0,1009.4,0.7,0.0,0,2.0,0,0.0,10.337085053221365,9.172232179094005,10
2025,1,1,23,6,30.1,40.7,48.0,1009.4,0.7,0.0,0,4.0,0,0.000513691863911,10.32995136033748,9.17223114677804,10
2025,1,1,24,9,30.1,40.7,48.0,1009.4,0.7,0.0,0,10.0,0,0.0043597950501177,10.339042327170368,9.172230903861466,10
2025,1,1,26,1,30.1,40.7,48.0,1009.4,0.7,0.0,0,13.0,0,0.0135272190829939,10.340041334832017,9.172230891649127,10
2025,1,1,27,7,30.1,40.7,48.0,1009.4,0.7,0.0,0,5.0,0,0.0070336270597066,10.340227102231811,9.172230937018604,10
2025,1,1,28,8,30.1,40.7,48.0,1009.4,0.7,0.0,0,3.0,0,0.0010668984865845,10.32773752627928,9.17223111930643,10
2025,2,7,0,9,26.1,38.7,14.0,1015.1,2.3,0.0,0,10.0,1,0.0075950203084238,10.5,5.407070388386563,10
2025,2,7,1,1,26.1,38.7,14.0,1015.1,2.3,0.0,0,13.0,1,0.0106330284317933,10.5,5.407070388386563,10
2025,2,7,2,6,26.1,38.7,14.0,1015.1,2.3,0.0,0,8.0,1,0.0068905546566279,10.5,5.407070388386563,10
2025,2,7,3,3,26.1,38.7,14.0,1015.1,2.3,0.0,0,17.0,1,0.0124272143887108,10.5,5.407070388386563,10
2025,2,7,4,4,26.1,38.7,14.0,1015.1,2.3,0.0,0,19.0,1,0.0186022961177337,10.5,5.407070388386563,10
2025,2,7,8,0,26.1,38.7,14.0,1015.1,2.3,0.0,0,18.0,1,0.0189985580468689,10.5,5.407070388386563,10
2025,2,7,9,0,26.1,38.7,14.0,1015.1,2.3,0.0,0,16.0,1,0.019714030974474,10.5,5.407070388386563,10
2025,2,7,10,7,26.1,38.7,14.0,1015.1,2.3,0.0,0,7.0,1,0.0145516186199077,10.5,5.407070388386563,10
2025,2,7,11,2,26.1,38.7,14.0,1015.1,2.3,0.0,0,5.0,1,0.0,10.5,5.407070388386563,10
2025,2,7,12,4,26.1,38.7,14.0,1015.1,2.3,0.0,0,12.0,1,0.0200992856277999,10.5,5.407070388386563,10
2025,2,7,14,8,26.1,38.7,14.0,1015.1,2.3,0.0,0,20.0,1,0.0206936785215026,10.5,5.407070388386563,10
2025,2,7,15,2,26.1,38.7,14.0,1015.1,2.3,0.0,0,6.0,1,0.0022895133683364,10.5,5.407070388386563,10
2025,2,7,18,5,26.1,38.7,14.0,1015.1,2.3,0.0,0,3.0,1,0.0035773646380257,10.5,5.407070388386563,10
2025,2,7,19,3,26.1,38.7,14.0,1015.1,2.3,0.0,0,11.0,1,0.0198351110083764,10.5,5.407070388386563,10
2025,2,7,21,5,26.1,38.7,14.0,1015.1,2.3,0.0,0,1.0,1,0.0008805820647447,10.5,5.407070388386563,10
2025,2,7,23,6,26.1,38.7,14.0,1015.1,2.3,0.0,0,2.0,1,0.0035223282589791,10.5,5.407070388386563,10
2025,2,7,24,9,26.1,38.7,14.0,1015.1,2.3,0.0,0,15.0,1,0.0162467390945414,10.5,5.407070388386563,10
2025,2,7,26,1,26.1,38.7,14.0,1015.1,2.3,0.0,0,14.0,1,0.0098294972977137,10.5,5.407070388386563,10
2025,2,7,27,7,26.1,38.7,14.0,1015.1,2.3,0.0,0,9.0,1,0.0101707228478023,10.5,5.407070388386563,10
2025,2,7,28,8,26.1,38.7,14.0,1015.1,2.3,0.0,0,4.0,1,0.0001981309645675,10.5,5.407070388386563,10
2025,3,18,0,9,14.7,32.3,59.0,1013.3,3.0,0.0,0,9.0,0,0.0066958449383277,9.166271593002183,2.0611937745484146,9
2025,3,18,1,1,14.7,32.3,59.0,1013.3,3.0,0.0,0,13.0,0,0.0205422611265844,14.409734566115677,3.2968868415758794,14
2025,3,18,2,6,14.7,32.3,59.0,1013.3,3.0,0.0,0,6.0,0,0.0131984311942249,6.996723407598376,3.102268969386842,7
2025,3,18,3,3,14.7,32.3,59.0,1013.3,3.0,0.0,0,10.0,0,0.0240891263570738,15.922974537046201,1.9790707593772603,16
2025,3,18,4,4,14.7,32.3,59.0,1013.3,3.0,0.0,0,17.0,0,0.0246575342465753,15.314017474605325,3.654910857160893,15
2025,3,18,8,0,14.7,32.3,59.0,1013.3,3.0,0.0,0,19.0,0,0.0204854203376342,16.299927343026297,1.4453666488079258,16
2025,3,18,9,0,14.7,32.3,59.0,1013.3,3.0,0.0,0,11.0,0,0.0072528846700391,6.123260336878833,1.7087710114305936,6
2025,3,18,10,7,14.7,32.3,59.0,1013.3,3.0,0.0,0,7.0,0,0.0093332575456147,8.72125587232779,1.645396749911881,9
2025,3,18,11,2,14.7,32.3,59.0,1013.3,3.0,0.0,0,8.0,0,0.0063548002046268,5.374847460860248,1.1922818520477874,5
2025,3,18,12,4,14.7,32.3,59.0,1013.3,3.0,0.0,0,16.0,0,0.0301938270903199,11.653732405204702,4.905583946211223,12
2025,3,18,14,7,14.7,32.3,59.0,1013.3,3.0,0.0,0,14.0,0,0.0129483317228442,12.423172429533073,1.3598660858556493,12
2025,3,18,15,2,14.7,32.3,59.0,1013.3,3.0,0.0,0,4.0,0,0.0051043028477235,4.140704051705753,1.2160292592287385,4
2025,3,18,18,5,14.7,32.3,59.0,1013.3,3.0,0.0,0,2.0,0,0.0,1.9602660914945318,1.7732727507207902,2
2025,3,18,19,3,14.7,32.3,59.0,1013.3,3.0,0.0,0,18.0,0,0.0252145739782868,15.49322817946415,2.7332546537479097,15
2025,3,18,21,5,14.7,32.3,59.0,1013.3,3.0,0.0,0,3.0,0,0.0002955721025407,2.0932353615153954,1.367050322361037,2
2025,3,18,23,6,14.7,32.3,59.0,1013.3,3.0,0.0,0,5.0,0,0.0012732336724833,9.558152816277149,2.0836185492617667,10
2025,3,18,24,9,14.7,32.3,59.0,1013.3,3.0,0.0,0,12.0,0,0.0100153470130165,10.674202432112827,1.4368628951480689,11
2025,3,18,26,1,14.7,32.3,59.0,1013.3,3.0,0.0,0,20.0,0,0.0261694992326492,13.364941682606194,3.4542387359807267,13
2025,3,18,27,8,14.7,32.3,59.0,1013.3,3.0,0.0,0,15.0,0,0.0093218893878246,11.200487053546752,2.2477559157479323,11
2025,3,18,28,8,14.7,32.3,59.0,1013.3,3.0,0.0,0,1.0,0,0.0060478599442959,5.039842842612552,1.1982769135220779,5
2025,4,4,0,9,26.3,30.8,58.0,1004.2,3.1,0.0,0,15.0,0,0.0229906378892695,10.658270674922083,5.509854352811188,11
2025,4,4,1,1,26.3,30.8,58.0,1004.2,3.1,0.0,0,13.0,0,0.0207537699408594,10.657125556311478,5.5098887822433005,11
2025,4,4,2,6,26.3,30.8,58.0,1004.2,3.1,0.0,0,4.0,0,0.0138576697291752,10.750697572993888,5.50864653789649,11
2025,4,4,3,3,26.3,30.8,58.0,1004.2,3.1,0.0,0,20.0,0,0.0293411605525608,10.532819419610364,5.510432940709212,11
2025,4,4,4,4,26.3,30.8,58.0,1004.2,3.1,0.0,0,18.0,0,0.0313379743796783,10.515694514795655,5.510596231399972,11
2025,4,4,8,0,26.3,30.8,58.0,1004.2,3.1,0.0,0,11.0,0,0.0185605481963205,10.779145256904862,5.509028930723722,11
2025,4,4,9,0,26.3,30.8,58.0,1004.2,3.1,0.0,0,5.0,0,0.0144905396853109,10.826370739110741,5.509041143737222,11
2025,4,4,10,7,26.3,30.8,58.0,1004.2,3.1,0.0,0,12.0,0,0.0150252056827356,10.785857657408311,5.508522278509845,11
2025,4,4,11,2,26.3,30.8,58.0,1004.2,3.1,0.0,0,9.0,0,0.0159854221679069,10.793149688141686,5.50862901561657,11
2025,4,4,12,4,26.3,30.8,58.0,1004.2,3.1,0.0,0,16.0,0,0.0326255373938851,10.50829723415873,5.510724890566612,11
2025,4,4,14,7,26.3,30.8,58.0,1004.2,3.1,0.0,0,17.0,0,0.0188115138685813,10.775216967747305,5.509073613376078,11
2025,4,4,15,2,26.3,30.8,58.0,1004.2,3.1,0.0,0,3.0,0,0.0091002335071907,10.632178847472387,5.5083029029015735,11
2025,4,4,18,5,26.3,30.8,58.0,1004.2,3.1,0.0,0,6.0,0,0.0072889160465267,10.570059641604471,5.508474948912103,11
2025,4,4,19,3,26.3,30.8,58.0,1004.2,3.1,0.0,0,14.0,0,0.0173930122427601,10.791617744869983,5.50883115494226,11
2025,4,4,21,5,26.3,30.8,58.0,1004.2,3.1,0.0,0,1.0,0,0.0,10.431260782872428,5.509803805308854,10
2025,4,4,23,6,26.3,30.8,58.0,1004.2,3.1,0.0,0,2.0,0,0.0128865416930362,10.730665209394132,5.508588600205811,11
2025,4,4,24,9,26.3,30.8,58.0,1004.2,3.1,0.0,0,8.0,0,0.0157781026995176,10.792127587673018,5.508603658978744,11
2025,4,4,26,1,26.3,30.8,58.0,1004.2,3.1,0.0,0,19.0,0,0.0296466839796608,10.529506104243275,5.510501180548639,11
2025,4,4,27,8,26.3,30.8,58.0,1004.2,3.1,0.0,0,10.0,0,0.0362154376623093,10.501378302145323,5.510806881753315,11
2025,4,4,28,8,26.3,30.8,58.0,1004.2,3.1,0.0,0,7.0,0,0.0150688518866071,10.78632723065212,5.508526530272748,11
2025,5,22,0,9,29.5,37.150000000000006,59.0,1006.3,0.9,0.0,0,11.0,0,0.0102870075095153,10.471644941425984,6.2959955524368025,10
2025,5,22,1,1,29.5,37.150000000000006,59.0,1006.3,0.9,0.0,0,13.0,0,0.0159905816731246,10.211532316574129,6.2959167437023815,10
2025,5,22,2,6,29.5,37.150000000000006,59.0,1006.3,0.9,0.0,0,5.0,0,0.0136017099292482,10.307454532430162,6.297105318672343,10
2025,5,22,3,3,29.5,37.150000000000006,59.0,1006.3,0.9,0.0,0,15.0,0,0.0171450125158591,10.338983050852177,6.297304909119512,10
2025,5,22,4,4,29.5,37.150000000000006,59.0,1006.3,0.9,0.0,0,20.0,0,0.0219570460286435,10.408418050040101,6.295889972238108,10
2025,5,22,8,0,29.5,37.150000000000006,59.0,1006.3,0.9,0.0,0,17.0,0,0.0161048817565635,10.2998514989482,6.295917628169014,10
2025,5,22,9,0,29.5,37.150000000000006,59.0,1006.3,0.9,0.0,0,9.0,0,0.0129844894786772,10.317706134549068,6.295925072924356,10
2025,5,22,10,7,29.5,37.150000000000006,59.0,1006.3,0.9,0.0,0,14.0,0,0.0146304106801998,10.481838154221577,6.295674411896233,10
2025,5,22,11,2,29.5,37.150000000000006,59.0,1006.3,0.9,0.0,0,7.0,0,0.0147561407719827,10.283307998766892,6.297101555888298,10
2025,5,22,12,4,29.5,37.150000000000006,59.0,1006.3,0.9,0.0,0,18.0,0,0.0197853444433013,10.39969293706266,6.295869816343962,10
2025,5,22,14,7,29.5,37.150000000000006,59.0,1006.3,0.9,0.0,0,12.0,0,0.0156819714478391,10.483096460437459,6.295663129260588,10
2025,5,22,15,2,29.5,37.150000000000006,59.0,1006.3,0.9,0.0,0,4.0,0,0.010092697367669,10.171218759862942,6.295914631455598,10
2025,5,22,18,5,29.5,37.150000000000006,59.0,1006.3,0.9,0.0,0,10.0,0,0.0,10.433870287662268,6.296158898290367,10
2025,5,22,19,3,29.5,37.150000000000006,59.0,1006.3,0.9,0.0,0,19.0,0,0.0211112254111944,10.366709144897206,6.295926444138053,10
2025,5,22,21,5,29.5,37.150000000000006,59.0,1006.3,0.9,0.0,0,2.0,0,0.0002743202002537,10.35370358875668,6.2961902481402525,10
2025,5,22,23,6,29.5,37.150000000000006,59.0,1006.3,0.9,0.0,0,3.0,0,0.007166615231629,10.21673388122465,6.296020540897667,10
2025,5,22,24,9,29.5,37.150000000000006,59.0,1006.3,0.9,0.0,0,6.0,0,0.0123558390197623,10.47857954393557,6.295937641805447,10
2025,5,22,26,1,29.5,37.150000000000006,59.0,1006.3,0.9,0.0,0,16.0,0,0.0227342865960291,10.272147334657184,6.296135710578739,10
2025,5,22,27,8,29.5,37.150000000000006,59.0,1006.3,0.9,0.0,0,8.0,0,0.013498839854153,10.376907515434395,6.296263250867123,10
2025,5,22,28,8,29.5,37.150000000000006,59.0,1006.3,0.9,0.0,0,1.0,0,0.0096583570506006,10.38528143301471,6.296072791688185,10
2025,6,20,0,9,27.8,39.7,63.5,1013.5,2.7,0.0,0,7.0,1,0.0082213639832566,10.338983050847459,5.546635161637671,10
2025,6,20,1,1,27.8,39.7,63.5,1013.5,2.7,0.0,0,17.0,1,0.0148470201891723,10.338983050847459,5.546635161637671,10
2025,6,20,2,6,27.8,39.7,63.5,1013.5,2.7,0.0,0,3.0,1,0.0,10.338983050847459,5.546635161637671,10
2025,6,20,3,3,27.8,39.7,63.5,1013.5,2.7,0.0,0,20.0,1,0.0386554427510927,10.338983050847459,5.546635161637671,10
2025,6,20,4,4,27.8,39.7,63.5,1013.5,2.7,0.0,0,13.0,1,0.0327235725353252,10.338983050847459,5.546635161637671,10
2025,6,20,8,0,27.8,39.7,63.5,1013.5,2.7,0.0,0,14.0,1,0.0310931754584769,10.338983050847459,5.546635161637671,10
2025,6,20,9,0,27.8,39.7,63.5,1013.5,2.7,0.0,0,18.0,1,0.0194838232233297,10.338983050847459,5.546635161637671,10
2025,6,20,10,7,27.8,39.7,63.5,1013.5,2.7,0.0,0,11.0,1,0.0122684489257881,10.338983050847459,5.546635161637671,10
2025,6,20,11,2,27.8,39.7,63.5,1013.5,2.7,0.0,0,12.0,1,0.0063365787100206,10.338983050847459,5.546635161637671,10
2025,6,20,12,4,27.8,39.7,63.5,1013.5,2.7,0.0,0,16.0,1,0.0158183205753797,10.338983050847459,5.546635161637671,10
2025,6,20,14,7,27.8,39.7,63.5,1013.5,2.7,0.0,0,15.0,1,0.0218889479891769,10.338983050847459,5.546635161637671,10
2025,6,20,15,2,27.8,39.7,63.5,1013.5,2.7,0.0,0,8.0,1,0.0037695705464721,10.338983050847459,5.546635161637671,10
2025,6,20,18,5,27.8,39.7,63.5,1013.5,2.7,0.0,0,2.0,1,0.0011563099835803,10.338983050847459,5.546635161637671,10
2025,6,20,19,3,27.8,39.7,63.5,1013.5,2.7,0.0,0,9.0,1,0.0183622025392566,10.338983050847459,5.546635161637671,10
2025,6,20,21,5,27.8,39.7,63.5,1013.5,2.7,0.0,0,4.0,1,0.0005203394926111,10.338983050847459,5.546635161637671,10
2025,6,20,23,6,27.8,39.7,63.5,1013.5,2.7,0.0,0,5.0,1,0.0035729978492634,10.338983050847459,5.546635161637671,10
2025,6,20,24,9,27.8,39.7,63.5,1013.5,2.7,0.0,0,6.0,1,0.0163849124673342,10.338983050847459,5.546635161637671,10
2025,6,20,26,1,27.8,39.7,63.5,1013.5,2.7,0.0,0,19.0,1,0.029439652181957,10.338983050847459,5.546635161637671,10
2025,6,20,27,8,27.8,39.7,63.5,1013.5,2.7,0.0,0,10.0,1,0.0319604079461621,10.338983050847459,5.546635161637671,10
2025,6,20,28,8,27.8,39.7,63.5,1013.5,2.7,0.0,0,1.0,1,0.0029485904581299,10.338983050847459,5.546635161637671,10
2025,7,11,0,9,22.9,39.5,30.0,1008.6,2.0,0.0,0,7.0,0,0.0111486441379493,10.65662133819588,5.916189285073237,11
2025,7,11,1,1,22.9,39.5,30.0,1008.6,2.0,0.0,0,5.0,0,0.0123102393954363,10.91994859816331,5.955491726283359,11
2025,7,11,2,6,22.9,39.5,30.0,1008.6,2.0,0.0,0,13.0,0,0.0067025381523958,9.84711343525778,5.91626656937015,10
2025,7,11,3,3,22.9,39.5,30.0,1008.6,2.0,0.0,0,19.0,0,0.0139791980987222,10.923164487559493,5.916137652731063,11
2025,7,11,4,4,22.9,39.5,30.0,1008.6,2.0,0.0,0,14.0,0,0.0153410684006035,11.17068072645158,5.916137652111787,11
2025,7,11,6,0,22.9,39.5,30.0,1008.6,2.0,0.0,0,15.0,0,0.0175307422193143,11.446118861013156,5.916155014670887,11
2025,7,11,9,0,22.9,39.5,30.0,1008.6,2.0,0.0,0,10.0,0,0.0145933749015312,11.04012807231278,5.916137692562576,11
2025,7,11,10,7,22.9,39.5,30.0,1008.6,2.0,0.0,0,9.0,0,0.008157870141661,10.582281763995802,5.928559383581653,11
2025,7,11,11,2,22.9,39.5,30.0,1008.6,2.0,0.0,0,12.0,0,0.0118829859673952,10.29607146553969,5.942902449760353,10
2025,7,11,12,4,22.9,39.5,30.0,1008.6,2.0,0.0,0,17.0,0,0.0179045889688504,11.036386609123811,5.919112515220042,11
2025,7,11,14,7,22.9,39.5,30.0,1008.6,2.0,0.0,0,16.0,0,0.0144198031963896,10.270746180383776,5.916402601472817,10
2025,7,11,15,2,22.9,39.5,30.0,1008.6,2.0,0.0,0,11.0,0,0.0073968249729627,9.689801250427504,5.916137681989921,10
2025,7,11,18,5,22.9,39.5,30.0,1008.6,2.0,0.0,0,4.0,0,0.0,9.439011278755379,5.91613768394784,9
2025,7,11,19,3,22.9,39.5,30.0,1008.6,2.0,0.0,0,18.0,0,0.0198939877431672,11.448611191891331,5.921049264344609,11
2025,7,11,21,5,22.9,39.5,30.0,1008.6,2.0,0.0,0,1.0,0,0.0013351669626286,9.45805209588797,5.916160421193238,9
2025,7,11,23,6,22.9,39.5,30.0,1008.6,2.0,0.0,0,3.0,0,0.0102140272641093,10.341271028599952,5.91685427598886,10
2025,7,11,24,9,22.9,39.5,30.0,1008.6,2.0,0.0,0,6.0,0,0.0074769349907204,10.010549810630565,5.924460195678091,10
2025,7,11,26,1,22.9,39.5,30.0,1008.6,2.0,0.0,0,8.0,0,0.0143930998571369,11.002827394143988,5.916137682499593,11
2025,7,11,28,8,22.9,39.5,30.0,1008.6,2.0,0.0,0,2.0,0,0.0024166522023578,9.138949301998757,5.934951151878847,9
2025,8,14,0,9,21.1,40.5,59.0,1014.9,0.8,0.0,0,10.0,0,0.0100770932871055,10.240971124659833,4.258365008579287,10
2025,8,14,1,1,21.1,40.5,59.0,1014.9,0.8,0.0,0,7.0,0,0.0161797246064295,16.314408720935795,4.355429599312461,16
2025,8,14,2,6,21.1,40.5,59.0,1014.9,0.8,0.0,0,15.0,0,0.0149394669710935,11.178882818964404,4.164632629938521,11
2025,8,14,3,3,21.1,40.5,59.0,1014.9,0.8,0.0,0,17.0,0,0.018293800121207,15.033136147469417,4.34933910238259,15
2025,8,14,4,4,21.1,40.5,59.0,1014.9,0.8,0.0,0,16.0,0,0.0232266429890208,14.936700454147608,4.559695240252171,15
2025,8,14,6,0,21.1,40.5,59.0,1014.9,0.8,0.0,0,20.0,0,0.0267501021803164,15.206813744973118,4.549577590644821,15
2025,8,14,9,0,21.1,40.5,59.0,1014.9,0.8,0.0,0,18.0,0,0.0174904514255915,13.538475134485656,4.418599770300188,14
2025,8,14,10,7,21.1,40.5,59.0,1014.9,0.8,0.0,0,6.0,0,0.0185756768565106,13.250687955898504,4.215360288329833,13
2025,8,14,11,2,21.1,40.5,59.0,1014.9,0.8,0.0,0,4.0,0,0.0079348300987978,7.157720748847483,4.166098013686949,7
2025,8,14,12,4,21.1,40.5,59.0,1014.9,0.8,0.0,0,13.0,0,0.0165179766887939,13.90065263311785,4.684278747945202,14
2025,8,14,14,7,21.1,40.5,59.0,1014.9,0.8,0.0,0,9.0,0,0.012134793454822,11.835803193596803,4.198265692519534,12
2025,8,14,15,2,21.1,40.5,59.0,1014.9,0.8,0.0,0,2.0,0,0.0,5.359637314613419,4.239024630989077,5
2025,8,14,18,5,21.1,40.5,59.0,1014.9,0.8,0.0,0,1.0,0,0.0041435880089636,5.005588530854324,4.294090153434183,5
2025,8,14,19,3,21.1,40.5,59.0,1014.9,0.8,0.0,0,8.0,0,0.0217890716389721,15.72158382560654,4.4661126420875155,16
2025,8,14,21,5,21.1,40.5,59.0,1014.9,0.8,0.0,0,3.0,0,0.0062717573605061,5.002653364014862,4.24741284275578,5
2025,8,14,23,6,21.1,40.5,59.0,1014.9,0.8,0.0,0,14.0,0,0.0156864403196482,6.205913928967952,4.57022907834181,6
2025,8,14,24,9,21.1,40.5,59.0,1014.9,0.8,0.0,0,11.0,0,0.0132482065592715,10.921294963268194,4.245800773838466,11
2025,8,14,26,1,21.1,40.5,59.0,1014.9,0.8,0.0,0,19.0,0,0.0176032021197129,13.29913169483852,4.354876190493554,13
2025,8,14,27,8,21.1,40.5,59.0,1014.9,0.8,0.0,0,12.0,0,0.0140797429284173,10.98220218574266,4.1552584982905065,11
2025,8,14,28,8,21.1,40.5,59.0,1014.9,0.8,0.0,0,5.0,0,0.0039462742942511,8.710233168075412,4.150680873877583,9
2025,9,9,0,9,29.2,47.8,36.0,1005.5,1.7,0.0,0,11.0,0,0.0262754361971072,18.938342318096026,2.1484404173296126,19
2025,9,9,1,1,29.2,47.8,36.0,1005.5,1.7,0.0,0,10.0,0,0.0141876303756199,15.460326729666814,0.6676115660009617,15
2025,9,9,2,6,29.2,47.8,36.0,1005.5,1.7,0.0,0,6.0,0,0.0140632986585989,11.938289184255764,1.064308223404952,12
2025,9,9,3,3,29.2,47.8,36.0,1005.5,1.7,0.0,0,15.0,0,0.0286377388205063,14.471293566157808,3.8110207004272785,14
2025,9,9,4,4,29.2,47.8,36.0,1005.5,1.7,0.0,0,12.0,0,0.0184425380247833,14.460010034501272,0.5797008368912419,14
2025,9,9,6,0,29.2,47.8,36.0,1005.5,1.7,0.0,0,19.0,0,0.0234572506112975,12.990066469966553,4.705937954234292,13
2025,9,9,9,0,29.2,47.8,36.0,1005.5,1.7,0.0,0,8.0,0,0.0216475333968805,11.282563079632748,4.72769783273674,11
2025,9,9,10,7,29.2,47.8,36.0,1005.5,1.7,0.0,0,9.0,0,0.0137455620484341,12.232847964353542,1.3791242879248626,12
2025,9,9,11,2,29.2,47.8,36.0,1005.5,1.7,0.0,0,5.0,0,0.0157486841559948,11.100489217713395,4.706788857598151,11
2025,9,9,12,4,29.2,47.8,36.0,1005.5,1.7,0.0,0,16.0,0,0.0185944990122536,12.973993681925986,2.552577307897503,13
2025,9,9,14,7,29.2,47.8,36.0,1005.5,1.7,0.0,0,13.0,0,0.0172682940306961,14.875309971186978,1.0540878349914917,15
2025,9,9,15,2,29.2,47.8,36.0,1005.5,1.7,0.0,0,7.0,0,0.0102642739718457,10.15965895648578,3.57732924401203,10
2025,9,9,18,5,29.2,47.8,36.0,1005.5,1.7,0.0,0,2.0,0,0.0072664981281168,10.667861785976225,0.7714344937547276,11
2025,9,9,19,3,29.2,47.8,36.0,1005.5,1.7,0.0,0,17.0,0,0.0241894262781991,12.906176321158442,4.017336738662293,13
2025,9,9,21,5,29.2,47.8,36.0,1005.5,1.7,0.0,0,1.0,0,0.0,1.7741502935237268,2.9277381274796808,2
2025,9,9,23,6,29.2,47.8,36.0,1005.5,1.7,0.0,0,4.0,0,0.0103886056888667,7.7844812937250865,1.173347512394765,8
2025,9,9,24,9,29.2,47.8,36.0,1005.5,1.7,0.0,0,18.0,0,0.0189398648928674,9.50068194623978,5.998506317478888,10
2025,9,9,26,1,29.2,47.8,36.0,1005.5,1.7,0.0,0,14.0,0,0.0209568016356527,18.05493139805284,0.7836739019785683,18
2025,9,9,27,8,29.2,47.8,36.0,1005.5,1.7,0.0,0,20.0,0,0.020791026012958,13.269958935390713,0.9246643148689063,13
2025,9,9,28,8,29.2,47.8,36.0,1005.5,1.7,0.0,0,3.0,0,0.0136488596018622,11.39608384035496,1.0347907570351262,11
2025,10,15,0,9,21.3,43.1,31.0,1018.9,2.3,0.0,0,10.0,0,0.0107800944302843,10.615765532352077,6.21479518419717,11
2025,10,15,1,1,21.3,43.1,31.0,1018.9,2.3,0.0,0,6.0,0,0.0062396412206297,10.395452191554867,6.219280154825991,10
2025,10,15,2,6,21.3,43.1,31.0,1018.9,2.3,0.0,0,4.0,0,0.0076463460493877,10.409130969667892,6.214487028828972,10
2025,10,15,3,3,21.3,43.1,31.0,1018.9,2.3,0.0,0,14.0,0,0.0142898926168887,9.983153922272557,6.213972234622605,10
2025,10,15,4,4,21.3,43.1,31.0,1018.9,2.3,0.0,0,16.0,0,0.0191228290087604,10.39162760712145,6.214634196624739,10
2025,10,15,6,0,21.3,43.1,31.0,1018.9,2.3,0.0,0,12.0,0,0.017562918703603,10.586913015775732,6.219271437114408,11
2025,10,15,9,0,21.3,43.1,31.0,1018.9,2.3,0.0,0,20.0,0,0.0123260769648601,10.586655196743639,6.219276470507266,11
2025,10,15,10,7,21.3,43.1,31.0,1018.9,2.3,0.0,0,9.0,0,0.0118664605356619,10.799837035748048,6.214318070677442,11
2025,10,15,11,2,21.3,43.1,31.0,1018.9,2.3,0.0,0,5.0,0,0.0034958704160223,10.021473542588613,6.21515991431069,10
2025,10,15,12,4,21.3,43.1,31.0,1018.9,2.3,0.0,0,13.0,0,0.0177300519505842,10.5,6.220047967192106,10
2025,10,15,14,7,21.3,43.1,31.0,1018.9,2.3,0.0,0,19.0,0,0.0138163484171087,10.802916009329639,6.214312893088529,11
2025,10,15,15,2,21.3,43.1,31.0,1018.9,2.3,0.0,0,8.0,0,0.0010863661053773,9.973458932965997,6.214167081548148,10
2025,10,15,18,5,21.3,43.1,31.0,1018.9,2.3,0.0,0,7.0,0,0.0,10.707181777600947,6.214930768770958,11
2025,10,15,19,3,21.3,43.1,31.0,1018.9,2.3,0.0,0,15.0,0,0.0143177481580522,10.5,6.220047967192106,10
2025,10,15,21,5,21.3,43.1,31.0,1018.9,2.3,0.0,0,3.0,0,0.0100279948188693,10.70516569946386,6.21500328832773,11
2025,10,15,23,6,21.3,43.1,31.0,1018.9,2.3,0.0,0,1.0,0,0.0021030933578461,10.433335996142937,6.214437795908661,10
2025,10,15,24,9,21.3,43.1,31.0,1018.9,2.3,0.0,0,17.0,0,0.0100279948188693,10.615684961207918,6.214803851954691,11
2025,10,15,26,1,21.3,43.1,31.0,1018.9,2.3,0.0,0,18.0,0,0.013858131728854,10.880053216973392,6.214578568349717,11
2025,10,15,27,8,21.3,43.1,31.0,1018.9,2.3,0.0,0,11.0,0,0.0247078650120473,9.985714546064672,6.213968169434943,10
2025,10,15,28,8,21.3,43.1,31.0,1018.9,2.3,0.0,0,2.0,0,0.0038022813688212,10.21997424869447,6.214818720496408,10
2025,11,2,0,9,27.8,47.2,34.0,945.3,1.3,0.0,0,12.0,0,0.0153908339033641,10.661609086227624,4.771930210641693,11
2025,11,2,1,1,27.8,47.2,34.0,945.3,1.3,0.0,0,11.0,0,0.0142870468254461,10.916796527352632,4.292492502496138,11
2025,11,2,2,6,27.8,47.2,34.0,945.3,1.3,0.0,0,9.0,0,0.01133325041975,8.341279886164976,4.2998782048423045,8
2025,11,2,3,3,27.8,47.2,34.0,945.3,1.3,0.0,0,15.0,0,0.0161992413407126,10.25560196697506,4.2846889304647435,10
2025,11,2,4,4,27.8,47.2,34.0,945.3,1.3,0.0,0,8.0,0,0.013338722716249,11.104940793824024,4.286087477086811,11
2025,11,2,6,0,27.8,47.2,34.0,945.3,1.3,0.0,0,14.0,0,0.018997574777688,14.129274856186385,4.283308282438784,14
2025,11,2,9,0,27.8,47.2,34.0,945.3,1.3,0.0,0,10.0,0,0.0161992413407126,10.980850125350443,4.302822313590912,11
2025,11,2,10,7,27.8,47.2,34.0,945.3,1.3,0.0,0,13.0,0,0.0264131583856725,11.294509388202407,4.322386594528592,11
2025,11,2,11,2,27.8,47.2,34.0,945.3,1.3,0.0,0,4.0,0,0.0072445743423917,6.840714721871685,4.619079536689279,7
2025,11,2,12,4,27.8,47.2,34.0,945.3,1.3,0.0,0,20.0,0,0.0149088987003296,10.398864931980468,5.336477760563373,10
2025,11,2,14,7,27.8,47.2,34.0,945.3,1.3,0.0,0,6.0,0,0.013338722716249,12.04978828711113,4.657133759627891,12
2025,11,2,15,2,27.8,47.2,34.0,945.3,1.3,0.0,0,2.0,0,0.0038865742180212,4.929817083541415,4.304584722820519,5
2025,11,2,18,5,27.8,47.2,34.0,945.3,1.3,0.0,0,1.0,0,0.0,4.259018224851619,4.283213290066669,4
2025,11,2,19,3,27.8,47.2,34.0,945.3,1.3,0.0,0,17.0,0,0.0185778247621417,10.379860438018797,5.333783058549207,10
2025,11,2,21,5,27.8,47.2,34.0,945.3,1.3,0.0,0,3.0,0,0.0018344630309059,6.7608939191025925,4.325305846010904,7
2025,11,2,23,6,27.8,47.2,34.0,945.3,1.3,0.0,0,5.0,0,0.010789130029227,8.048796081925726,4.296496551865948,8
2025,11,2,24,9,27.8,47.2,34.0,945.3,1.3,0.0,0,19.0,0,0.0155773894658291,12.37317183186766,4.285258188537213,12
2025,11,2,26,1,27.8,47.2,34.0,945.3,1.3,0.0,0,16.0,0,0.0114731670915987,9.97291729835695,4.298607504724276,10
2025,11,2,27,8,27.8,47.2,34.0,945.3,1.3,0.0,0,18.0,0,0.0126702319507492,10.694317626042702,4.502272492870368,11
2025,11,2,28,8,27.8,47.2,34.0,945.3,1.3,0.0,0,7.0,0,0.0032647223431379,5.544036030461536,4.283034656534904,6
2025,12,6,0,9,19.9,27.4,76.0,994.9,4.0,0.0,0,14.0,0,0.0072633277971413,9.692463503318772,3.8867334150365727,10
2025,12,6,1,1,19.9,27.4,76.0,994.9,4.0,0.0,0,9.0,0,0.0163278673185337,10.348630118707536,3.8867368458207237,10
2025,12,6,2,6,19.9,27.4,76.0,994.9,4.0,0.0,0,7.0,0,0.010807270345505,3.102386640085257,3.766752801985754,3
2025,12,6,3,3,19.9,27.4,76.0,994.9,4.0,0.0,0,8.0,0,0.0071814545369481,13.797519459628111,3.816845976200685,14
2025,12,6,4,4,19.9,27.4,76.0,994.9,4.0,0.0,0,17.0,0,0.0117312685676857,12.114184853038656,3.665528347130288,12
2025,12,6,6,0,19.9,27.4,76.0,994.9,4.0,0.0,0,20.0,0,0.0245502818779385,18.232308252215063,3.766790464481276,18
2025,12,6,9,0,19.9,27.4,76.0,994.9,4.0,0.0,0,10.0,0,0.027836908465695,18.232308331977478,3.7667904643688686,18
2025,12,6,10,7,19.9,27.4,76.0,994.9,4.0,0.0,0,13.0,0,0.0073802895974174,12.114184476340286,3.6655284082465496,12
2025,12,6,11,2,19.9,27.4,76.0,994.9,4.0,0.0,0,5.0,0,0.0097546141430207,10.819713078729583,3.7791466567036336,11
2025,12,6,12,4,19.9,27.4,76.0,994.9,4.0,0.0,0,19.0,0,0.0117078762076304,7.7942105328611495,4.798400556478706,8
2025,12,6,14,7,19.9,27.4,76.0,994.9,4.0,0.0,0,16.0,0,0.008865704460923,12.114184489493375,3.66552840641249,12
2025,12,6,15,2,19.9,27.4,76.0,994.9,4.0,0.0,0,6.0,0,0.0,10.882735048247218,3.7773474731188172,11
2025,12,6,18,5,19.9,27.4,76.0,994.9,4.0,0.0,0,3.0,0,0.001263187442981,6.579948052470968,3.766790387884084,7
2025,12,6,19,3,19.9,27.4,76.0,994.9,4.0,0.0,0,15.0,0,0.0102809422442629,13.797519161810884,3.816846445499183,14
2025,12,6,21,5,19.9,27.4,76.0,994.9,4.0,0.0,0,2.0,0,0.0007953402418769,6.579948802350124,3.766790388317139,7
2025,12,6,23,6,19.9,27.4,76.0,994.9,4.0,0.0,0,4.0,0,0.007333504877307,3.10238427668465,3.7667528020398504,3
2025,12,6,24,9,19.9,27.4,76.0,994.9,4.0,0.0,0,11.0,0,0.0097546141430207,11.217048345789504,3.8014525239824644,11
2025,12,6,26,1,19.9,27.4,76.0,994.9,4.0,0.0,0,18.0,0,0.0245853704180213,8.074768684475966,3.8831204110952093,8
2025,12,6,27,8,19.9,27.4,76.0,994.9,4.0,0.0,0,12.0,0,0.0070878850967273,12.107928907621966,3.6974518423378147,12
2025,12,6,28,8,19.9,27.4,76.0,994.9,4.0,0.0,0,1.0,0,0.0010175676624013,6.866097494203147,3.8867334058398337,7
2025,13,5,0,9,22.6,37.3,55.0,967.8,1.3,0.0,0,5.0,1,0.0268828972241567,12.379143878008584,5.201157248092101,12
2025,13,5,1,1,22.6,37.3,55.0,967.8,1.3,0.0,0,19.0,1,0.0190727290816834,11.778043825205936,5.2471162610763455,12
2025,13,5,2,6,22.6,37.3,55.0,967.8,1.3,0.0,0,18.0,1,0.0485921798825987,10.026398200646998,5.289912138878138,10
2025,13,5,3,3,22.6,37.3,55.0,967.8,1.3,0.0,0,12.0,1,0.0134016515769574,13.118764466678638,5.2288521415295675,13
2025,13,5,4,4,22.6,37.3,55.0,967.8,1.3,0.0,0,10.0,1,0.0138394189632871,12.819154253737283,5.1862915785456885,13
2025,13,5,6,0,22.6,37.3,55.0,967.8,1.3,0.0,0,17.0,1,0.0306138692667396,8.721954720827359,5.2545263085400356,9
2025,13,5,9,0,22.6,37.3,55.0,967.8,1.3,0.0,0,13.0,1,0.0143169833847377,8.735470322923446,5.225718906958802,9
2025,13,5,10,7,22.6,37.3,55.0,967.8,1.3,0.0,0,8.0,1,0.0145358670779026,12.837262896509905,5.185981105748537,13
2025,13,5,11,2,22.6,37.3,55.0,967.8,1.3,0.0,0,16.0,1,0.02883295194508,7.806709637522461,5.272966767482049,8
2025,13,5,12,4,22.6,37.3,55.0,967.8,1.3,0.0,0,14.0,1,0.0269326435180578,13.136277695846761,5.190527927625338,13
2025,13,5,14,7,22.6,37.3,55.0,967.8,1.3,0.0,0,9.0,1,0.0165058203163863,12.887994303566563,5.185437522460168,13
2025,13,5,15,2,22.6,37.3,55.0,967.8,1.3,0.0,0,3.0,1,0.0076410307432096,7.7290588334840775,5.235745008696092,8
2025,13,5,18,5,22.6,37.3,55.0,967.8,1.3,0.0,0,1.0,1,0.0061486419261764,12.404843503910179,5.195008502198305,12
2025,13,5,19,3,22.6,37.3,55.0,967.8,1.3,0.0,0,11.0,1,0.0104964680131329,13.043162561432224,5.231743040031205,13
2025,13,5,21,5,22.6,37.3,55.0,967.8,1.3,0.0,0,2.0,1,0.0,12.241169669731846,5.205361021612763,12
2025,13,5,23,6,22.6,37.3,55.0,967.8,1.3,0.0,0,6.0,1,0.0181076509800019,9.99811572595983,5.231540294679625,10
2025,13,5,24,9,22.6,37.3,55.0,967.8,1.3,0.0,0,15.0,1,0.0124465227340562,12.10218039704883,5.428439854385357,12
2025,13,5,26,1,22.6,37.3,55.0,967.8,1.3,0.0,0,20.0,1,0.0221470500447716,11.702054690434695,5.236252830558766,12
2025,13,5,27,8,22.6,37.3,55.0,967.8,1.3,0.0,0,7.0,1,0.0166550591980896,9.552281784029265,5.564888161493553,10
2025,13,5,28,8,22.6,37.3,55.0,967.8,1.3,0.0,0,4.0,1,0.0047457964381652,7.531217888299325,5.2277062441825635,8
2025,14,17,0,9,28.3,41.0,36.0,983.4,1.9,0.0,0,20.0,0,0.021544129424956,10.842023759486363,5.770342811802874,11
2025,14,17,1,1,28.3,41.0,36.0,983.4,1.9,0.0,0,5.0,0,0.0117197928346414,10.395142590698718,5.770492571361432,10
2025,14,17,2,6,28.3,41.0,36.0,983.4,1.9,0.0,0,15.0,0,0.0110657269475146,10.24642045618875,5.769505040870841,10
2025,14,17,3,3,28.3,41.0,36.0,983.4,1.9,0.0,0,11.0,0,0.0161647712104223,10.871789345825054,5.7703980949342055,11
2025,14,17,4,4,28.3,41.0,36.0,983.4,1.9,0.0,0,7.0,0,0.01417587698222,10.272622957380547,5.769537835186812,10
2025,14,17,6,0,28.3,41.0,36.0,983.4,1.9,0.0,0,14.0,0,0.0177665652197127,10.574382980317921,5.7702374827186285,11
2025,14,17,9,0,28.3,41.0,36.0,983.4,1.9,0.0,0,17.0,0,0.022078060761386,10.616390455909393,5.770357710753143,11
2025,14,17,10,7,28.3,41.0,36.0,983.4,1.9,0.0,0,10.0,0,0.0272304981579369,10.717420067682005,5.770443523138712,11
2025,14,17,11,2,28.3,41.0,36.0,983.4,1.9,0.0,0,12.0,0,0.0102514816594586,10.306284868740935,5.769540395132973,10
2025,14,17,12,4,28.3,41.0,36.0,983.4,1.9,0.0,0,19.0,0,0.0148032463025256,10.5,5.775625766645692,10
2025,14,17,14,7,28.3,41.0,36.0,983.4,1.9,0.0,0,9.0,0,0.0194217523626461,10.712850634005905,5.770214583076643,11
2025,14,17,15,2,28.3,41.0,36.0,983.4,1.9,0.0,0,1.0,0,0.0053259650808906,10.289769171474555,5.769507360358553,10
2025,14,17,18,5,28.3,41.0,36.0,983.4,1.9,0.0,0,3.0,0,0.000427145069144,10.22478175630982,5.769475391681742,10
2025,14,17,19,3,28.3,41.0,36.0,983.4,1.9,0.0,0,18.0,0,0.0215574777083668,10.868073657330598,5.770540503219909,11
2025,14,17,21,5,28.3,41.0,36.0,983.4,1.9,0.0,0,2.0,0,0.0,10.223571700549385,5.76948250380568,10
2025,14,17,23,6,28.3,41.0,36.0,983.4,1.9,0.0,0,4.0,0,0.0123338138715362,10.751036225231823,5.770465094466583,11
2025,14,17,24,9,28.3,41.0,36.0,983.4,1.9,0.0,0,13.0,0,0.0203694804848096,10.810059095589125,5.771323907220466,11
2025,14,17,26,1,28.3,41.0,36.0,983.4,1.9,0.0,0,6.0,0,0.0121736344706071,10.665584468940093,5.770376803215879,11
2025,14,17,27,8,28.3,41.0,36.0,983.4,1.9,0.0,0,16.0,0,0.0261893320518981,10.33517241969987,5.770776658897638,10
2025,14,17,28,8,28.3,41.0,36.0,983.4,1.9,0.0,0,8.0,0,0.0166319611297988,10.25177712418051,5.769927093525051,10
2025,15,8,0,9,20.6,34.2,64.0,1006.1,4.0,0.0,0,15.0,0,0.01633996404338,7.790169031754336,2.3390102107896653,8
2025,15,8,1,1,20.6,34.2,64.0,1006.1,4.0,0.0,0,10.0,0,0.0182682827814186,7.338708375685721,1.755973009929207,7
2025,15,8,2,6,20.6,34.2,64.0,1006.1,4.0,0.0,0,11.0,0,0.0250101490459898,8.850884086196778,1.831714924995274,9
2025,15,8,3,3,20.6,34.2,64.0,1006.1,4.0,0.0,0,19.0,0,0.0235312880589225,13.382981512988763,2.165504969041431,13
2025,15,8,4,4,20.6,34.2,64.0,1006.1,4.0,0.0,0,13.0,0,0.0201386069709448,18.0309777587507,2.1472805977493605,18
2025,15,8,6,0,20.6,34.2,64.0,1006.1,4.0,0.0,0,16.0,0,0.030186162500725,13.350893326938124,3.220108778138759,13
2025,15,8,9,0,20.6,34.2,64.0,1006.1,4.0,0.0,0,14.0,0,0.0288667865220669,13.315808923139853,3.0891860604314254,13
2025,15,8,10,7,20.6,34.2,64.0,1006.1,4.0,0.0,0,4.0,0,0.0173113727309633,12.242157958164132,2.0075644814022304,12
2025,15,8,11,2,20.6,34.2,64.0,1006.1,4.0,0.0,0,7.0,0,0.0203125906164822,10.81906184611141,2.731482135725322,11
2025,15,8,12,4,20.6,34.2,64.0,1006.1,4.0,0.0,0,17.0,0,0.023589282607435,18.13552215264916,2.2160575135357643,18
2025,15,8,14,7,20.6,34.2,64.0,1006.1,4.0,0.0,0,8.0,0,0.01925419010613,12.448946328306402,2.042658473050546,12
2025,15,8,15,2,20.6,34.2,64.0,1006.1,4.0,0.0,0,6.0,0,0.0140056834657543,5.896397513024926,1.7651757544595632,6
2025,15,8,18,5,20.6,34.2,64.0,1006.1,4.0,0.0,0,2.0,0,0.0,0.42027999262101545,3.0261396286376994,0
2025,15,8,19,3,20.6,34.2,64.0,1006.1,4.0,0.0,0,18.0,0,0.0265180073073132,12.685931552714969,4.032243990512674,13
2025,15,8,21,5,20.6,34.2,64.0,1006.1,4.0,0.0,0,1.0,0,0.0035086701850026,1.8242381072116913,2.5752919708523923,2
2025,15,8,23,6,20.6,34.2,64.0,1006.1,4.0,0.0,0,5.0,0,0.0128457924955055,5.810909788339269,2.1972886669512017,6
2025,15,8,24,9,20.6,34.2,64.0,1006.1,4.0,0.0,0,9.0,0,0.0136432175375515,10.773123641083174,2.9326240485371757,11
2025,15,8,26,1,20.6,34.2,64.0,1006.1,4.0,0.0,0,20.0,0,0.0163979585918923,6.742479411601147,1.7521034679161285,7
2025,15,8,27,8,20.6,34.2,64.0,1006.1,4.0,0.0,0,12.0,0,0.0199646233254075,7.820489706523402,1.767571675944157,8
2025,15,8,28,8,20.6,34.2,64.0,1006.1,4.0,0.0,0,3.0,0,0.0138172011830888,5.826452304773446,1.7671902248097475,6
2025,16,12,0,9,26.6,42.45,36.0,998.6,1.5,0.0,0,14.0,0,0.0049035055652896,8.315800134524112,3.561686238234516,8
2025,16,12,1,1,26.6,42.45,36.0,998.6,1.5,0.0,0,9.0,0,0.0066808687650477,8.406071865743135,2.60214407812282,8
2025,16,12,2,6,26.6,42.45,36.0,998.6,1.5,0.0,0,7.0,0,0.0046009756589478,3.3283067190003024,2.446540507688555,3
2025,16,12,3,3,26.6,42.45,36.0,998.6,1.5,0.0,0,11.0,0,0.0110675524070035,16.94145473029447,2.977683982685775,17
2025,16,12,4,4,26.6,42.45,36.0,998.6,1.5,0.0,0,8.0,0,0.0028614286974827,8.955062797634369,3.9032214512399888,9
2025,16,12,6,0,26.6,42.45,36.0,998.6,1.5,0.0,0,18.0,0,0.0088616051732614,16.2657962277233,3.8264049490204797,16
2025,16,12,9,0,26.6,42.45,36.0,998.6,1.5,0.0,0,19.0,0,0.0115465580920446,11.354535343964276,2.4299540815887006,11
2025,16,12,10,7,26.6,42.45,36.0,998.6,1.5,0.0,0,16.0,0,0.0034286722718734,4.569307947622753,2.8870392056548173,5
2025,16,12,11,2,26.6,42.45,36.0,998.6,1.5,0.0,0,5.0,0,0.0033656452080522,8.448601421614516,3.286778242437957,8
2025,16,12,12,4,26.6,42.45,36.0,998.6,1.5,0.0,0,12.0,0,0.0051177975822817,10.362144325345941,4.911406975499768,10
2025,16,12,14,7,26.6,42.45,36.0,998.6,1.5,0.0,0,20.0,0,0.010096935624157,9.10464869121505,2.585851602489292,9
2025,16,12,15,2,26.6,42.45,36.0,998.6,1.5,0.0,0,4.0,0,0.000264713668049,3.07425473549105,2.441109724222033,3
2025,16,12,18,5,26.6,42.45,36.0,998.6,1.5,0.0,0,2.0,0,0.0,2.573224120095693,3.5220036963055232,3
2025,16,12,19,3,26.6,42.45,36.0,998.6,1.5,0.0,0,15.0,0,0.0122650666196064,16.970712204341968,2.9785866583857294,17
2025,16,12,21,5,26.6,42.45,36.0,998.6,1.5,0.0,0,3.0,0,0.0020798931060996,2.739366152080242,3.3787496669072112,3
2025,16,12,23,6,26.6,42.45,36.0,998.6,1.5,0.0,0,6.0,0,0.0023193959486203,2.4931043463020153,2.506086117280889,2
2025,16,12,24,9,26.6,42.45,36.0,998.6,1.5,0.0,0,13.0,0,0.0072607177522027,6.421842489599154,2.338419504282933,6
2025,16,12,26,1,26.6,42.45,36.0,998.6,1.5,0.0,0,17.0,0,0.0115465580920446,15.74063309646628,2.711881505733271,16
2025,16,12,27,8,26.6,42.45,36.0,998.6,1.5,0.0,0,10.0,0,0.0091767404923673,13.309490652679484,4.217510022918507,13
2025,16,12,28,8,26.6,42.45,36.0,998.6,1.5,0.0,0,1.0,0,0.0021051039316282,4.659880343998906,2.42360590447535,5
2025,17,3,0,9,20.8,26.7,60.0,1013.6,2.1,0.0,0,19.0,0,0.0075081750195114,10.25,5.921987112902912,10
2025,17,3,1,1,20.8,26.7,60.0,1013.6,2.1,0.0,0,11.0,0,0.0135147150351204,10.25,5.921987112902912,10
2025,17,3,2,6,20.8,26.7,60.0,1013.6,2.1,0.0,0,4.0,0,0.0064511030101854,10.25,5.921987112902912,10
2025,17,3,3,3,20.8,26.7,60.0,1013.6,2.1,0.0,0,15.0,0,0.0075279333748258,10.25,5.921987112902912,10
2025,17,3,4,4,20.8,26.7,60.0,1013.6,2.1,0.0,0,13.0,0,0.0181480493563716,10.25,5.921987112902912,10
2025,17,3,6,0,20.8,26.7,60.0,1013.6,2.1,0.0,0,16.0,0,0.0154707922112563,10.25,5.921987112902912,10
2025,17,3,9,0,20.8,26.7,60.0,1013.6,2.1,0.0,0,18.0,0,0.0207363939025715,10.25,5.921987112902912,10
2025,17,3,10,7,20.8,26.7,60.0,1013.6,2.1,0.0,0,8.0,0,0.0103138614741708,10.25,5.921987112902912,10
2025,17,3,11,2,20.8,26.7,60.0,1013.6,2.1,0.0,0,12.0,0,0.0027266530334014,10.25,5.921987112902912,10
2025,17,3,12,4,20.8,26.7,60.0,1013.6,2.1,0.0,0,17.0,0,0.0119044090769884,10.25,5.921987112902912,10
2025,17,3,14,7,20.8,26.7,60.0,1013.6,2.1,0.0,0,3.0,0,0.0091184809776434,10.25,5.921987112902912,10
2025,17,3,15,2,20.8,26.7,60.0,1013.6,2.1,0.0,0,10.0,0,0.0097408691700503,10.25,5.921987112902912,10
2025,17,3,18,5,20.8,26.7,60.0,1013.6,2.1,0.0,0,7.0,0,0.0,10.25,5.921987112902912,10
2025,17,3,19,3,20.8,26.7,60.0,1013.6,2.1,0.0,0,20.0,0,0.0162512472461791,10.25,5.921987112902912,10
2025,17,3,21,5,20.8,26.7,60.0,1013.6,2.1,0.0,0,9.0,0,0.002509311124942,10.25,5.921987112902912,10
2025,17,3,23,6,20.8,26.7,60.0,1013.6,2.1,0.0,0,5.0,0,0.0073204706440235,10.25,5.921987112902912,10
2025,17,3,24,9,20.8,26.7,60.0,1013.6,2.1,0.0,0,2.0,0,0.012477401381109,10.25,5.921987112902912,10
2025,17,3,26,1,20.8,26.7,60.0,1013.6,2.1,0.0,0,14.0,0,0.0210130108769745,10.25,5.921987112902912,10
2025,17,3,27,8,20.8,26.7,60.0,1013.6,2.1,0.0,0,6.0,0,0.0159746302717762,10.25,5.921987112902912,10
2025,17,3,28,8,20.8,26.7,60.0,1013.6,2.1,0.0,0,1.0,0,0.0021931774399098,10.25,5.921987112902912,10
2025,18,23,0,9,29.8,34.849999999999994,69.0,1011.4,1.65,0.0,0,19.0,0,0.0057682921418113,10.430259042413383,6.3722685243066435,10
2025,18,23,1,1,29.8,34.849999999999994,69.0,1011.4,1.65,0.0,0,10.0,0,0.0085969738651995,10.475591947740124,6.377200623980905,10
2025,18,23,2,6,29.8,34.849999999999994,69.0,1011.4,1.65,0.0,0,4.0,0,0.0009872653858099,9.977973489951127,6.379489211546704,10
2025,18,23,3,3,29.8,34.849999999999994,69.0,1011.4,1.65,0.0,0,9.0,0,0.0072214580467676,10.40052394151522,6.38132022953537,10
2025,18,23,4,4,29.8,34.849999999999994,69.0,1011.4,1.65,0.0,0,14.0,0,0.0060899853574123,10.55933034250977,6.374403933779575,11
2025,18,23,6,0,29.8,34.849999999999994,69.0,1011.4,1.65,0.0,0,16.0,0,0.0099724896836313,10.82796924226492,6.371749095876247,11
2025,18,23,9,0,29.8,34.849999999999994,69.0,1011.4,1.65,0.0,0,18.0,0,0.0165838399077073,11.251766816145228,6.389648295657672,11
2025,18,23,10,7,29.8,34.849999999999994,69.0,1011.4,1.65,0.0,0,8.0,0,0.0037826685006878,10.0596660820863,6.379551927606823,10
2025,18,23,11,2,29.8,34.849999999999994,69.0,1011.4,1.65,0.0,0,6.0,0,0.0045591693659315,10.179231369786995,6.4003564905472885,10
2025,18,23,12,4,29.8,34.849999999999994,69.0,1011.4,1.65,0.0,0,11.0,0,0.0054244131872033,10.338248606931899,6.419969442389235,10
2025,18,23,14,7,29.8,34.849999999999994,69.0,1011.4,1.65,0.0,0,12.0,0,0.0386031858721214,12.13109209893196,6.425708884005654,12
2025,18,23,15,2,29.8,34.849999999999994,69.0,1011.4,1.65,0.0,0,7.0,0,0.005579713360252,10.413250591619745,6.3723477531514465,10
2025,18,23,18,5,29.8,34.849999999999994,69.0,1011.4,1.65,0.0,0,5.0,0,0.0009872653858099,9.86815400423477,6.392279896941593,10
2025,18,23,19,3,29.8,34.849999999999994,69.0,1011.4,1.65,0.0,0,17.0,0,0.0070550650042154,10.346843614057477,6.38236167499737,10
2025,18,23,21,5,29.8,34.849999999999994,69.0,1011.4,1.65,0.0,0,3.0,0,0.0001885787815593,11.639490678943769,6.406827430010166,12
2025,18,23,23,6,29.8,34.849999999999994,69.0,1011.4,1.65,0.0,0,1.0,0,0.0005435506056707,9.949925974707304,6.379868347002894,10
2025,18,23,24,9,29.8,34.849999999999994,69.0,1011.4,1.65,0.0,0,20.0,0,0.0027066601588498,10.167221330020157,6.374165069860402,10
2025,18,23,26,1,29.8,34.849999999999994,69.0,1011.4,1.65,0.0,0,15.0,0,0.0123352708878733,12.132425788315647,6.397095511523562,12
2025,18,23,27,8,29.8,34.849999999999994,69.0,1011.4,1.65,0.0,0,13.0,0,0.0143319873985002,10.965714930338347,6.447241198263346,11
2025,18,23,28,8,29.8,34.849999999999994,69.0,1011.4,1.65,0.0,0,2.0,0,0.0,10.720112241314036,6.396361679564778,11
2025,19,24,0,9,34.0,45.7,36.0,989.4,1.8,0.0,0,19.0,1,0.0134689908416667,16.014182995267078,5.242481493054492,16
2025,19,24,1,1,34.0,45.7,36.0,989.4,1.8,0.0,0,10.0,1,0.0134689908416667,12.32118221184656,5.065415322909466,12
2025,19,24,2,6,34.0,45.7,36.0,989.4,1.8,0.0,0,7.0,1,0.0134689908416667,12.252169858829133,5.059683730003633,12
2025,19,24,3,3,34.0,45.7,36.0,989.4,1.8,0.0,0,8.0,1,0.0134689908416667,13.011647802861518,5.040239809839118,13
2025,19,24,4,4,34.0,45.7,36.0,989.4,1.8,0.0,0,16.0,1,0.0134689908416667,12.018142379928765,4.97806417248545,12
2025,19,24,6,0,34.0,45.7,36.0,989.4,1.8,0.0,0,15.0,1,0.0134689908416667,7.996613184705936,5.126563367736029,8
2025,19,24,9,0,34.0,45.7,36.0,989.4,1.8,0.0,0,14.0,1,0.0134689908416667,7.1462084652830296,5.058464040526788,7
2025,19,24,11,2,34.0,45.7,36.0,989.4,1.8,0.0,0,5.0,1,0.0134689908416667,14.300616152046459,5.360546160543932,14
2025,19,24,12,4,34.0,45.7,36.0,989.4,1.8,0.0,0,11.0,1,0.0134689908416667,13.489419666054435,5.147026399432206,13
2025,19,24,14,7,34.0,45.7,36.0,989.4,1.8,0.0,0,12.0,1,0.0134689908416667,12.018185008203064,4.9780689747932865,12
2025,19,24,15,2,34.0,45.7,36.0,989.4,1.8,0.0,0,3.0,1,0.0134689908416667,12.0181422039147,4.978064347175213,12
2025,19,24,18,5,34.0,45.7,36.0,989.4,1.8,0.0,0,2.0,1,0.0134689908416667,10.861226165311995,5.068705715568568,11
2025,19,24,19,3,34.0,45.7,36.0,989.4,1.8,0.0,0,17.0,1,0.0134689908416667,13.011647834604165,5.040239847024883,13
2025,19,24,21,5,34.0,45.7,36.0,989.4,1.8,0.0,0,6.0,1,0.0134689908416667,8.007485887116053,5.254534304712057,8
2025,19,24,23,6,34.0,45.7,36.0,989.4,1.8,0.0,0,4.0,1,0.0134689908416667,12.25216918051002,5.059683696998938,12
2025,19,24,24,9,34.0,45.7,36.0,989.4,1.8,0.0,0,9.0,1,0.0134689908416667,15.729631798500744,5.180401873638801,16
2025,19,24,26,1,34.0,45.7,36.0,989.4,1.8,0.0,0,18.0,1,0.0134689908416667,14.390828325079974,5.050907642474577,14
2025,19,24,27,8,34.0,45.7,36.0,989.4,1.8,0.0,0,13.0,1,0.0134689908416667,11.25383026018335,5.059935127183442,11
2025,19,24,28,8,34.0,45.7,36.0,989.4,1.8,0.0,0,1.0,1,0.0134689908416667,11.39919301584436,5.036549591462126,11
2025,20,10,0,9,26.2,45.9,27.0,780.5,2.0,0.0,0,17.0,0,0.0177599728576462,19.294918331651772,3.997501271790824,19
2025,20,10,1,1,26.2,45.9,27.0,780.5,2.0,0.0,0,14.0,0,0.0258113345425601,15.639221215249044,3.6683639047493526,16
2025,20,10,2,6,26.2,45.9,27.0,780.5,2.0,0.0,0,6.0,0,0.0080905093106103,9.008308293630023,3.401321917504815,9
2025,20,10,3,3,26.2,45.9,27.0,780.5,2.0,0.0,0,10.0,0,0.0184385317030523,14.466179380432983,3.4771534092242744,14
2025,20,10,4,4,26.2,45.9,27.0,780.5,2.0,0.0,0,16.0,0,0.0116529432489919,10.323313715432061,3.399399680419152,10
2025,20,10,6,0,26.2,45.9,27.0,780.5,2.0,0.0,0,20.0,0,0.025419858285595,14.531508287916045,5.205881392494881,15
2025,20,10,9,0,26.2,45.9,27.0,780.5,2.0,0.0,0,18.0,0,0.0232145420380255,10.408058227848603,3.5818231139003434,10
2025,20,10,10,7,26.2,45.9,27.0,780.5,2.0,0.0,0,9.0,0,0.0099565461354769,9.719995478536777,3.400267833093604,10
2025,20,10,11,2,26.2,45.9,27.0,780.5,2.0,0.0,0,3.0,0,0.0045019769550976,3.7622882949816177,4.900305265313055,4
2025,20,10,12,4,26.2,45.9,27.0,780.5,2.0,0.0,0,13.0,0,0.013453734031031,9.689707210209844,3.685620797525849,10
2025,20,10,14,7,26.2,45.9,27.0,780.5,2.0,0.0,0,15.0,0,0.0119922226716951,10.446165051275933,3.3993767272675712,10
2025,20,10,15,2,26.2,45.9,27.0,780.5,2.0,0.0,0,2.0,0,0.0073858520480733,2.884945036057978,3.988306800089475,3
2025,20,10,18,5,26.2,45.9,27.0,780.5,2.0,0.0,0,1.0,0,0.0,13.849275698924716,4.1835919425716925,14
2025,20,10,19,3,26.2,45.9,27.0,780.5,2.0,0.0,0,12.0,0,0.012279305260136,11.020763325025456,3.7736664050930333,11
2025,20,10,21,5,26.2,45.9,27.0,780.5,2.0,0.0,0,8.0,0,0.0078164759307348,8.207238839774071,3.528638419321458,8
2025,20,10,23,6,26.2,45.9,27.0,780.5,2.0,0.0,0,4.0,0,0.0066811947855362,8.407432356822936,3.440027689793927,8
2025,20,10,24,9,26.2,45.9,27.0,780.5,2.0,0.0,0,7.0,0,0.0152414756045046,18.950138164069955,3.7175631090082697,19
2025,20,10,26,1,26.2,45.9,27.0,780.5,2.0,0.0,0,19.0,0,0.012592486265708,15.466502667493259,3.5542990535440744,15
2025,20,10,27,8,26.2,45.9,27.0,780.5,2.0,0.0,0,11.0,0,0.0102044810982215,14.01825467536915,3.672403362303706,14
2025,20,10,28,8,26.2,45.9,27.0,780.5,2.0,0.0,0,5.0,0,0.0079469680163899,8.377098626519905,3.44886645030895,8
2025,21,16,0,9,26.0,39.6,56.0,918.4,1.4,0.0,0,12.0,1,0.0082318790347039,8.723582043178553,4.1771398585215165,9
2025,21,16,1,1,26.0,39.6,56.0,918.4,1.4,0.0,0,11.0,1,0.0012564446947706,10.987373726402803,4.082709388819222,11
2025,21,16,2,6,26.0,39.6,56.0,918.4,1.4,0.0,0,2.0,1,0.0014008636252041,4.854387806617973,1.4492783235344284,5
2025,21,16,3,3,26.0,39.6,56.0,918.4,1.4,0.0,0,8.0,1,0.0101526508094681,8.415319232771116,1.371540483884281,8
2025,21,16,6,0,26.0,39.6,56.0,918.4,1.4,0.0,0,18.0,1,0.0173013878659215,13.684463003407865,1.2024981138587152,14
2025,21,16,9,0,26.0,39.6,56.0,918.4,1.4,0.0,0,9.0,1,0.0087951128633942,8.547141008768925,1.2058451391870026,9
2025,21,16,10,7,26.0,39.6,56.0,918.4,1.4,0.0,0,5.0,1,0.0052712909608192,15.476301279947776,1.3471107964781581,15
2025,21,16,11,2,26.0,39.6,56.0,918.4,1.4,0.0,0,13.0,1,0.0082029952486173,7.080239487453195,1.429220560720939,7
2025,21,16,12,4,26.0,39.6,56.0,918.4,1.4,0.0,0,10.0,1,0.0071054113773234,13.503808019289828,2.2494133445830458,14
2025,21,16,14,7,26.0,39.6,56.0,918.4,1.4,0.0,0,7.0,1,0.020550813800673,19.934860075795974,2.917387256959339,20
2025,21,16,15,2,26.0,39.6,56.0,918.4,1.4,0.0,0,3.0,1,0.0069609924468899,2.5036694408113878,1.2363937026931153,3
2025,21,16,18,5,26.0,39.6,56.0,918.4,1.4,0.0,0,1.0,1,0.0,6.229379319470716,1.392262054773752,6
2025,21,16,19,3,26.0,39.6,56.0,918.4,1.4,0.0,0,17.0,1,0.0235258437676011,10.995474831502944,2.209182741846567,11
2025,21,16,21,5,26.0,39.6,56.0,918.4,1.4,0.0,0,4.0,1,0.0024984474964978,7.168316210767138,1.7789450616771902,7
2025,21,16,23,6,26.0,39.6,56.0,918.4,1.4,0.0,0,6.0,1,0.002036306919111,5.216390428474423,1.2473517196300337,5
2025,21,16,24,9,26.0,39.6,56.0,918.4,1.4,0.0,0,15.0,1,0.0271074332423495,19.502693233818682,1.244067162750904,20
2025,21,16,26,1,26.0,39.6,56.0,918.4,1.4,0.0,0,14.0,1,0.0058345247895095,10.296450801814958,3.252397080917072,10
2025,21,16,27,8,26.0,39.6,56.0,918.4,1.4,0.0,0,19.0,1,0.0209263030197998,15.976154658660455,1.3731614954465912,16
2025,21,16,28,8,26.0,39.6,56.0,918.4,1.4,0.0,0,16.0,1,0.0048669179556056,2.144454122342177,1.4131239138998495,2
2025,22,19,0,9,11.7,12.6,65.0,946.0,1.6,0.0,0,16.0,0,0.0087290280051884,10.5,6.3760906706786615,10
2025,22,19,1,1,11.7,12.6,65.0,946.0,1.6,0.0,0,7.0,0,0.015799434367491,10.5,6.3760906706786615,10
2025,22,19,2,6,11.7,12.6,65.0,946.0,1.6,0.0,0,17.0,0,0.0141514449146235,10.5,6.3760906706786615,10
2025,22,19,3,3,11.7,12.6,65.0,946.0,1.6,0.0,0,14.0,0,0.0162885151083419,10.5,6.3760906706786615,10
2025,22,19,4,4,11.7,12.6,65.0,946.0,1.6,0.0,0,18.0,0,0.0179046079911539,10.5,6.3760906706786615,10
2025,22,19,6,0,11.7,12.6,65.0,946.0,1.6,0.0,0,15.0,0,0.0239330597316435,10.5,6.3760906706786615,10
2025,22,19,9,0,11.7,12.6,65.0,946.0,1.6,0.0,0,10.0,0,0.0160333425478979,10.5,6.3760906706786615,10
2025,22,19,10,7,11.7,12.6,65.0,946.0,1.6,0.0,0,8.0,0,0.0118548918706274,10.5,6.3760906706786615,10
2025,22,19,11,2,11.7,12.6,65.0,946.0,1.6,0.0,0,20.0,0,0.0129181108724775,10.5,6.3760906706786615,10
2025,22,19,12,4,11.7,12.6,65.0,946.0,1.6,0.0,0,11.0,0,0.027601165288026,10.5,6.3760906706786615,10
2025,22,19,14,7,11.7,12.6,65.0,946.0,1.6,0.0,0,6.0,0,0.0147255831756224,10.5,6.3760906706786615,10
2025,22,19,15,2,11.7,12.6,65.0,946.0,1.6,0.0,0,9.0,0,0.019712080294299,10.5,6.3760906706786615,10
2025,22,19,18,5,11.7,12.6,65.0,946.0,1.6,0.0,0,1.0,0,0.0325132370765729,10.5,6.3760906706786615,10
2025,22,19,19,3,11.7,12.6,65.0,946.0,1.6,0.0,0,13.0,0,0.0187445510026154,10.5,6.3760906706786615,10
2025,22,19,21,5,11.7,12.6,65.0,946.0,1.6,0.0,0,5.0,0,0.0315669721649264,10.5,6.3760906706786615,10
2025,22,19,23,6,11.7,12.6,65.0,946.0,1.6,0.0,0,4.0,0,0.0,10.5,6.3760906706786615,10
2025,22,19,24,9,11.7,12.6,65.0,946.0,1.6,0.0,0,3.0,0,0.017096561549748,10.5,6.3760906706786615,10
2025,22,19,26,1,11.7,12.6,65.0,946.0,1.6,0.0,0,12.0,0,0.0157250090373615,10.5,6.3760906706786615,10
2025,22,19,27,8,11.7,12.6,65.0,946.0,1.6,0.0,0,19.0,0,0.0277819125183405,10.5,6.3760906706786615,10
2025,22,19,28,8,11.7,12.6,65.0,946.0,1.6,0.0,0,2.0,0,0.0024135071341995,10.5,6.3760906706786615,10
2025,23,21,0,9,20.5,25.6,75.0,1016.6,0.8,0.0,0,15.0,1,0.0091562051089874,9.953121451114797,6.097900130929551,10
2025,23,21,1,1,20.5,25.6,75.0,1016.6,0.8,0.0,0,8.0,1,0.0049341078008868,9.21882337130319,6.114207740350912,9
2025,23,21,2,6,20.5,25.6,75.0,1016.6,0.8,0.0,0,5.0,1,0.0059584035975265,9.531862727567988,6.098957572603493,10
2025,23,21,3,3,20.5,25.6,75.0,1016.6,0.8,0.0,0,13.0,1,0.0179751420898131,10.685933454071089,6.096310777277843,11
2025,23,21,4,4,20.5,25.6,75.0,1016.6,0.8,0.0,0,14.0,1,0.0188870151770655,10.762052932487789,6.096649886323822,11
2025,23,21,6,0,20.5,25.6,75.0,1016.6,0.8,0.0,0,20.0,1,0.0288426706639185,11.381190273453972,6.105009637838639,11
2025,23,21,9,0,20.5,25.6,75.0,1016.6,0.8,0.0,0,9.0,1,0.0256948348010741,11.232352297893705,6.1012751569479295,11
2025,23,21,10,7,20.5,25.6,75.0,1016.6,0.8,0.0,0,6.0,1,0.0152645056523639,10.346947615555996,6.101372555591595,10
2025,23,21,11,2,20.5,25.6,75.0,1016.6,0.8,0.0,0,18.0,1,0.0248329273624383,11.183634244693309,6.100451990455384,11
2025,23,21,12,4,20.5,25.6,75.0,1016.6,0.8,0.0,0,11.0,1,0.015889076260071,11.760705786600289,6.117067332198705,12
2025,23,21,14,7,20.5,25.6,75.0,1016.6,0.8,0.0,0,12.0,1,0.0224345762288425,11.425688276787822,6.1315075489504745,11
2025,23,21,15,2,20.5,25.6,75.0,1016.6,0.8,0.0,0,10.0,1,0.0070826306913995,9.679257031188964,6.0965527746502834,10
2025,23,21,18,5,20.5,25.6,75.0,1016.6,0.8,0.0,0,2.0,1,0.0028730247954529,9.28565470487723,6.102703666106004,9
2025,23,21,19,3,20.5,25.6,75.0,1016.6,0.8,0.0,0,17.0,1,0.0201236649803259,11.075858567753512,6.099600981530573,11
2025,23,21,21,5,20.5,25.6,75.0,1016.6,0.8,0.0,0,1.0,1,0.0,9.117349552225024,6.102572206228382,9
2025,23,21,23,6,20.5,25.6,75.0,1016.6,0.8,0.0,0,4.0,1,0.0003997251889325,9.100601836850522,6.103296304400728,9
2025,23,21,24,9,20.5,25.6,75.0,1016.6,0.8,0.0,0,7.0,1,0.006083317719068,9.764847915154013,6.106368663240422,10
2025,23,21,26,1,20.5,25.6,75.0,1016.6,0.8,0.0,0,19.0,1,0.0218849540940602,10.99225564920769,6.09819172043612,11
2025,23,21,27,8,20.5,25.6,75.0,1016.6,0.8,0.0,0,16.0,1,0.0057960152395228,9.378107042012333,6.103011264289337,9
2025,23,21,28,8,20.5,25.6,75.0,1016.6,0.8,0.0,0,3.0,1,0.0059084379489101,9.229866893575739,6.102468240230548,9
2025,24,0,0,9,25.1,29.0,77.0,1017.2,1.1,0.0,0,17.0,0,0.0046559627522978,12.465946255618881,4.0895025912504765,12
2025,24,0,1,1,25.1,29.0,77.0,1017.2,1.1,0.0,0,6.0,0,0.0030119759041926,1.589023837129444,2.7548716383754877,2
2025,24,0,2,6,25.1,29.0,77.0,1017.2,1.1,0.0,0,14.0,0,0.0044759641922863,2.820566539697815,1.3749510488372951,3
2025,24,0,3,3,25.1,29.0,77.0,1017.2,1.1,0.0,0,11.0,0,0.003299973600211,1.626164955527198,1.0213732280301016,2
2025,24,0,4,4,25.1,29.0,77.0,1017.2,1.1,0.0,0,7.0,0,0.0054839561283508,9.85688911362582,4.485909975299859,10
2025,24,0,6,0,25.1,29.0,77.0,1017.2,1.1,0.0,0,20.0,0,0.0140038879688962,12.013170706367953,3.8087047281536917,12
2025,24,0,9,0,25.1,29.0,77.0,1017.2,1.1,0.0,0,19.0,0,0.0088559291525667,6.044914897841567,2.3912688883440762,6
2025,24,0,10,7,25.1,29.0,77.0,1017.2,1.1,0.0,0,9.0,0,0.0077399380804953,6.871012176249607,0.9381929998421503,7
2025,24,0,11,2,25.1,29.0,77.0,1017.2,1.1,0.0,0,16.0,0,0.0136318909448723,14.748497951148565,4.891514842188548,15
2025,24,0,12,4,25.1,29.0,77.0,1017.2,1.1,0.0,0,18.0,0,0.0064319485444116,10.5,5.7825357949801575,10
2025,24,0,14,7,25.1,29.0,77.0,1017.2,1.1,0.0,0,13.0,0,0.0073559411524707,6.2518552566839585,0.9229263211401748,6
2025,24,0,15,2,25.1,29.0,77.0,1017.2,1.1,0.0,0,5.0,0,0.0040919672642618,10.644217293653409,2.7109800933185757,11
2025,24,0,18,5,25.1,29.0,77.0,1017.2,1.1,0.0,0,2.0,0,4.7999616002960106e-05,1.7790114379786548,1.206753073492063,2
2025,24,0,19,3,25.1,29.0,77.0,1017.2,1.1,0.0,0,8.0,0,0.0032519739842081,11.439345593625568,5.581830344879944,11
2025,24,0,21,5,25.1,29.0,77.0,1017.2,1.1,0.0,0,3.0,0,0.0031079751361989,1.6741931370224528,1.1774712311894528,2
2025,24,0,23,6,25.1,29.0,77.0,1017.2,1.1,0.0,0,4.0,0,0.0,2.6666551841398727,2.065848749168736,3
2025,24,0,24,9,25.1,29.0,77.0,1017.2,1.1,0.0,0,12.0,0,0.0057239542083663,13.800316465300785,4.1427842344989685,14
2025,24,0,26,1,25.1,29.0,77.0,1017.2,1.1,0.0,0,15.0,0,0.0067319461444307,6.063113141269644,1.358574181193795,6
2025,24,0,27,8,25.1,29.0,77.0,1017.2,1.1,0.0,0,10.0,0,0.0163078695370436,12.130452297572917,1.877628080469478,12
2025,24,0,28,8,25.1,29.0,77.0,1017.2,1.1,0.0,0,1.0,0,0.0014879880960951,3.7157965088341918,1.862777666068587,4
