year,Round,Circuit,Driver,Team,AirTemp_C,TrackTemp_C,Humidity_pct,Pressure_hPa,WindSpeed_ms,Rainfall,Wet,GridPosition,IsSprintWeekend,circuit_layout,circuit_speed,circuit_character,track_length_km,num_corners,elevation_change_m,pred_quali_position,pred_std,pred_quali_position_int
2025,1,1,0,9,30.1,40.7,48.0,1009.4,0.7,0.0,0,6.0,0,0,0,0,5.278,14,10,10.354035980739564,5.939203595420002,10
2025,1,1,1,1,30.1,40.7,48.0,1009.4,0.7,0.0,0,12.0,0,0,0,0,5.278,14,10,10.326182475123401,5.939203766602764,10
2025,1,1,2,6,30.1,40.7,48.0,1009.4,0.7,0.0,0,16.0,0,0,0,0,5.278,14,10,10.338653048263962,5.939240752100473,10
2025,1,1,4,4,30.1,40.7,48.0,1009.4,0.7,0.0,0,15.0,0,0,0,0,5.278,14,10,10.444998873026107,5.939203595455304,10
2025,1,1,8,0,30.1,40.7,48.0,1009.4,0.7,0.0,0,14.0,0,0,0,0,5.278,14,10,10.427294412998945,5.939220097701437,10
2025,1,1,9,0,30.1,40.7,48.0,1009.4,0.7,0.0,0,9.0,0,0,0,0,5.278,14,10,10.436400373922147,5.939203950470867,10
2025,1,1,10,7,30.1,40.7,48.0,1009.4,0.7,0.0,0,11.0,0,0,0,0,5.278,14,10,10.43596773295813,5.939203833345414,10
2025,1,1,11,2,30.1,40.7,48.0,1009.4,0.7,0.0,0,8.0,0,0,0,0,5.278,14,10,10.275684539306518,5.939521127789685,10
2025,1,1,12,4,30.1,40.7,48.0,1009.4,0.7,0.0,0,17.0,0,0,0,0,5.278,14,10,10.446498137216473,5.939252237311766,10
2025,1,1,14,8,30.1,40.7,48.0,1009.4,0.7,0.0,0,18.0,0,0,0,0,5.278,14,10,10.355877500090287,5.9396881816754314,10
2025,1,1,15,2,30.1,40.7,48.0,1009.4,0.7,0.0,0,7.0,0,0,0,0,5.278,14,10,10.286206291465728,5.9392035954199995,10
2025,1,1,18,5,30.1,40.7,48.0,1009.4,0.7,0.0,0,1.0,0,0,0,0,5.278,14,10,10.259709644892153,5.939203595419498,10
2025,1,1,19,3,30.1,40.7,48.0,1009.4,0.7,0.0,0,19.0,0,0,0,0,5.278,14,10,10.388298259664898,5.939264557280692,10
2025,1,1,21,5,30.1,40.7,48.0,1009.4,0.7,0.0,0,2.0,0,0,0,0,5.278,14,10,10.278422936450918,5.939203595423465,10
2025,1,1,23,6,30.1,40.7,48.0,1009.4,0.7,0.0,0,4.0,0,0,0,0,5.278,14,10,10.310286627442947,5.939203595419788,10
2025,1,1,24,9,30.1,40.7,48.0,1009.4,0.7,0.0,0,10.0,0,0,0,0,5.278,14,10,10.35544770873431,5.939580909475162,10
2025,1,1,26,1,30.1,40.7,48.0,1009.4,0.7,0.0,0,13.0,0,0,0,0,5.278,14,10,10.306956798610509,5.939203595419323,10
2025,1,1,27,7,30.1,40.7,48.0,1009.4,0.7,0.0,0,5.0,0,0,0,0,5.278,14,10,10.299455287282901,5.939203595420005,10
2025,1,1,28,8,30.1,40.7,48.0,1009.4,0.7,0.0,0,3.0,0,0,0,0,5.278,14,10,10.235480623124184,5.939203595420005,10
2025,2,7,0,9,26.1,38.7,14.0,1015.1,2.3,0.0,0,10.0,1,1,2,0,5.451,16,10,10.514046798725735,4.785621765714115,11
2025,2,7,1,1,26.1,38.7,14.0,1015.1,2.3,0.0,0,13.0,1,1,2,0,5.451,16,10,10.477340850318615,4.785628265945582,10
2025,2,7,2,6,26.1,38.7,14.0,1015.1,2.3,0.0,0,8.0,1,1,2,0,5.451,16,10,10.518475815432136,4.7856194708123825,11
2025,2,7,3,3,26.1,38.7,14.0,1015.1,2.3,0.0,0,17.0,1,1,2,0,5.451,16,10,10.495468173523673,4.785628265966335,10
2025,2,7,4,4,26.1,38.7,14.0,1015.1,2.3,0.0,0,19.0,1,1,2,0,5.451,16,10,10.516271175559249,4.785620551329207,11
2025,2,7,8,0,26.1,38.7,14.0,1015.1,2.3,0.0,0,18.0,1,1,2,0,5.451,16,10,10.514681196741627,4.785620987326258,11
2025,2,7,9,0,26.1,38.7,14.0,1015.1,2.3,0.0,0,16.0,1,1,2,0,5.451,16,10,10.514681197287876,4.785620987327056,11
2025,2,7,10,7,26.1,38.7,14.0,1015.1,2.3,0.0,0,7.0,1,1,2,0,5.451,16,10,10.518514605012735,4.785619454653609,11
2025,2,7,11,2,26.1,38.7,14.0,1015.1,2.3,0.0,0,5.0,1,1,2,0,5.451,16,10,10.518039429543187,4.785619651975435,11
2025,2,7,12,4,26.1,38.7,14.0,1015.1,2.3,0.0,0,12.0,1,1,2,0,5.451,16,10,10.516271167848418,4.785620551356612,11
2025,2,7,14,8,26.1,38.7,14.0,1015.1,2.3,0.0,0,20.0,1,1,2,0,5.451,16,10,10.472671610687119,4.7856280690713575,10
2025,2,7,15,2,26.1,38.7,14.0,1015.1,2.3,0.0,0,6.0,1,1,2,0,5.451,16,10,10.486404511039085,4.785628265945582,10
2025,2,7,18,5,26.1,38.7,14.0,1015.1,2.3,0.0,0,3.0,1,1,2,0,5.451,16,10,10.481561420101892,4.7856280665931195,10
2025,2,7,19,3,26.1,38.7,14.0,1015.1,2.3,0.0,0,11.0,1,1,2,0,5.451,16,10,10.495579826733477,4.7856293443708084,10
2025,2,7,21,5,26.1,38.7,14.0,1015.1,2.3,0.0,0,1.0,1,1,2,0,5.451,16,10,10.481826408281739,4.7856280665931195,10
2025,2,7,23,6,26.1,38.7,14.0,1015.1,2.3,0.0,0,2.0,1,1,2,0,5.451,16,10,10.492446949976012,4.785628265945582,10
2025,2,7,24,9,26.1,38.7,14.0,1015.1,2.3,0.0,0,15.0,1,1,2,0,5.451,16,10,10.489430618603096,4.7856282864290955,10
2025,2,7,26,1,26.1,38.7,14.0,1015.1,2.3,0.0,0,14.0,1,1,2,0,5.451,16,10,10.506759928770668,4.785625251700013,11
2025,2,7,27,7,26.1,38.7,14.0,1015.1,2.3,0.0,0,9.0,1,1,2,0,5.451,16,10,10.518514605093776,4.785619454653862,11
2025,2,7,28,8,26.1,38.7,14.0,1015.1,2.3,0.0,0,4.0,1,1,2,0,5.451,16,10,10.472418292475956,4.785628069056057,10
2025,3,18,0,9,14.7,32.3,59.0,1013.3,3.0,0.0,0,9.0,0,1,0,2,5.807,18,40,13.374969044139569,2.651871985147386,13
2025,3,18,1,1,14.7,32.3,59.0,1013.3,3.0,0.0,0,13.0,0,1,0,2,5.807,18,40,7.388413949281306,2.409748337764909,7
2025,3,18,2,6,14.7,32.3,59.0,1013.3,3.0,0.0,0,6.0,0,1,0,2,5.807,18,40,7.388414512085475,2.409748275382372,7
2025,3,18,3,3,14.7,32.3,59.0,1013.3,3.0,0.0,0,10.0,0,1,0,2,5.807,18,40,15.72002316389925,3.1922249383273416,16
2025,3,18,4,4,14.7,32.3,59.0,1013.3,3.0,0.0,0,17.0,0,1,0,2,5.807,18,40,14.00879711597336,2.6538759568856736,14
2025,3,18,8,0,14.7,32.3,59.0,1013.3,3.0,0.0,0,19.0,0,1,0,2,5.807,18,40,17.5321734550452,2.494083255460589,18
2025,3,18,9,0,14.7,32.3,59.0,1013.3,3.0,0.0,0,11.0,0,1,0,2,5.807,18,40,17.53217360644104,2.4940832442410925,18
2025,3,18,10,7,14.7,32.3,59.0,1013.3,3.0,0.0,0,7.0,0,1,0,2,5.807,18,40,9.808845676634386,2.56468966643554,10
2025,3,18,11,2,14.7,32.3,59.0,1013.3,3.0,0.0,0,8.0,0,1,0,2,5.807,18,40,7.5398801079258995,2.682345548882916,8
2025,3,18,12,4,14.7,32.3,59.0,1013.3,3.0,0.0,0,16.0,0,1,0,2,5.807,18,40,11.669536229935245,5.804561201900576,12
2025,3,18,14,7,14.7,32.3,59.0,1013.3,3.0,0.0,0,14.0,0,1,0,2,5.807,18,40,9.808843707752851,2.5646969770509886,10
2025,3,18,15,2,14.7,32.3,59.0,1013.3,3.0,0.0,0,4.0,0,1,0,2,5.807,18,40,7.516608243510724,2.4940828001400437,8
2025,3,18,18,5,14.7,32.3,59.0,1013.3,3.0,0.0,0,2.0,0,1,0,2,5.807,18,40,4.012813590460222,2.494082851941941,4
2025,3,18,19,3,14.7,32.3,59.0,1013.3,3.0,0.0,0,18.0,0,1,0,2,5.807,18,40,15.7200222960829,3.192226236511266,16
2025,3,18,21,5,14.7,32.3,59.0,1013.3,3.0,0.0,0,3.0,0,1,0,2,5.807,18,40,4.012814591485929,2.49408283423247,4
2025,3,18,23,6,14.7,32.3,59.0,1013.3,3.0,0.0,0,5.0,0,1,0,2,5.807,18,40,7.388414849692553,2.4097482986026786,7
2025,3,18,24,9,14.7,32.3,59.0,1013.3,3.0,0.0,0,12.0,0,1,0,2,5.807,18,40,17.03198609571551,2.6526382939213105,17
2025,3,18,26,1,14.7,32.3,59.0,1013.3,3.0,0.0,0,20.0,0,1,0,2,5.807,18,40,14.510951421356825,2.72564712512335,15
2025,3,18,27,8,14.7,32.3,59.0,1013.3,3.0,0.0,0,15.0,0,1,0,2,5.807,18,40,3.4864093133932794,3.0968533416351316,3
2025,3,18,28,8,14.7,32.3,59.0,1013.3,3.0,0.0,0,1.0,0,1,0,2,5.807,18,40,2.061497587021062,2.57854771455088,2
2025,4,4,0,9,26.3,30.8,58.0,1004.2,3.1,0.0,0,15.0,0,1,2,0,5.412,15,15,10.632416308719312,6.3511572690793106,11
2025,4,4,1,1,26.3,30.8,58.0,1004.2,3.1,0.0,0,13.0,0,1,2,0,5.412,15,15,10.51131375395448,6.351467833780686,11
2025,4,4,2,6,26.3,30.8,58.0,1004.2,3.1,0.0,0,4.0,0,1,2,0,5.412,15,15,10.407149565633677,6.351512191129754,10
2025,4,4,3,3,26.3,30.8,58.0,1004.2,3.1,0.0,0,20.0,0,1,2,0,5.412,15,15,10.603256255735195,6.351170398124922,11
2025,4,4,4,4,26.3,30.8,58.0,1004.2,3.1,0.0,0,18.0,0,1,2,0,5.412,15,15,10.620990229345747,6.351338047765783,11
2025,4,4,8,0,26.3,30.8,58.0,1004.2,3.1,0.0,0,11.0,0,1,2,0,5.412,15,15,10.614471454790705,6.351382266777882,11
2025,4,4,9,0,26.3,30.8,58.0,1004.2,3.1,0.0,0,5.0,0,1,2,0,5.412,15,15,10.689250529367012,6.351526037885367,11
2025,4,4,10,7,26.3,30.8,58.0,1004.2,3.1,0.0,0,12.0,0,1,2,0,5.412,15,15,10.633512029250774,6.35113437187724,11
2025,4,4,11,2,26.3,30.8,58.0,1004.2,3.1,0.0,0,9.0,0,1,2,0,5.412,15,15,10.32959337488429,6.3515593296950925,10
2025,4,4,12,4,26.3,30.8,58.0,1004.2,3.1,0.0,0,16.0,0,1,2,0,5.412,15,15,10.62099022706806,6.351338047802778,11
2025,4,4,14,7,26.3,30.8,58.0,1004.2,3.1,0.0,0,17.0,0,1,2,0,5.412,15,15,10.633512029250774,6.35113437187724,11
2025,4,4,15,2,26.3,30.8,58.0,1004.2,3.1,0.0,0,3.0,0,1,2,0,5.412,15,15,10.317791619178696,6.351471012426568,10
2025,4,4,18,5,26.3,30.8,58.0,1004.2,3.1,0.0,0,6.0,0,1,2,0,5.412,15,15,10.600534527375498,6.35115978924317,11
2025,4,4,19,3,26.3,30.8,58.0,1004.2,3.1,0.0,0,14.0,0,1,2,0,5.412,15,15,10.603256216906514,6.351170399542577,11
2025,4,4,21,5,26.3,30.8,58.0,1004.2,3.1,0.0,0,1.0,0,1,2,0,5.412,15,15,10.605324202021002,6.351300502888081,11
2025,4,4,23,6,26.3,30.8,58.0,1004.2,3.1,0.0,0,2.0,0,1,2,0,5.412,15,15,10.389398256312301,6.3514323555947225,10
2025,4,4,24,9,26.3,30.8,58.0,1004.2,3.1,0.0,0,8.0,0,1,2,0,5.412,15,15,10.632883500006372,6.351150139727422,11
2025,4,4,26,1,26.3,30.8,58.0,1004.2,3.1,0.0,0,19.0,0,1,2,0,5.412,15,15,10.56025481340372,6.351442793911053,11
2025,4,4,27,8,26.3,30.8,58.0,1004.2,3.1,0.0,0,10.0,0,1,2,0,5.412,15,15,10.339322270309275,6.351458116277952,10
2025,4,4,28,8,26.3,30.8,58.0,1004.2,3.1,0.0,0,7.0,0,1,2,0,5.412,15,15,10.316819693649865,6.351457979842549,10
2025,5,22,0,9,29.5,37.150000000000006,59.0,1006.3,0.9,0.0,0,11.0,0,2,0,1,6.174,27,5,10.459818256381505,6.048300132231173,10
2025,5,22,1,1,29.5,37.150000000000006,59.0,1006.3,0.9,0.0,0,13.0,0,2,0,1,6.174,27,5,10.2018042318417,6.048311777000001,10
2025,5,22,2,6,29.5,37.150000000000006,59.0,1006.3,0.9,0.0,0,5.0,0,2,0,1,6.174,27,5,10.298430253529737,6.048888388986027,10
2025,5,22,3,3,29.5,37.150000000000006,59.0,1006.3,0.9,0.0,0,15.0,0,2,0,1,6.174,27,5,10.338983915409903,6.049216310479603,10
2025,5,22,4,4,29.5,37.150000000000006,59.0,1006.3,0.9,0.0,0,20.0,0,2,0,1,6.174,27,5,10.39719677416365,6.0481976656695124,10
2025,5,22,8,0,29.5,37.150000000000006,59.0,1006.3,0.9,0.0,0,17.0,0,2,0,1,6.174,27,5,10.374655371826046,6.048216094933713,10
2025,5,22,9,0,29.5,37.150000000000006,59.0,1006.3,0.9,0.0,0,9.0,0,2,0,1,6.174,27,5,10.374655373260579,6.048216094935734,10
2025,5,22,10,7,29.5,37.150000000000006,59.0,1006.3,0.9,0.0,0,14.0,0,2,0,1,6.174,27,5,10.423393190942685,6.048210289142823,10
2025,5,22,11,2,29.5,37.150000000000006,59.0,1006.3,0.9,0.0,0,7.0,0,2,0,1,6.174,27,5,10.27342304761015,6.048883643636044,10
2025,5,22,12,4,29.5,37.150000000000006,59.0,1006.3,0.9,0.0,0,18.0,0,2,0,1,6.174,27,5,10.380184610187888,6.048211861418169,10
2025,5,22,14,7,29.5,37.150000000000006,59.0,1006.3,0.9,0.0,0,12.0,0,2,0,1,6.174,27,5,10.423393190942685,6.048210289142823,10
2025,5,22,15,2,29.5,37.150000000000006,59.0,1006.3,0.9,0.0,0,4.0,0,2,0,1,6.174,27,5,10.218444586991913,6.048333508624507,10
2025,5,22,18,5,29.5,37.150000000000006,59.0,1006.3,0.9,0.0,0,10.0,0,2,0,1,6.174,27,5,10.454258532130074,6.048268146974497,10
2025,5,22,19,3,29.5,37.150000000000006,59.0,1006.3,0.9,0.0,0,19.0,0,2,0,1,6.174,27,5,10.380123733344824,6.048209844045857,10
2025,5,22,21,5,29.5,37.150000000000006,59.0,1006.3,0.9,0.0,0,2.0,0,2,0,1,6.174,27,5,10.361610834926436,6.048280784253076,10
2025,5,22,23,6,29.5,37.150000000000006,59.0,1006.3,0.9,0.0,0,3.0,0,2,0,1,6.174,27,5,10.236169208009722,6.048346526628206,10
2025,5,22,24,9,29.5,37.150000000000006,59.0,1006.3,0.9,0.0,0,6.0,0,2,0,1,6.174,27,5,10.46713825296276,6.04831359798593,10
2025,5,22,26,1,29.5,37.150000000000006,59.0,1006.3,0.9,0.0,0,16.0,0,2,0,1,6.174,27,5,10.224625352065207,6.048310006647622,10
2025,5,22,27,8,29.5,37.150000000000006,59.0,1006.3,0.9,0.0,0,8.0,0,2,0,1,6.174,27,5,10.355895012996,6.048550732999022,10
2025,5,22,28,8,29.5,37.150000000000006,59.0,1006.3,0.9,0.0,0,1.0,0,2,0,1,6.174,27,5,10.381081560025889,6.048290519488783,10
2025,6,20,0,9,27.8,39.7,63.5,1013.5,2.7,0.0,0,7.0,1,0,2,0,5.412,19,5,10.967099270757185,4.585051755347613,11
2025,6,20,1,1,27.8,39.7,63.5,1013.5,2.7,0.0,0,17.0,1,0,2,0,5.412,19,5,5.03178275325039,4.597884943747013,5
2025,6,20,2,6,27.8,39.7,63.5,1013.5,2.7,0.0,0,3.0,1,0,2,0,5.412,19,5,7.901002360106919,4.563500832498689,8
2025,6,20,3,3,27.8,39.7,63.5,1013.5,2.7,0.0,0,20.0,1,0,2,0,5.412,19,5,10.404273457625061,5.502197763302584,10
2025,6,20,4,4,27.8,39.7,63.5,1013.5,2.7,0.0,0,13.0,1,0,2,0,5.412,19,5,9.646205383824583,4.972338918995214,10
2025,6,20,8,0,27.8,39.7,63.5,1013.5,2.7,0.0,0,14.0,1,0,2,0,5.412,19,5,7.863116889705539,4.534766150281215,8
2025,6,20,9,0,27.8,39.7,63.5,1013.5,2.7,0.0,0,18.0,1,0,2,0,5.412,19,5,7.863114399319727,4.534766182063779,8
2025,6,20,10,7,27.8,39.7,63.5,1013.5,2.7,0.0,0,11.0,1,0,2,0,5.412,19,5,13.726749288819347,4.555518615323966,14
2025,6,20,11,2,27.8,39.7,63.5,1013.5,2.7,0.0,0,12.0,1,0,2,0,5.412,19,5,10.338983050847459,5.502743408432458,10
2025,6,20,12,4,27.8,39.7,63.5,1013.5,2.7,0.0,0,16.0,1,0,2,0,5.412,19,5,10.338983051462657,5.502743408432458,10
2025,6,20,14,7,27.8,39.7,63.5,1013.5,2.7,0.0,0,15.0,1,0,2,0,5.412,19,5,13.726749288819347,4.555518615323966,14
2025,6,20,15,2,27.8,39.7,63.5,1013.5,2.7,0.0,0,8.0,1,0,2,0,5.412,19,5,7.895112325747229,4.553537276364721,8
2025,6,20,18,5,27.8,39.7,63.5,1013.5,2.7,0.0,0,2.0,1,0,2,0,5.412,19,5,15.231869150362304,4.553629523055916,15
2025,6,20,19,3,27.8,39.7,63.5,1013.5,2.7,0.0,0,9.0,1,0,2,0,5.412,19,5,10.404273457400057,5.502197763306344,10
2025,6,20,21,5,27.8,39.7,63.5,1013.5,2.7,0.0,0,4.0,1,0,2,0,5.412,19,5,15.23186942009688,4.5536295230693025,15
2025,6,20,23,6,27.8,39.7,63.5,1013.5,2.7,0.0,0,5.0,1,0,2,0,5.412,19,5,7.901002358578955,4.563500825056076,8
2025,6,20,24,9,27.8,39.7,63.5,1013.5,2.7,0.0,0,6.0,1,0,2,0,5.412,19,5,10.967099284794408,4.585052482634016,11
2025,6,20,26,1,27.8,39.7,63.5,1013.5,2.7,0.0,0,19.0,1,0,2,0,5.412,19,5,14.672645601340868,4.597294452829301,15
2025,6,20,27,8,27.8,39.7,63.5,1013.5,2.7,0.0,0,10.0,1,0,2,0,5.412,19,5,6.925928817861333,4.68087562320427,7
2025,6,20,28,8,27.8,39.7,63.5,1013.5,2.7,0.0,0,1.0,1,0,2,0,5.412,19,5,9.612653211923325,4.571595259433254,10
2025,7,11,0,9,22.9,39.5,30.0,1008.6,2.0,0.0,0,7.0,0,1,2,2,4.909,19,20,13.854747440283653,3.5918935481485583,14
2025,7,11,1,1,22.9,39.5,30.0,1008.6,2.0,0.0,0,5.0,0,1,2,2,4.909,19,20,16.98008678880022,3.5987076661268427,17
2025,7,11,2,6,22.9,39.5,30.0,1008.6,2.0,0.0,0,13.0,0,1,2,2,4.909,19,20,8.361578739984317,3.59207600949757,8
2025,7,11,3,3,22.9,39.5,30.0,1008.6,2.0,0.0,0,19.0,0,1,2,2,4.909,19,20,13.641455247381028,3.835711261779661,14
2025,7,11,4,4,22.9,39.5,30.0,1008.6,2.0,0.0,0,14.0,0,1,2,2,4.909,19,20,15.31124682305288,3.5784045105318367,15
2025,7,11,6,0,22.9,39.5,30.0,1008.6,2.0,0.0,0,15.0,0,1,2,2,4.909,19,20,14.150048659928068,3.5759277576250534,14
2025,7,11,9,0,22.9,39.5,30.0,1008.6,2.0,0.0,0,10.0,0,1,2,2,4.909,19,20,14.150045757006561,3.575927095896886,14
2025,7,11,10,7,22.9,39.5,30.0,1008.6,2.0,0.0,0,9.0,0,1,2,2,4.909,19,20,8.208885855852847,3.609163965719945,8
2025,7,11,11,2,22.9,39.5,30.0,1008.6,2.0,0.0,0,12.0,0,1,2,2,4.909,19,20,6.034207557858213,3.6074603372792766,6
2025,7,11,12,4,22.9,39.5,30.0,1008.6,2.0,0.0,0,17.0,0,1,2,2,4.909,19,20,11.31044924081678,3.971395575318133,11
2025,7,11,14,7,22.9,39.5,30.0,1008.6,2.0,0.0,0,16.0,0,1,2,2,4.909,19,20,8.208885855852847,3.609163965719945,8
2025,7,11,15,2,22.9,39.5,30.0,1008.6,2.0,0.0,0,11.0,0,1,2,2,4.909,19,20,5.053490366980305,3.5925799496243065,5
2025,7,11,18,5,22.9,39.5,30.0,1008.6,2.0,0.0,0,4.0,0,1,2,2,4.909,19,20,4.08049793868659,3.586867669645763,4
2025,7,11,19,3,22.9,39.5,30.0,1008.6,2.0,0.0,0,18.0,0,1,2,2,4.909,19,20,11.920592452889782,3.8879503944173046,12
2025,7,11,21,5,22.9,39.5,30.0,1008.6,2.0,0.0,0,1.0,0,1,2,2,4.909,19,20,3.897014272320006,3.5869214714852173,4
2025,7,11,23,6,22.9,39.5,30.0,1008.6,2.0,0.0,0,3.0,0,1,2,2,4.909,19,20,7.199176447118189,3.5908464092903194,7
2025,7,11,24,9,22.9,39.5,30.0,1008.6,2.0,0.0,0,6.0,0,1,2,2,4.909,19,20,13.851343010432023,3.6056732793156696,14
2025,7,11,26,1,22.9,39.5,30.0,1008.6,2.0,0.0,0,8.0,0,1,2,2,4.909,19,20,12.9175621724786,3.583027219729465,13
2025,7,11,28,8,22.9,39.5,30.0,1008.6,2.0,0.0,0,2.0,0,1,2,2,4.909,19,20,2.750045453226745,3.598441689178269,3
2025,8,14,0,9,21.1,40.5,59.0,1014.9,0.8,0.0,0,10.0,0,2,1,2,3.337,19,42,9.90379642449131,3.748728091276358,10
2025,8,14,1,1,21.1,40.5,59.0,1014.9,0.8,0.0,0,7.0,0,2,1,2,3.337,19,42,13.763997378845895,3.754629167794122,14
2025,8,14,2,6,21.1,40.5,59.0,1014.9,0.8,0.0,0,15.0,0,2,1,2,3.337,19,42,9.215307187394966,3.72224930339984,9
2025,8,14,3,3,21.1,40.5,59.0,1014.9,0.8,0.0,0,17.0,0,2,1,2,3.337,19,42,12.198727244907143,3.7443529980203367,12
2025,8,14,4,4,21.1,40.5,59.0,1014.9,0.8,0.0,0,16.0,0,2,1,2,3.337,19,42,14.806501848522402,3.7671103373695107,15
2025,8,14,6,0,21.1,40.5,59.0,1014.9,0.8,0.0,0,20.0,0,2,1,2,3.337,19,42,12.544283095733183,3.758247427417195,13
2025,8,14,9,0,21.1,40.5,59.0,1014.9,0.8,0.0,0,18.0,0,2,1,2,3.337,19,42,11.465342666853234,3.757885422657159,11
2025,8,14,10,7,21.1,40.5,59.0,1014.9,0.8,0.0,0,6.0,0,2,1,2,3.337,19,42,9.90250488442815,3.7355025916725015,10
2025,8,14,11,2,21.1,40.5,59.0,1014.9,0.8,0.0,0,4.0,0,2,1,2,3.337,19,42,5.16661714840152,3.744340520171188,5
2025,8,14,12,4,21.1,40.5,59.0,1014.9,0.8,0.0,0,13.0,0,2,1,2,3.337,19,42,14.669461146039154,3.9185595448051886,15
2025,8,14,14,7,21.1,40.5,59.0,1014.9,0.8,0.0,0,9.0,0,2,1,2,3.337,19,42,9.90250488442815,3.7355025916725015,10
2025,8,14,15,2,21.1,40.5,59.0,1014.9,0.8,0.0,0,2.0,0,2,1,2,3.337,19,42,4.801432681417978,3.7443398977827864,5
2025,8,14,18,5,21.1,40.5,59.0,1014.9,0.8,0.0,0,1.0,0,2,1,2,3.337,19,42,3.211834401204631,3.7332813326224277,3
2025,8,14,19,3,21.1,40.5,59.0,1014.9,0.8,0.0,0,8.0,0,2,1,2,3.337,19,42,12.19872724005733,3.7443530294212257,12
2025,8,14,21,5,21.1,40.5,59.0,1014.9,0.8,0.0,0,3.0,0,2,1,2,3.337,19,42,3.2118343762078245,3.7332813329053707,3
2025,8,14,23,6,21.1,40.5,59.0,1014.9,0.8,0.0,0,14.0,0,2,1,2,3.337,19,42,7.566464621984094,3.7943260893517055,8
2025,8,14,24,9,21.1,40.5,59.0,1014.9,0.8,0.0,0,11.0,0,2,1,2,3.337,19,42,12.305493011525506,3.748729409245045,12
2025,8,14,26,1,21.1,40.5,59.0,1014.9,0.8,0.0,0,19.0,0,2,1,2,3.337,19,42,11.903770908284379,3.794326089351706,12
2025,8,14,27,8,21.1,40.5,59.0,1014.9,0.8,0.0,0,12.0,0,2,1,2,3.337,19,42,10.416666666666666,5.644187248741221,10
2025,8,14,28,8,21.1,40.5,59.0,1014.9,0.8,0.0,0,5.0,0,2,1,2,3.337,19,42,8.285031627704422,3.794326089351706,8
2025,9,9,0,9,29.2,47.8,36.0,1005.5,1.7,0.0,0,11.0,0,1,2,0,4.657,14,30,19.034768585385017,0.5601087484384377,19
2025,9,9,1,1,29.2,47.8,36.0,1005.5,1.7,0.0,0,10.0,0,1,2,0,4.657,14,30,16.02751354613666,2.836985184837801,16
2025,9,9,2,6,29.2,47.8,36.0,1005.5,1.7,0.0,0,6.0,0,1,2,0,4.657,14,30,6.153340878545665,0.7160998601416904,6
2025,9,9,3,3,29.2,47.8,36.0,1005.5,1.7,0.0,0,15.0,0,1,2,0,4.657,14,30,16.12554189825086,0.5805271977950802,16
2025,9,9,4,4,29.2,47.8,36.0,1005.5,1.7,0.0,0,12.0,0,1,2,0,4.657,14,30,15.521579144075485,2.025182778704633,16
2025,9,9,6,0,29.2,47.8,36.0,1005.5,1.7,0.0,0,19.0,0,1,2,0,4.657,14,30,12.261808471430903,1.6552082971173532,12
2025,9,9,9,0,29.2,47.8,36.0,1005.5,1.7,0.0,0,8.0,0,1,2,0,4.657,14,30,12.080303835847905,1.7119463799996455,12
2025,9,9,10,7,29.2,47.8,36.0,1005.5,1.7,0.0,0,9.0,0,1,2,0,4.657,14,30,13.07646750648329,0.5411218107637297,13
2025,9,9,11,2,29.2,47.8,36.0,1005.5,1.7,0.0,0,5.0,0,1,2,0,4.657,14,30,10.499999985443287,5.896360579584939,10
2025,9,9,12,4,29.2,47.8,36.0,1005.5,1.7,0.0,0,16.0,0,1,2,0,4.657,14,30,15.521579122868836,2.0251828890009613,16
2025,9,9,14,7,29.2,47.8,36.0,1005.5,1.7,0.0,0,13.0,0,1,2,0,4.657,14,30,13.07646750648329,0.5411218107637297,13
2025,9,9,15,2,29.2,47.8,36.0,1005.5,1.7,0.0,0,7.0,0,1,2,0,4.657,14,30,1.1127107278610655,0.6232753655619598,1
2025,9,9,18,5,29.2,47.8,36.0,1005.5,1.7,0.0,0,2.0,0,1,2,0,4.657,14,30,11.311080832222386,0.6232753655619598,11
2025,9,9,19,3,29.2,47.8,36.0,1005.5,1.7,0.0,0,17.0,0,1,2,0,4.657,14,30,15.898157464625076,1.8050619874946574,16
2025,9,9,21,5,29.2,47.8,36.0,1005.5,1.7,0.0,0,1.0,0,1,2,0,4.657,14,30,9.016713034052483,0.8848517886216393,9
2025,9,9,23,6,29.2,47.8,36.0,1005.5,1.7,0.0,0,4.0,0,1,2,0,4.657,14,30,4.1846850321102895,0.6186816532372691,4
2025,9,9,24,9,29.2,47.8,36.0,1005.5,1.7,0.0,0,18.0,0,1,2,0,4.657,14,30,10.500000016946816,5.896360579584939,11
2025,9,9,26,1,29.2,47.8,36.0,1005.5,1.7,0.0,0,14.0,0,1,2,0,4.657,14,30,17.86137560096952,0.5890147065933742,18
2025,9,9,27,8,29.2,47.8,36.0,1005.5,1.7,0.0,0,20.0,0,1,2,0,4.657,14,30,4.992837381605921,0.7644748198214242,5
2025,9,9,28,8,29.2,47.8,36.0,1005.5,1.7,0.0,0,3.0,0,1,2,0,4.657,14,30,2.11887660227932,0.6222391944640345,2
2025,10,15,0,9,21.3,43.1,31.0,1018.9,2.3,0.0,0,10.0,0,0,2,0,4.361,14,5,10.72670774178384,6.27992137159464,11
2025,10,15,1,1,21.3,43.1,31.0,1018.9,2.3,0.0,0,6.0,0,0,2,0,4.361,14,5,10.334521053674035,6.283888367043107,10
2025,10,15,2,6,21.3,43.1,31.0,1018.9,2.3,0.0,0,4.0,0,0,2,0,4.361,14,5,10.379406075379563,6.280292090351613,10
2025,10,15,3,3,21.3,43.1,31.0,1018.9,2.3,0.0,0,14.0,0,0,2,0,4.361,14,5,10.200026568941329,6.280587095676157,10
2025,10,15,4,4,21.3,43.1,31.0,1018.9,2.3,0.0,0,16.0,0,0,2,0,4.361,14,5,10.399049878310652,6.280394445279173,10
2025,10,15,6,0,21.3,43.1,31.0,1018.9,2.3,0.0,0,12.0,0,0,2,0,4.361,14,5,10.629742413744669,6.284125113596556,11
2025,10,15,9,0,21.3,43.1,31.0,1018.9,2.3,0.0,0,20.0,0,0,2,0,4.361,14,5,10.63901284927962,6.283888367043107,11
2025,10,15,10,7,21.3,43.1,31.0,1018.9,2.3,0.0,0,9.0,0,0,2,0,4.361,14,5,10.849038225700262,6.280433297892834,11
2025,10,15,11,2,21.3,43.1,31.0,1018.9,2.3,0.0,0,5.0,0,0,2,0,4.361,14,5,10.729349553819914,6.281276675903912,11
2025,10,15,12,4,21.3,43.1,31.0,1018.9,2.3,0.0,0,13.0,0,0,2,0,4.361,14,5,10.5,6.28568529401984,10
2025,10,15,14,7,21.3,43.1,31.0,1018.9,2.3,0.0,0,19.0,0,0,2,0,4.361,14,5,10.849038225700262,6.280433297892834,11
2025,10,15,15,2,21.3,43.1,31.0,1018.9,2.3,0.0,0,8.0,0,0,2,0,4.361,14,5,10.76535278825563,6.279857115786786,11
2025,10,15,18,5,21.3,43.1,31.0,1018.9,2.3,0.0,0,7.0,0,0,2,0,4.361,14,5,10.727706266980846,6.2799197057326355,11
2025,10,15,19,3,21.3,43.1,31.0,1018.9,2.3,0.0,0,15.0,0,0,2,0,4.361,14,5,10.49999999995684,6.28568529401984,10
2025,10,15,21,5,21.3,43.1,31.0,1018.9,2.3,0.0,0,3.0,0,0,2,0,4.361,14,5,10.727706297269167,6.279919705883551,11
2025,10,15,23,6,21.3,43.1,31.0,1018.9,2.3,0.0,0,1.0,0,0,2,0,4.361,14,5,10.37964130020931,6.280289787790348,10
2025,10,15,24,9,21.3,43.1,31.0,1018.9,2.3,0.0,0,17.0,0,0,2,0,4.361,14,5,10.169283688785434,6.2806616897444565,10
2025,10,15,26,1,21.3,43.1,31.0,1018.9,2.3,0.0,0,18.0,0,0,2,0,4.361,14,5,10.798168639236922,6.279914998330758,11
2025,10,15,27,8,21.3,43.1,31.0,1018.9,2.3,0.0,0,11.0,0,0,2,0,4.361,14,5,10.72806284435866,6.281323894048554,11
2025,10,15,28,8,21.3,43.1,31.0,1018.9,2.3,0.0,0,2.0,0,0,2,0,4.361,14,5,10.156920000839463,6.280661689683572,10
2025,11,2,0,9,27.8,47.2,34.0,945.3,1.3,0.0,0,12.0,0,1,0,1,4.318,10,65,12.586078601083704,5.2160377059580645,13
2025,11,2,1,1,27.8,47.2,34.0,945.3,1.3,0.0,0,11.0,0,1,0,1,4.318,10,65,14.131523999768755,5.213410340476651,14
2025,11,2,2,6,27.8,47.2,34.0,945.3,1.3,0.0,0,9.0,0,1,0,1,4.318,10,65,7.4695677894867,5.372717228574458,7
2025,11,2,3,3,27.8,47.2,34.0,945.3,1.3,0.0,0,15.0,0,1,0,1,4.318,10,65,9.743021130474132,5.203879734429756,10
2025,11,2,4,4,27.8,47.2,34.0,945.3,1.3,0.0,0,8.0,0,1,0,1,4.318,10,65,13.358442060376955,5.213010717275154,13
2025,11,2,6,0,27.8,47.2,34.0,945.3,1.3,0.0,0,14.0,0,1,0,1,4.318,10,65,9.74302139683084,5.2038797316186916,10
2025,11,2,9,0,27.8,47.2,34.0,945.3,1.3,0.0,0,10.0,0,1,0,1,4.318,10,65,10.11996437370057,5.215277644833359,10
2025,11,2,10,7,27.8,47.2,34.0,945.3,1.3,0.0,0,13.0,0,1,0,1,4.318,10,65,10.879854663442392,5.217602330598226,11
2025,11,2,11,2,27.8,47.2,34.0,945.3,1.3,0.0,0,4.0,0,1,0,1,4.318,10,65,7.9890076829195955,5.551586089602476,8
2025,11,2,12,4,27.8,47.2,34.0,945.3,1.3,0.0,0,20.0,0,1,0,1,4.318,10,65,13.256325893300644,5.270571635294667,13
2025,11,2,14,7,27.8,47.2,34.0,945.3,1.3,0.0,0,6.0,0,1,0,1,4.318,10,65,10.879854663442392,5.217602330598226,11
2025,11,2,15,2,27.8,47.2,34.0,945.3,1.3,0.0,0,2.0,0,1,0,1,4.318,10,65,7.205525814308604,5.2145810530772465,7
2025,11,2,18,5,27.8,47.2,34.0,945.3,1.3,0.0,0,1.0,0,1,0,1,4.318,10,65,9.301025558390648,5.213852269593366,9
2025,11,2,19,3,27.8,47.2,34.0,945.3,1.3,0.0,0,17.0,0,1,0,1,4.318,10,65,9.171272953701996,5.207578386620101,9
2025,11,2,21,5,27.8,47.2,34.0,945.3,1.3,0.0,0,3.0,0,1,0,1,4.318,10,65,9.199163384829653,5.3135437922560875,9
2025,11,2,23,6,27.8,47.2,34.0,945.3,1.3,0.0,0,5.0,0,1,0,1,4.318,10,65,6.734318764302589,5.212648722169714,7
2025,11,2,24,9,27.8,47.2,34.0,945.3,1.3,0.0,0,19.0,0,1,0,1,4.318,10,65,14.899620877608356,5.2160377241274585,15
2025,11,2,26,1,27.8,47.2,34.0,945.3,1.3,0.0,0,16.0,0,1,0,1,4.318,10,65,14.131528197367249,5.2134102426463995,14
2025,11,2,27,8,27.8,47.2,34.0,945.3,1.3,0.0,0,18.0,0,1,0,1,4.318,10,65,10.499260143714025,5.933688338861753,10
2025,11,2,28,8,27.8,47.2,34.0,945.3,1.3,0.0,0,7.0,0,1,0,1,4.318,10,65,5.7040498919102225,5.221125936690882,6
2025,12,6,0,9,19.9,27.4,76.0,994.9,4.0,0.0,0,14.0,0,1,0,0,5.891,18,25,9.760285601463302,3.650891640409439,10
2025,12,6,1,1,19.9,27.4,76.0,994.9,4.0,0.0,0,9.0,0,1,0,0,5.891,18,25,10.406269262841572,3.650925418560746,10
2025,12,6,2,6,19.9,27.4,76.0,994.9,4.0,0.0,0,7.0,0,1,0,0,5.891,18,25,2.5263273673385145,3.4943817312191503,3
2025,12,6,3,3,19.9,27.4,76.0,994.9,4.0,0.0,0,8.0,0,1,0,0,5.891,18,25,13.778908450027169,3.5654463835774135,14
2025,12,6,4,4,19.9,27.4,76.0,994.9,4.0,0.0,0,17.0,0,1,0,0,5.891,18,25,11.973279390313913,3.3636426080007573,12
2025,12,6,6,0,19.9,27.4,76.0,994.9,4.0,0.0,0,20.0,0,1,0,0,5.891,18,25,19.00695210259645,3.4944614260988796,19
2025,12,6,9,0,19.9,27.4,76.0,994.9,4.0,0.0,0,10.0,0,1,0,0,5.891,18,25,19.006954979818282,3.4944614351614556,19
2025,12,6,10,7,19.9,27.4,76.0,994.9,4.0,0.0,0,13.0,0,1,0,0,5.891,18,25,11.97326922256499,3.363644046643051,12
2025,12,6,11,2,19.9,27.4,76.0,994.9,4.0,0.0,0,5.0,0,1,0,0,5.891,18,25,10.631748118054665,3.5090677937614743,11
2025,12,6,12,4,19.9,27.4,76.0,994.9,4.0,0.0,0,19.0,0,1,0,0,5.891,18,25,7.564711993155396,4.796374701640396,8
2025,12,6,14,7,19.9,27.4,76.0,994.9,4.0,0.0,0,16.0,0,1,0,0,5.891,18,25,11.97326922256499,3.363644046643051,12
2025,12,6,15,2,19.9,27.4,76.0,994.9,4.0,0.0,0,6.0,0,1,0,0,5.891,18,25,11.204273387770689,3.509051649321553,11
2025,12,6,18,5,19.9,27.4,76.0,994.9,4.0,0.0,0,3.0,0,1,0,0,5.891,18,25,6.563072428866155,3.494461134343278,7
2025,12,6,19,3,19.9,27.4,76.0,994.9,4.0,0.0,0,15.0,0,1,0,0,5.891,18,25,13.778908108654878,3.565447047125461,14
2025,12,6,21,5,19.9,27.4,76.0,994.9,4.0,0.0,0,2.0,0,1,0,0,5.891,18,25,6.563079977539378,3.494461140097379,7
2025,12,6,23,6,19.9,27.4,76.0,994.9,4.0,0.0,0,4.0,0,1,0,0,5.891,18,25,2.5263071662358865,3.494381730926602,3
2025,12,6,24,9,19.9,27.4,76.0,994.9,4.0,0.0,0,11.0,0,1,0,0,5.891,18,25,11.896911006778643,3.3794430050004807,12
2025,12,6,26,1,19.9,27.4,76.0,994.9,4.0,0.0,0,18.0,0,1,0,0,5.891,18,25,7.774848448591106,3.6479890562561392,8
2025,12,6,27,8,19.9,27.4,76.0,994.9,4.0,0.0,0,12.0,0,1,0,0,5.891,18,25,10.416666681441258,5.664929046958824,10
2025,12,6,28,8,19.9,27.4,76.0,994.9,4.0,0.0,0,1.0,0,1,0,0,5.891,18,25,6.916850415871465,3.6508916404094385,7
2025,13,5,0,9,22.6,37.3,55.0,967.8,1.3,0.0,0,5.0,1,1,0,1,7.004,19,100,11.047440837252807,5.6556963790657155,11
2025,13,5,1,1,22.6,37.3,55.0,967.8,1.3,0.0,0,19.0,1,1,0,1,7.004,19,100,12.690091732356827,5.634620863105619,13
2025,13,5,2,6,22.6,37.3,55.0,967.8,1.3,0.0,0,18.0,1,1,0,1,7.004,19,100,9.58087963257345,5.655245785762862,10
2025,13,5,3,3,22.6,37.3,55.0,967.8,1.3,0.0,0,12.0,1,1,0,1,7.004,19,100,12.812599289317596,5.6408341539268,13
2025,13,5,4,4,22.6,37.3,55.0,967.8,1.3,0.0,0,10.0,1,1,0,1,7.004,19,100,12.690127112567321,5.634622581442771,13
2025,13,5,6,0,22.6,37.3,55.0,967.8,1.3,0.0,0,17.0,1,1,0,1,7.004,19,100,9.821105787403752,5.651631560771857,10
2025,13,5,9,0,22.6,37.3,55.0,967.8,1.3,0.0,0,13.0,1,1,0,1,7.004,19,100,9.94761821980462,5.68871257014193,10
2025,13,5,10,7,22.6,37.3,55.0,967.8,1.3,0.0,0,8.0,1,1,0,1,7.004,19,100,12.41082727626926,5.704890486454628,12
2025,13,5,11,2,22.6,37.3,55.0,967.8,1.3,0.0,0,16.0,1,1,0,1,7.004,19,100,7.400436778470771,5.715540863313737,7
2025,13,5,12,4,22.6,37.3,55.0,967.8,1.3,0.0,0,14.0,1,1,0,1,7.004,19,100,12.349917026347008,5.866281315841008,12
2025,13,5,14,7,22.6,37.3,55.0,967.8,1.3,0.0,0,9.0,1,1,0,1,7.004,19,100,12.41082727626926,5.704890486454628,12
2025,13,5,15,2,22.6,37.3,55.0,967.8,1.3,0.0,0,3.0,1,1,0,1,7.004,19,100,7.65971864232606,5.6482785938377535,8
2025,13,5,18,5,22.6,37.3,55.0,967.8,1.3,0.0,0,1.0,1,1,0,1,7.004,19,100,11.546988650940873,5.638380369580521,12
2025,13,5,19,3,22.6,37.3,55.0,967.8,1.3,0.0,0,11.0,1,1,0,1,7.004,19,100,12.807868247357236,5.642424762204993,13
2025,13,5,21,5,22.6,37.3,55.0,967.8,1.3,0.0,0,2.0,1,1,0,1,7.004,19,100,11.547080610087917,5.638380111766997,12
2025,13,5,23,6,22.6,37.3,55.0,967.8,1.3,0.0,0,6.0,1,1,0,1,7.004,19,100,9.703389639313652,5.650834194445977,10
2025,13,5,24,9,22.6,37.3,55.0,967.8,1.3,0.0,0,15.0,1,1,0,1,7.004,19,100,12.661984440341822,5.71270257199465,13
2025,13,5,26,1,22.6,37.3,55.0,967.8,1.3,0.0,0,20.0,1,1,0,1,7.004,19,100,10.763920387570574,5.6556963790657155,11
2025,13,5,27,8,22.6,37.3,55.0,967.8,1.3,0.0,0,7.0,1,1,0,1,7.004,19,100,10.49999999999301,5.97911795476081,10
2025,13,5,28,8,22.6,37.3,55.0,967.8,1.3,0.0,0,4.0,1,1,0,1,7.004,19,100,7.317392459196636,5.652424287710749,7
2025,14,17,0,9,28.3,41.0,36.0,983.4,1.9,0.0,0,20.0,0,1,1,2,4.381,14,35,13.00216969081651,5.867251939796392,13
2025,14,17,1,1,28.3,41.0,36.0,983.4,1.9,0.0,0,5.0,0,1,1,2,4.381,14,35,10.259817370493643,5.855217463872982,10
2025,14,17,2,6,28.3,41.0,36.0,983.4,1.9,0.0,0,15.0,0,1,1,2,4.381,14,35,10.500024452802213,6.249178078926726,11
2025,14,17,3,3,28.3,41.0,36.0,983.4,1.9,0.0,0,11.0,0,1,1,2,4.381,14,35,10.66258228639246,5.859437108528838,11
2025,14,17,4,4,28.3,41.0,36.0,983.4,1.9,0.0,0,7.0,0,1,1,2,4.381,14,35,9.632269215741506,5.851772883332067,10
2025,14,17,6,0,28.3,41.0,36.0,983.4,1.9,0.0,0,14.0,0,1,1,2,4.381,14,35,10.9670289885998,5.870119257193579,11
2025,14,17,9,0,28.3,41.0,36.0,983.4,1.9,0.0,0,17.0,0,1,1,2,4.381,14,35,11.539992937209146,5.870624647687459,12
2025,14,17,10,7,28.3,41.0,36.0,983.4,1.9,0.0,0,10.0,0,1,1,2,4.381,14,35,12.777970059898113,5.865360910084082,13
2025,14,17,11,2,28.3,41.0,36.0,983.4,1.9,0.0,0,12.0,0,1,1,2,4.381,14,35,10.5,6.249178079051421,10
2025,14,17,12,4,28.3,41.0,36.0,983.4,1.9,0.0,0,19.0,0,1,1,2,4.381,14,35,9.633757284340602,5.851922045787586,10
2025,14,17,14,7,28.3,41.0,36.0,983.4,1.9,0.0,0,9.0,0,1,1,2,4.381,14,35,12.777970059898113,5.865360910084082,13
2025,14,17,15,2,28.3,41.0,36.0,983.4,1.9,0.0,0,1.0,0,1,1,2,4.381,14,35,8.930246642026777,5.867591125561017,9
2025,14,17,18,5,28.3,41.0,36.0,983.4,1.9,0.0,0,3.0,0,1,1,2,4.381,14,35,7.960327968106197,5.870523356959777,8
2025,14,17,19,3,28.3,41.0,36.0,983.4,1.9,0.0,0,18.0,0,1,1,2,4.381,14,35,10.66301514700137,5.861764121400423,11
2025,14,17,21,5,28.3,41.0,36.0,983.4,1.9,0.0,0,2.0,0,1,1,2,4.381,14,35,8.036772904058537,5.870575678409694,8
2025,14,17,23,6,28.3,41.0,36.0,983.4,1.9,0.0,0,4.0,0,1,1,2,4.381,14,35,12.317364481579023,5.8727064344654485,12
2025,14,17,24,9,28.3,41.0,36.0,983.4,1.9,0.0,0,13.0,0,1,1,2,4.381,14,35,12.865771391080996,5.914249088122698,13
2025,14,17,26,1,28.3,41.0,36.0,983.4,1.9,0.0,0,6.0,0,1,1,2,4.381,14,35,11.619044986196926,5.861967533233826,12
2025,14,17,27,8,28.3,41.0,36.0,983.4,1.9,0.0,0,16.0,0,1,1,2,4.381,14,35,9.632266729796179,5.851772970398669,10
2025,14,17,28,8,28.3,41.0,36.0,983.4,1.9,0.0,0,8.0,0,1,1,2,4.381,14,35,8.900496428734872,5.856247113981916,9
2025,15,8,0,9,20.6,34.2,64.0,1006.1,4.0,0.0,0,15.0,0,1,2,2,4.259,14,30,9.296889704998357,1.8508649525365877,9
2025,15,8,1,1,20.6,34.2,64.0,1006.1,4.0,0.0,0,10.0,0,1,2,2,4.259,14,30,7.364695380868883,1.8546571411807928,7
2025,15,8,2,6,20.6,34.2,64.0,1006.1,4.0,0.0,0,11.0,0,1,2,2,4.259,14,30,10.173126903334825,6.227496546522449,10
2025,15,8,3,3,20.6,34.2,64.0,1006.1,4.0,0.0,0,19.0,0,1,2,2,4.259,14,30,13.551726920061853,1.8389908936386632,14
2025,15,8,4,4,20.6,34.2,64.0,1006.1,4.0,0.0,0,13.0,0,1,2,2,4.259,14,30,17.272901272244603,1.7226410037493587,17
2025,15,8,6,0,20.6,34.2,64.0,1006.1,4.0,0.0,0,16.0,0,1,2,2,4.259,14,30,9.490524354917458,1.7014721778166733,9
2025,15,8,9,0,20.6,34.2,64.0,1006.1,4.0,0.0,0,14.0,0,1,2,2,4.259,14,30,9.49052661853086,1.701472542492159,9
2025,15,8,10,7,20.6,34.2,64.0,1006.1,4.0,0.0,0,4.0,0,1,2,2,4.259,14,30,11.366200824166398,1.783333685328823,11
2025,15,8,11,2,20.6,34.2,64.0,1006.1,4.0,0.0,0,7.0,0,1,2,2,4.259,14,30,10.124248581243814,6.227490867670371,10
2025,15,8,12,4,20.6,34.2,64.0,1006.1,4.0,0.0,0,17.0,0,1,2,2,4.259,14,30,17.272876968679245,1.7227107296660331,17
2025,15,8,14,7,20.6,34.2,64.0,1006.1,4.0,0.0,0,8.0,0,1,2,2,4.259,14,30,18.134859707687706,2.66358664244624,18
2025,15,8,15,2,20.6,34.2,64.0,1006.1,4.0,0.0,0,6.0,0,1,2,2,4.259,14,30,7.142847608615177,1.7225727083434084,7
2025,15,8,18,5,20.6,34.2,64.0,1006.1,4.0,0.0,0,2.0,0,1,2,2,4.259,14,30,1.9149853407185784,1.8431060844473461,2
2025,15,8,19,3,20.6,34.2,64.0,1006.1,4.0,0.0,0,18.0,0,1,2,2,4.259,14,30,16.532758519429628,3.4032576222070134,17
2025,15,8,21,5,20.6,34.2,64.0,1006.1,4.0,0.0,0,1.0,0,1,2,2,4.259,14,30,4.573120894522763,1.9174115592644103,5
2025,15,8,23,6,20.6,34.2,64.0,1006.1,4.0,0.0,0,5.0,0,1,2,2,4.259,14,30,3.984017029271878,1.8546570378224343,4
2025,15,8,24,9,20.6,34.2,64.0,1006.1,4.0,0.0,0,9.0,0,1,2,2,4.259,14,30,13.323590914429523,2.208231041754214,13
2025,15,8,26,1,20.6,34.2,64.0,1006.1,4.0,0.0,0,20.0,0,1,2,2,4.259,14,30,9.490346599594757,1.7014733012513827,9
2025,15,8,27,8,20.6,34.2,64.0,1006.1,4.0,0.0,0,12.0,0,1,2,2,4.259,14,30,5.39501271280534,1.8401421145237313,5
2025,15,8,28,8,20.6,34.2,64.0,1006.1,4.0,0.0,0,3.0,0,1,2,2,4.259,14,30,1.505696236996826,1.8401361575933137,2
2025,16,12,0,9,26.6,42.45,36.0,998.6,1.5,0.0,0,14.0,0,1,0,1,5.793,11,7,7.224777064340536,2.883899255467589,7
2025,16,12,1,1,26.6,42.45,36.0,998.6,1.5,0.0,0,9.0,0,1,0,1,5.793,11,7,10.304105233235884,2.8838992559750785,10
2025,16,12,2,6,26.6,42.45,36.0,998.6,1.5,0.0,0,7.0,0,1,0,1,5.793,11,7,6.8689746633841775,2.901113532791599,7
2025,16,12,3,3,26.6,42.45,36.0,998.6,1.5,0.0,0,11.0,0,1,0,1,5.793,11,7,17.27144385728092,2.7765981426719097,17
2025,16,12,4,4,26.6,42.45,36.0,998.6,1.5,0.0,0,8.0,0,1,0,1,5.793,11,7,14.579403628645561,2.7960195865669393,15
2025,16,12,6,0,26.6,42.45,36.0,998.6,1.5,0.0,0,18.0,0,1,0,1,5.793,11,7,14.466709182673336,2.7602600290015284,14
2025,16,12,9,0,26.6,42.45,36.0,998.6,1.5,0.0,0,19.0,0,1,0,1,5.793,11,7,14.466708946165213,2.7602599935637486,14
2025,16,12,10,7,26.6,42.45,36.0,998.6,1.5,0.0,0,16.0,0,1,0,1,5.793,11,7,12.679349943099371,2.8319007524104447,13
2025,16,12,11,2,26.6,42.45,36.0,998.6,1.5,0.0,0,5.0,0,1,0,1,5.793,11,7,3.2254711962181757,2.88457314443699,3
2025,16,12,12,4,26.6,42.45,36.0,998.6,1.5,0.0,0,12.0,0,1,0,1,5.793,11,7,13.225226076296073,4.509850512775047,13
2025,16,12,14,7,26.6,42.45,36.0,998.6,1.5,0.0,0,20.0,0,1,0,1,5.793,11,7,11.755410246860748,3.019046118016622,12
2025,16,12,15,2,26.6,42.45,36.0,998.6,1.5,0.0,0,4.0,0,1,0,1,5.793,11,7,3.111330369548889,2.7607057631596974,3
2025,16,12,18,5,26.6,42.45,36.0,998.6,1.5,0.0,0,2.0,0,1,0,1,5.793,11,7,6.759745195315247,2.7607127857070837,7
2025,16,12,19,3,26.6,42.45,36.0,998.6,1.5,0.0,0,15.0,0,1,0,1,5.793,11,7,17.271443600097363,2.776598453468094,17
2025,16,12,21,5,26.6,42.45,36.0,998.6,1.5,0.0,0,3.0,0,1,0,1,5.793,11,7,6.759728108225158,2.7607128219778008,7
2025,16,12,23,6,26.6,42.45,36.0,998.6,1.5,0.0,0,6.0,0,1,0,1,5.793,11,7,4.88319182920764,2.7820821642218263,5
2025,16,12,24,9,26.6,42.45,36.0,998.6,1.5,0.0,0,13.0,0,1,0,1,5.793,11,7,14.85426785445884,2.781624845622083,15
2025,16,12,26,1,26.6,42.45,36.0,998.6,1.5,0.0,0,17.0,0,1,0,1,5.793,11,7,18.119656612104116,2.782538474735244,18
2025,16,12,27,8,26.6,42.45,36.0,998.6,1.5,0.0,0,10.0,0,1,0,1,5.793,11,7,10.500000000000977,5.516381470825499,11
2025,16,12,28,8,26.6,42.45,36.0,998.6,1.5,0.0,0,1.0,0,1,0,1,5.793,11,7,3.845519877277951,2.7780228126841493,4
2025,17,3,0,9,20.8,26.7,60.0,1013.6,2.1,0.0,0,19.0,0,2,0,1,6.003,20,15,10.25,6.300239450687715,10
2025,17,3,1,1,20.8,26.7,60.0,1013.6,2.1,0.0,0,11.0,0,2,0,1,6.003,20,15,10.25,6.300239450687715,10
2025,17,3,2,6,20.8,26.7,60.0,1013.6,2.1,0.0,0,4.0,0,2,0,1,6.003,20,15,10.25,6.300239450687715,10
2025,17,3,3,3,20.8,26.7,60.0,1013.6,2.1,0.0,0,15.0,0,2,0,1,6.003,20,15,10.25,6.300239450687715,10
2025,17,3,4,4,20.8,26.7,60.0,1013.6,2.1,0.0,0,13.0,0,2,0,1,6.003,20,15,10.25,6.300239450687715,10
2025,17,3,6,0,20.8,26.7,60.0,1013.6,2.1,0.0,0,16.0,0,2,0,1,6.003,20,15,10.25,6.300239450687715,10
2025,17,3,9,0,20.8,26.7,60.0,1013.6,2.1,0.0,0,18.0,0,2,0,1,6.003,20,15,10.25,6.300239450687715,10
2025,17,3,10,7,20.8,26.7,60.0,1013.6,2.1,0.0,0,8.0,0,2,0,1,6.003,20,15,10.25,6.300239450687715,10
2025,17,3,11,2,20.8,26.7,60.0,1013.6,2.1,0.0,0,12.0,0,2,0,1,6.003,20,15,10.25,6.300239450687715,10
2025,17,3,12,4,20.8,26.7,60.0,1013.6,2.1,0.0,0,17.0,0,2,0,1,6.003,20,15,10.25,6.300239450687715,10
2025,17,3,14,7,20.8,26.7,60.0,1013.6,2.1,0.0,0,3.0,0,2,0,1,6.003,20,15,10.25,6.300239450687715,10
2025,17,3,15,2,20.8,26.7,60.0,1013.6,2.1,0.0,0,10.0,0,2,0,1,6.003,20,15,10.25,6.300239450687715,10
2025,17,3,18,5,20.8,26.7,60.0,1013.6,2.1,0.0,0,7.0,0,2,0,1,6.003,20,15,10.25,6.300239450687715,10
2025,17,3,19,3,20.8,26.7,60.0,1013.6,2.1,0.0,0,20.0,0,2,0,1,6.003,20,15,10.25,6.300239450687715,10
2025,17,3,21,5,20.8,26.7,60.0,1013.6,2.1,0.0,0,9.0,0,2,0,1,6.003,20,15,10.25,6.300239450687715,10
2025,17,3,23,6,20.8,26.7,60.0,1013.6,2.1,0.0,0,5.0,0,2,0,1,6.003,20,15,10.25,6.300239450687715,10
2025,17,3,24,9,20.8,26.7,60.0,1013.6,2.1,0.0,0,2.0,0,2,0,1,6.003,20,15,10.25,6.300239450687715,10
2025,17,3,26,1,20.8,26.7,60.0,1013.6,2.1,0.0,0,14.0,0,2,0,1,6.003,20,15,10.25,6.300239450687715,10
2025,17,3,27,8,20.8,26.7,60.0,1013.6,2.1,0.0,0,6.0,0,2,0,1,6.003,20,15,10.25,6.300239450687715,10
2025,17,3,28,8,20.8,26.7,60.0,1013.6,2.1,0.0,0,1.0,0,2,0,1,6.003,20,15,10.25,6.300239450687715,10
2025,18,23,0,9,29.8,34.849999999999994,69.0,1011.4,1.65,0.0,0,19.0,0,2,1,2,4.94,19,5,10.958544925063203,5.7810045474474485,11
2025,18,23,1,1,29.8,34.849999999999994,69.0,1011.4,1.65,0.0,0,10.0,0,2,1,2,4.94,19,5,10.003953547016579,5.784788894285597,10
2025,18,23,2,6,29.8,34.849999999999994,69.0,1011.4,1.65,0.0,0,4.0,0,2,1,2,4.94,19,5,10.49984307392691,5.846442492447184,10
2025,18,23,3,3,29.8,34.849999999999994,69.0,1011.4,1.65,0.0,0,9.0,0,2,1,2,4.94,19,5,10.623954869164285,5.779344749393765,11
2025,18,23,4,4,29.8,34.849999999999994,69.0,1011.4,1.65,0.0,0,14.0,0,2,1,2,4.94,19,5,11.501373819952262,5.782376869435668,12
2025,18,23,6,0,29.8,34.849999999999994,69.0,1011.4,1.65,0.0,0,16.0,0,2,1,2,4.94,19,5,10.332105539737173,5.781746815803783,10
2025,18,23,9,0,29.8,34.849999999999994,69.0,1011.4,1.65,0.0,0,18.0,0,2,1,2,4.94,19,5,10.34019310955714,5.781638365453749,10
2025,18,23,10,7,29.8,34.849999999999994,69.0,1011.4,1.65,0.0,0,8.0,0,2,1,2,4.94,19,5,10.690316630443228,5.775584517068192,11
2025,18,23,11,2,29.8,34.849999999999994,69.0,1011.4,1.65,0.0,0,6.0,0,2,1,2,4.94,19,5,10.499999482051697,5.8464426263488605,10
2025,18,23,12,4,29.8,34.849999999999994,69.0,1011.4,1.65,0.0,0,11.0,0,2,1,2,4.94,19,5,11.427610647645997,5.792137820255875,11
2025,18,23,14,7,29.8,34.849999999999994,69.0,1011.4,1.65,0.0,0,12.0,0,2,1,2,4.94,19,5,10.66607923717917,5.7757655994771335,11
2025,18,23,15,2,29.8,34.849999999999994,69.0,1011.4,1.65,0.0,0,7.0,0,2,1,2,4.94,19,5,9.469733952372382,5.781836092982321,9
2025,18,23,18,5,29.8,34.849999999999994,69.0,1011.4,1.65,0.0,0,5.0,0,2,1,2,4.94,19,5,10.080245813648915,5.777916096587403,10
2025,18,23,19,3,29.8,34.849999999999994,69.0,1011.4,1.65,0.0,0,17.0,0,2,1,2,4.94,19,5,10.612196397118463,5.787266153756467,11
2025,18,23,21,5,29.8,34.849999999999994,69.0,1011.4,1.65,0.0,0,3.0,0,2,1,2,4.94,19,5,11.204720263482876,5.778017048179329,11
2025,18,23,23,6,29.8,34.849999999999994,69.0,1011.4,1.65,0.0,0,1.0,0,2,1,2,4.94,19,5,9.145028901568773,5.782876365100939,9
2025,18,23,24,9,29.8,34.849999999999994,69.0,1011.4,1.65,0.0,0,20.0,0,2,1,2,4.94,19,5,10.975765444565727,5.783665755412598,11
2025,18,23,26,1,29.8,34.849999999999994,69.0,1011.4,1.65,0.0,0,15.0,0,2,1,2,4.94,19,5,11.947084260261335,5.782876365100939,12
2025,18,23,27,8,29.8,34.849999999999994,69.0,1011.4,1.65,0.0,0,13.0,0,2,1,2,4.94,19,5,11.040711460745872,5.777512498428775,11
2025,18,23,28,8,29.8,34.849999999999994,69.0,1011.4,1.65,0.0,0,2.0,0,2,1,2,4.94,19,5,10.690317177332139,5.775584522955366,11
2025,19,24,0,9,34.0,45.7,36.0,989.4,1.8,0.0,0,19.0,1,1,2,0,5.513,20,41,14.92271265068442,4.979604622279562,15
2025,19,24,1,1,34.0,45.7,36.0,989.4,1.8,0.0,0,10.0,1,1,2,0,5.513,20,41,11.468671292713681,4.990094311597728,11
2025,19,24,2,6,34.0,45.7,36.0,989.4,1.8,0.0,0,7.0,1,1,2,0,5.513,20,41,8.656126130085292,5.299111865204579,9
2025,19,24,3,3,34.0,45.7,36.0,989.4,1.8,0.0,0,8.0,1,1,2,0,5.513,20,41,10.364919958998312,4.956313034307785,10
2025,19,24,4,4,34.0,45.7,36.0,989.4,1.8,0.0,0,16.0,1,1,2,0,5.513,20,41,14.93986026507815,4.969729455032644,15
2025,19,24,6,0,34.0,45.7,36.0,989.4,1.8,0.0,0,15.0,1,1,2,0,5.513,20,41,9.874905096998654,4.973159427810236,10
2025,19,24,9,0,34.0,45.7,36.0,989.4,1.8,0.0,0,14.0,1,1,2,0,5.513,20,41,8.665494300472048,4.960415368538961,9
2025,19,24,11,2,34.0,45.7,36.0,989.4,1.8,0.0,0,5.0,1,1,2,0,5.513,20,41,9.25852097064784,5.9191823360743125,9
2025,19,24,12,4,34.0,45.7,36.0,989.4,1.8,0.0,0,11.0,1,1,2,0,5.513,20,41,14.981742649234686,5.063485748742816,15
2025,19,24,14,7,34.0,45.7,36.0,989.4,1.8,0.0,0,12.0,1,1,2,0,5.513,20,41,12.253843258133998,5.014757999164214,12
2025,19,24,15,2,34.0,45.7,36.0,989.4,1.8,0.0,0,3.0,1,1,2,0,5.513,20,41,6.498785902232408,4.977746620872428,6
2025,19,24,18,5,34.0,45.7,36.0,989.4,1.8,0.0,0,2.0,1,1,2,0,5.513,20,41,4.539145974848308,4.974527265095891,5
2025,19,24,19,3,34.0,45.7,36.0,989.4,1.8,0.0,0,17.0,1,1,2,0,5.513,20,41,10.942902264930538,5.034325973607235,11
2025,19,24,21,5,34.0,45.7,36.0,989.4,1.8,0.0,0,6.0,1,1,2,0,5.513,20,41,7.304034730429727,4.996330715678154,7
2025,19,24,23,6,34.0,45.7,36.0,989.4,1.8,0.0,0,4.0,1,1,2,0,5.513,20,41,8.00665002313073,4.979938305831735,8
2025,19,24,24,9,34.0,45.7,36.0,989.4,1.8,0.0,0,9.0,1,1,2,0,5.513,20,41,15.124104063751739,5.003926576740993,15
2025,19,24,26,1,34.0,45.7,36.0,989.4,1.8,0.0,0,18.0,1,1,2,0,5.513,20,41,14.097297319955477,4.974111319454715,14
2025,19,24,27,8,34.0,45.7,36.0,989.4,1.8,0.0,0,13.0,1,1,2,0,5.513,20,41,10.203494129545861,4.980093338850452,10
2025,19,24,28,8,34.0,45.7,36.0,989.4,1.8,0.0,0,1.0,1,1,2,0,5.513,20,41,6.8560782757598515,4.971589054331069,7
2025,20,10,0,9,26.2,45.9,27.0,780.5,2.0,0.0,0,17.0,0,1,2,0,4.304,17,8,10.655389927424357,6.200785223711456,11
2025,20,10,1,1,26.2,45.9,27.0,780.5,2.0,0.0,0,14.0,0,1,2,0,4.304,17,8,10.590976089112283,6.200644193657866,11
2025,20,10,2,6,26.2,45.9,27.0,780.5,2.0,0.0,0,6.0,0,1,2,0,4.304,17,8,10.384992407085285,6.200993010310413,10
2025,20,10,3,3,26.2,45.9,27.0,780.5,2.0,0.0,0,10.0,0,1,2,0,4.304,17,8,10.621472431408804,6.200583514270489,11
2025,20,10,4,4,26.2,45.9,27.0,780.5,2.0,0.0,0,16.0,0,1,2,0,4.304,17,8,10.522862611016608,6.2008371355195555,11
2025,20,10,6,0,26.2,45.9,27.0,780.5,2.0,0.0,0,20.0,0,1,2,0,4.304,17,8,10.50000000000001,6.204679577907207,11
2025,20,10,9,0,26.2,45.9,27.0,780.5,2.0,0.0,0,18.0,0,1,2,0,4.304,17,8,10.54630589217282,6.200639487963391,11
2025,20,10,10,7,26.2,45.9,27.0,780.5,2.0,0.0,0,9.0,0,1,2,0,4.304,17,8,10.606088651892943,6.200559165716437,11
2025,20,10,11,2,26.2,45.9,27.0,780.5,2.0,0.0,0,3.0,0,1,2,0,4.304,17,8,10.145285750403655,6.200957648472455,10
2025,20,10,12,4,26.2,45.9,27.0,780.5,2.0,0.0,0,13.0,0,1,2,0,4.304,17,8,10.521492545214484,6.201541507355353,11
2025,20,10,14,7,26.2,45.9,27.0,780.5,2.0,0.0,0,15.0,0,1,2,0,4.304,17,8,10.60608961822163,6.200559178808872,11
2025,20,10,15,2,26.2,45.9,27.0,780.5,2.0,0.0,0,2.0,0,1,2,0,4.304,17,8,10.14528707794193,6.200957583649152,10
2025,20,10,18,5,26.2,45.9,27.0,780.5,2.0,0.0,0,1.0,0,1,2,0,4.304,17,8,10.776656379830397,6.2010290621930455,11
2025,20,10,19,3,26.2,45.9,27.0,780.5,2.0,0.0,0,12.0,0,1,2,0,4.304,17,8,10.718726594894942,6.201743686817744,11
2025,20,10,21,5,26.2,45.9,27.0,780.5,2.0,0.0,0,8.0,0,1,2,0,4.304,17,8,10.412838607272965,6.201057707709408,10
2025,20,10,23,6,26.2,45.9,27.0,780.5,2.0,0.0,0,4.0,0,1,2,0,4.304,17,8,10.384992626485287,6.200993010310405,10
2025,20,10,24,9,26.2,45.9,27.0,780.5,2.0,0.0,0,7.0,0,1,2,0,4.304,17,8,10.652936389391082,6.200923360506262,11
2025,20,10,26,1,26.2,45.9,27.0,780.5,2.0,0.0,0,19.0,0,1,2,0,4.304,17,8,10.648749994177061,6.200594661584627,11
2025,20,10,27,8,26.2,45.9,27.0,780.5,2.0,0.0,0,11.0,0,1,2,0,4.304,17,8,10.491172611492818,6.204657576703864,10
2025,20,10,28,8,26.2,45.9,27.0,780.5,2.0,0.0,0,5.0,0,1,2,0,4.304,17,8,10.228282637385442,6.2010290621930455,10
2025,21,16,0,9,26.0,39.6,56.0,918.4,1.4,0.0,0,12.0,1,1,2,0,4.309,15,43,12.48422742890751,4.950132684351397,12
2025,21,16,1,1,26.0,39.6,56.0,918.4,1.4,0.0,0,11.0,1,1,2,0,4.309,15,43,6.952925702357428,4.947179398862506,7
2025,21,16,2,6,26.0,39.6,56.0,918.4,1.4,0.0,0,2.0,1,1,2,0,4.309,15,43,8.411320575936063,4.939887121710274,8
2025,21,16,3,3,26.0,39.6,56.0,918.4,1.4,0.0,0,8.0,1,1,2,0,4.309,15,43,11.87627185368092,5.012554740737388,12
2025,21,16,6,0,26.0,39.6,56.0,918.4,1.4,0.0,0,18.0,1,1,2,0,4.309,15,43,10.5,6.004773452880513,10
2025,21,16,9,0,26.0,39.6,56.0,918.4,1.4,0.0,0,9.0,1,1,2,0,4.309,15,43,11.89592822421177,4.948950496989482,12
2025,21,16,10,7,26.0,39.6,56.0,918.4,1.4,0.0,0,5.0,1,1,2,0,4.309,15,43,12.517695235963478,4.950667761262067,13
2025,21,16,11,2,26.0,39.6,56.0,918.4,1.4,0.0,0,13.0,1,1,2,0,4.309,15,43,8.805420384672086,4.937925201451547,9
2025,21,16,12,4,26.0,39.6,56.0,918.4,1.4,0.0,0,10.0,1,1,2,0,4.309,15,43,14.876011402276326,4.980491825153009,15
2025,21,16,14,7,26.0,39.6,56.0,918.4,1.4,0.0,0,7.0,1,1,2,0,4.309,15,43,12.638362889607583,5.001463349394404,13
2025,21,16,15,2,26.0,39.6,56.0,918.4,1.4,0.0,0,3.0,1,1,2,0,4.309,15,43,5.613351995342786,4.953348223709643,6
2025,21,16,18,5,26.0,39.6,56.0,918.4,1.4,0.0,0,1.0,1,1,2,0,4.309,15,43,7.0466404828726965,4.957190633646466,7
2025,21,16,19,3,26.0,39.6,56.0,918.4,1.4,0.0,0,17.0,1,1,2,0,4.309,15,43,10.499999999442386,6.004773452880513,10
2025,21,16,21,5,26.0,39.6,56.0,918.4,1.4,0.0,0,4.0,1,1,2,0,4.309,15,43,9.860253907016858,4.957190561926273,10
2025,21,16,23,6,26.0,39.6,56.0,918.4,1.4,0.0,0,6.0,1,1,2,0,4.309,15,43,6.706842525762387,4.958185480258523,7
2025,21,16,24,9,26.0,39.6,56.0,918.4,1.4,0.0,0,15.0,1,1,2,0,4.309,15,43,14.366820371935908,5.01697418018347,14
2025,21,16,26,1,26.0,39.6,56.0,918.4,1.4,0.0,0,14.0,1,1,2,0,4.309,15,43,6.9529120702065335,4.947179407934577,7
2025,21,16,27,8,26.0,39.6,56.0,918.4,1.4,0.0,0,19.0,1,1,2,0,4.309,15,43,8.848967922863027,4.932334371897464,9
2025,21,16,28,8,26.0,39.6,56.0,918.4,1.4,0.0,0,16.0,1,1,2,0,4.309,15,43,5.990624541940855,4.9414923235953205,6
2025,22,19,0,9,11.7,12.6,65.0,946.0,1.6,0.0,0,16.0,0,2,0,1,6.201,17,3,10.5,6.074996040302482,10
2025,22,19,1,1,11.7,12.6,65.0,946.0,1.6,0.0,0,7.0,0,2,0,1,6.201,17,3,10.5,6.074996040302482,10
2025,22,19,2,6,11.7,12.6,65.0,946.0,1.6,0.0,0,17.0,0,2,0,1,6.201,17,3,10.5,6.074996040302482,10
2025,22,19,3,3,11.7,12.6,65.0,946.0,1.6,0.0,0,14.0,0,2,0,1,6.201,17,3,10.5,6.074996040302482,10
2025,22,19,4,4,11.7,12.6,65.0,946.0,1.6,0.0,0,18.0,0,2,0,1,6.201,17,3,10.5,6.074996040302482,10
2025,22,19,6,0,11.7,12.6,65.0,946.0,1.6,0.0,0,15.0,0,2,0,1,6.201,17,3,10.5,6.074996040302482,10
2025,22,19,9,0,11.7,12.6,65.0,946.0,1.6,0.0,0,10.0,0,2,0,1,6.201,17,3,10.5,6.074996040302482,10
2025,22,19,10,7,11.7,12.6,65.0,946.0,1.6,0.0,0,8.0,0,2,0,1,6.201,17,3,10.5,6.074996040302482,10
2025,22,19,11,2,11.7,12.6,65.0,946.0,1.6,0.0,0,20.0,0,2,0,1,6.201,17,3,10.5,6.074996040302482,10
2025,22,19,12,4,11.7,12.6,65.0,946.0,1.6,0.0,0,11.0,0,2,0,1,6.201,17,3,10.5,6.074996040302482,10
2025,22,19,14,7,11.7,12.6,65.0,946.0,1.6,0.0,0,6.0,0,2,0,1,6.201,17,3,10.5,6.074996040302482,10
2025,22,19,15,2,11.7,12.6,65.0,946.0,1.6,0.0,0,9.0,0,2,0,1,6.201,17,3,10.5,6.074996040302482,10
2025,22,19,18,5,11.7,12.6,65.0,946.0,1.6,0.0,0,1.0,0,2,0,1,6.201,17,3,10.5,6.074996040302482,10
2025,22,19,19,3,11.7,12.6,65.0,946.0,1.6,0.0,0,13.0,0,2,0,1,6.201,17,3,10.5,6.074996040302482,10
2025,22,19,21,5,11.7,12.6,65.0,946.0,1.6,0.0,0,5.0,0,2,0,1,6.201,17,3,10.5,6.074996040302482,10
2025,22,19,23,6,11.7,12.6,65.0,946.0,1.6,0.0,0,4.0,0,2,0,1,6.201,17,3,10.5,6.074996040302482,10
2025,22,19,24,9,11.7,12.6,65.0,946.0,1.6,0.0,0,3.0,0,2,0,1,6.201,17,3,10.5,6.074996040302482,10
2025,22,19,26,1,11.7,12.6,65.0,946.0,1.6,0.0,0,12.0,0,2,0,1,6.201,17,3,10.5,6.074996040302482,10
2025,22,19,27,8,11.7,12.6,65.0,946.0,1.6,0.0,0,19.0,0,2,0,1,6.201,17,3,10.5,6.074996040302482,10
2025,22,19,28,8,11.7,12.6,65.0,946.0,1.6,0.0,0,2.0,0,2,0,1,6.201,17,3,10.5,6.074996040302482,10
2025,23,21,0,9,20.5,25.6,75.0,1016.6,0.8,0.0,0,15.0,1,1,0,0,5.38,16,6,11.911573712270805,5.835621284583238,12
2025,23,21,1,1,20.5,25.6,75.0,1016.6,0.8,0.0,0,8.0,1,1,0,0,5.38,16,6,10.224637657349048,5.839703729240168,10
2025,23,21,2,6,20.5,25.6,75.0,1016.6,0.8,0.0,0,5.0,1,1,0,0,5.38,16,6,9.456993320286003,5.83515608026823,9
2025,23,21,3,3,20.5,25.6,75.0,1016.6,0.8,0.0,0,13.0,1,1,0,0,5.38,16,6,11.592519115803388,5.8966707929098865,12
2025,23,21,4,4,20.5,25.6,75.0,1016.6,0.8,0.0,0,14.0,1,1,0,0,5.38,16,6,11.892786667788766,5.824713111024232,12
2025,23,21,6,0,20.5,25.6,75.0,1016.6,0.8,0.0,0,20.0,1,1,0,0,5.38,16,6,11.827164367170413,5.841103115899386,12
2025,23,21,9,0,20.5,25.6,75.0,1016.6,0.8,0.0,0,9.0,1,1,0,0,5.38,16,6,11.671851741900023,5.826529228977986,12
2025,23,21,10,7,20.5,25.6,75.0,1016.6,0.8,0.0,0,6.0,1,1,0,0,5.38,16,6,11.966752066637268,5.825588431137791,12
2025,23,21,11,2,20.5,25.6,75.0,1016.6,0.8,0.0,0,18.0,1,1,0,0,5.38,16,6,9.426327934162915,5.834277659090411,9
2025,23,21,12,4,20.5,25.6,75.0,1016.6,0.8,0.0,0,11.0,1,1,0,0,5.38,16,6,11.584443931800411,5.893219184334736,12
2025,23,21,14,7,20.5,25.6,75.0,1016.6,0.8,0.0,0,12.0,1,1,0,0,5.38,16,6,11.971995111380194,5.8349244673292615,12
2025,23,21,15,2,20.5,25.6,75.0,1016.6,0.8,0.0,0,10.0,1,1,0,0,5.38,16,6,9.266228152940005,5.832667834410092,9
2025,23,21,18,5,20.5,25.6,75.0,1016.6,0.8,0.0,0,2.0,1,1,0,0,5.38,16,6,8.72726241991021,5.834664173514769,9
2025,23,21,19,3,20.5,25.6,75.0,1016.6,0.8,0.0,0,17.0,1,1,0,0,5.38,16,6,11.321361209274855,5.936599132763766,11
2025,23,21,21,5,20.5,25.6,75.0,1016.6,0.8,0.0,0,1.0,1,1,0,0,5.38,16,6,8.822776845464917,5.834664173514769,9
2025,23,21,23,6,20.5,25.6,75.0,1016.6,0.8,0.0,0,4.0,1,1,0,0,5.38,16,6,9.098093064604207,5.835155815361301,9
2025,23,21,24,9,20.5,25.6,75.0,1016.6,0.8,0.0,0,7.0,1,1,0,0,5.38,16,6,11.901647422822164,5.837921766441466,12
2025,23,21,26,1,20.5,25.6,75.0,1016.6,0.8,0.0,0,19.0,1,1,0,0,5.38,16,6,11.279512694276935,5.839703729240168,11
2025,23,21,27,8,20.5,25.6,75.0,1016.6,0.8,0.0,0,16.0,1,1,0,0,5.38,16,6,10.497332345270319,5.988578868534566,10
2025,23,21,28,8,20.5,25.6,75.0,1016.6,0.8,0.0,0,3.0,1,1,0,0,5.38,16,6,8.62387708675727,5.839703729240168,9
2025,24,0,0,9,25.1,29.0,77.0,1017.2,1.1,0.0,0,17.0,0,1,2,0,5.281,16,5,10.769505743600398,5.801004626896593,11
2025,24,0,1,1,25.1,29.0,77.0,1017.2,1.1,0.0,0,6.0,0,1,2,0,5.281,16,5,10.45094168211165,5.80095796154468,10
2025,24,0,2,6,25.1,29.0,77.0,1017.2,1.1,0.0,0,14.0,0,1,2,0,5.281,16,5,10.489894313295006,5.803539165209076,10
2025,24,0,3,3,25.1,29.0,77.0,1017.2,1.1,0.0,0,11.0,0,1,2,0,5.281,16,5,10.479776413823291,5.800932653686486,10
2025,24,0,4,4,25.1,29.0,77.0,1017.2,1.1,0.0,0,7.0,0,1,2,0,5.281,16,5,10.615789731129977,5.800934241095378,11
2025,24,0,6,0,25.1,29.0,77.0,1017.2,1.1,0.0,0,20.0,0,1,2,0,5.281,16,5,10.480657510379638,5.80122239084918,10
2025,24,0,9,0,25.1,29.0,77.0,1017.2,1.1,0.0,0,19.0,0,1,2,0,5.281,16,5,10.366820612925485,5.80115433547922,10
2025,24,0,10,7,25.1,29.0,77.0,1017.2,1.1,0.0,0,9.0,0,1,2,0,5.281,16,5,10.479766825057778,5.800932570894482,10
2025,24,0,11,2,25.1,29.0,77.0,1017.2,1.1,0.0,0,16.0,0,1,2,0,5.281,16,5,10.500000887670677,5.804543664017607,11
2025,24,0,12,4,25.1,29.0,77.0,1017.2,1.1,0.0,0,18.0,0,1,2,0,5.281,16,5,10.5,5.804543664017764,10
2025,24,0,14,7,25.1,29.0,77.0,1017.2,1.1,0.0,0,13.0,0,1,2,0,5.281,16,5,10.483842147817137,5.8009417558528575,10
2025,24,0,15,2,25.1,29.0,77.0,1017.2,1.1,0.0,0,5.0,0,1,2,0,5.281,16,5,10.50581426213817,5.801154335110058,11
2025,24,0,18,5,25.1,29.0,77.0,1017.2,1.1,0.0,0,2.0,0,1,2,0,5.281,16,5,10.173789217646387,5.801121657011016,10
2025,24,0,19,3,25.1,29.0,77.0,1017.2,1.1,0.0,0,8.0,0,1,2,0,5.281,16,5,10.525568253888494,5.802983307936414,11
2025,24,0,21,5,25.1,29.0,77.0,1017.2,1.1,0.0,0,3.0,0,1,2,0,5.281,16,5,10.173789114081883,5.801121657003511,10
2025,24,0,23,6,25.1,29.0,77.0,1017.2,1.1,0.0,0,4.0,0,1,2,0,5.281,16,5,10.331236478869613,5.801154335110036,10
2025,24,0,24,9,25.1,29.0,77.0,1017.2,1.1,0.0,0,12.0,0,1,2,0,5.281,16,5,10.5,5.804543664017764,10
2025,24,0,26,1,25.1,29.0,77.0,1017.2,1.1,0.0,0,15.0,0,1,2,0,5.281,16,5,10.542903918248172,5.800967885587205,11
2025,24,0,27,8,25.1,29.0,77.0,1017.2,1.1,0.0,0,10.0,0,1,2,0,5.281,16,5,10.40365828173171,5.800941223108618,10
2025,24,0,28,8,25.1,29.0,77.0,1017.2,1.1,0.0,0,1.0,0,1,2,0,5.281,16,5,10.290160889111522,5.800941219145366,10
