year,Round,Circuit,Driver,Team,GridPosition,IsSprintWeekend,FP1_s_Delta_pct,FP2_s_Delta_pct,FP3_s_Delta_pct,pred_quali_position,pred_std,pred_quali_position_int
2025,1,1,0,9,6.0,0,0.0059674830425102,0.0112900482737871,0.0044388245676425,9.709185639250498,5.985357552451006,10
2025,1,1,1,1,12.0,0,0.0062652099622017,0.0116563534321485,0.0177684698568247,11.087690870744797,5.98475612484863,11
2025,1,1,2,6,16.0,0,0.0147310102003832,0.0156333808657885,0.0037539020824277,9.48274730577956,5.983988895436029,9
2025,1,1,4,4,15.0,0,0.0153523533371305,0.0184199165347532,0.010352866795748,10.432779803955722,5.97979352305232,10
2025,1,1,8,0,14.0,0,0.0126857557085901,0.0124936223655465,0.0141199404644299,10.312348793694223,5.979289500386156,10
2025,1,1,9,0,9.0,0,0.0162196447988401,0.0137887727468962,0.0105109258307976,9.940706441426773,5.9802200894576805,10
2025,1,1,10,7,11.0,0,0.0077020659659296,0.0075877497089183,0.0106821564521014,9.592169843199262,5.980455675798774,10
2025,1,1,11,2,8.0,0,0.0106016672707503,0.0054945773754235,0.0060194149181385,9.54627301982037,5.98185217551016,10
2025,1,1,12,4,17.0,0,0.0172681613421012,0.0094454401548948,0.0161351931613123,10.848718509281415,5.983065200972531,11
2025,1,1,14,8,18.0,0,0.0155724123647284,0.0157118748282945,0.4075288787028621,10.338983050847459,6.048834283470118,10
2025,1,1,15,2,7.0,0,0.0027054315745871,0.0,0.0035168135298533,9.398940181985656,5.984506668551315,9
2025,1,1,18,5,1.0,0,0.0,0.0018446081188922,0.0089039923077934,9.197302037154767,5.987505329206599,9
2025,1,1,19,3,19.0,0,0.024426552063377,0.0208663116995252,0.0191251432410004,11.279039731383602,5.9784559189979145,11
2025,1,1,21,5,2.0,0,0.0054108631491742,0.0016222085584585,0.0,9.399716764896743,5.989482252345652,9
2025,1,1,23,6,4.0,0,0.0060063169885569,0.0110284017321001,0.000513691863911,10.123477026619547,5.993546230139398,10
2025,1,1,24,9,10.0,0,0.0019287526536529,0.0112900482737871,0.0043597950501177,9.68711273383144,5.981432959959877,10
2025,1,1,26,1,13.0,0,0.010420442189199,0.0109891547508471,0.0135272190829939,10.191283003404665,6.033873165525553,10
2025,1,1,27,7,5.0,0,0.010472220783928,0.004513402844098,0.0070336270597066,9.609667647590793,5.999544592089954,10
2025,1,1,28,8,3.0,0,0.0057474240149122,0.0081633721006293,0.0010668984865845,9.230916563963767,5.9818069119739805,9
2025,2,7,0,9,10.0,1,0.0129283965728273,0.0122848096953721,0.0075950203084238,10.482009782092552,5.343976257453463,10
2025,2,7,1,1,13.0,1,0.0137917468088826,0.0122848096953721,0.0106330284317933,10.488224012865373,5.343914117903865,10
2025,2,7,2,6,8.0,1,0.0149720230809581,0.0122848096953721,0.0068905546566279,10.499999810820135,5.344031633068357,10
2025,2,7,3,3,17.0,1,0.0159883720930231,0.0122848096953721,0.0124272143887108,10.512836306393405,5.343911494521327,11
2025,2,7,4,4,19.0,1,0.0253322259136212,0.0122848096953721,0.0186022961177337,10.498296746863401,5.3440002651401075,10
2025,2,7,8,0,18.0,1,0.0264360027976918,0.0122848096953721,0.0189985580468689,10.525716579058631,5.34391364158941,11
2025,2,7,9,0,16.0,1,0.0176932155971323,0.0122848096953721,0.019714030974474,10.527295592803371,5.343912586005484,11
2025,2,7,10,7,7.0,1,0.0205564784053156,0.0122848096953721,0.0145516186199077,10.527305825707357,5.343912341057127,11
2025,2,7,11,2,5.0,1,0.0075515824444831,0.0122848096953721,0.0,10.5,5.344031633068373,10
2025,2,7,12,4,12.0,1,0.0109612694527015,0.0122848096953721,0.0200992856277999,10.498535600517812,5.344008445978667,10
2025,2,7,14,8,20.0,1,0.0232448854694876,0.0122848096953721,0.0206936785215026,10.55534907573905,5.343912291085453,11
2025,2,7,15,2,6.0,1,0.0049615317363174,0.0122848096953721,0.0022895133683364,10.470899906137895,5.343911100984303,10
2025,2,7,18,5,3.0,1,0.0,0.0122848096953721,0.0035773646380257,10.4510991948592,5.343910833966885,10
2025,2,7,19,3,11.0,1,0.0169610071690854,0.0122848096953721,0.0198351110083764,10.540806961820536,5.3439231705714825,11
2025,2,7,21,5,1.0,1,0.0070925861164539,0.0122848096953721,0.0008805820647447,10.45618366573954,5.343912274085632,10
2025,2,7,23,6,2.0,1,0.0095405665326104,0.0122848096953721,0.0035223282589791,10.484334395369853,5.3439254916726435,10
2025,2,7,24,9,15.0,1,0.0179336422451476,0.0122848096953721,0.0162467390945414,10.53736048235634,5.343912942726972,11
2025,2,7,26,1,14.0,1,0.016174156321035,0.0122848096953721,0.0098294972977137,10.493517395777022,5.343910913252542,10
2025,2,7,27,7,9.0,1,0.015627732121,0.0122848096953721,0.0101707228478023,10.496096971183306,5.343910952233597,10
2025,2,7,28,8,4.0,1,0.0194527015212449,0.0122848096953721,0.0001981309645675,10.437399874439404,5.343911118026207,10
2025,3,18,0,9,9.0,0,0.0095201526838246,0.0103161813105748,0.0066958449383277,5.383243417738444,1.3203616730349481,5
2025,3,18,1,1,13.0,0,0.0076003116918315,0.0211544136005627,0.0205422611265844,9.603184315441608,1.6351616882454114,10
2025,3,18,2,6,6.0,0,0.0083004889947938,0.0183739246884717,0.0131984311942249,8.02256525669049,1.8456646948403315,8
2025,3,18,3,3,10.0,0,0.0172559825633264,0.0174773588760014,0.0240891263570738,19.31479630048384,2.2955993407785247,19
2025,3,18,4,4,17.0,0,0.0180465053247354,0.0138570488231153,0.0246575342465753,12.999676987393308,1.3111731064552616,13
2025,3,18,8,0,19.0,0,0.0139868373707438,0.0402319722178087,0.0204854203376342,11.83931066206219,1.1099058713468142,12
2025,3,18,9,0,11.0,0,0.0112705959412301,0.0072973647774474,0.0072528846700391,5.089419267223361,0.9943555536838516,5
2025,3,18,10,7,7.0,0,0.007634191238749,0.0045849694713665,0.0093332575456147,6.163541421268142,1.0098247742054705,6
2025,3,18,11,2,8.0,0,0.0056691775175326,0.0048800417640782,0.0063548002046268,4.301326218018326,1.4300207021407423,4
2025,3,18,12,4,16.0,0,0.0166461507188109,0.0107587897496424,0.0301938270903199,11.236951200599888,2.580956621070685,11
2025,3,18,14,7,14.0,0,0.0111463709358659,0.0050502757791042,0.0129483317228442,8.800890564718545,1.018419230735007,9
2025,3,18,15,2,4.0,0,0.0046979638392302,0.005356697006151,0.0051043028477235,3.445333762513936,0.9997402407397339,3
2025,3,18,18,5,2.0,0,0.0,0.0005560977824181,0.0,1.5458134795967506,1.0994793360647108,2
2025,3,18,19,3,18.0,0,0.0177754689493952,0.0158090655287468,0.0252145739782868,19.22558586955127,2.8477472368992984,19
2025,3,18,21,5,3.0,0,0.0130887982924707,0.0,0.0002955721025407,1.061218431531696,1.224415836894601,1
2025,3,18,23,6,5.0,0,0.0018407887158522,0.0051410672537847,0.0012732336724833,9.128730103800594,1.7240667872277216,9
2025,3,18,24,9,12.0,0,0.00885385492778,0.0081485348525772,0.0100153470130165,6.723125794873921,1.0012247330724793,7
2025,3,18,26,1,20.0,0,0.0136534574077628,0.030993939669065,0.0261694992326492,14.446046885360772,2.3590277601109193,14
2025,3,18,27,8,15.0,0,0.0070356525765394,0.0284971741153505,0.0093218893878246,9.601765349739615,1.6884737253728488,10
2025,3,18,28,8,1.0,0,0.0058272820698143,0.0063100074902966,0.0060478599442959,3.9953507779626127,0.9966112166765629,4
2025,4,4,0,9,15.0,0,0.007767906956783,0.0131594939506104,0.0229906378892695,10.662895025450696,5.594227272075921,11
2025,4,4,1,1,13.0,0,0.0139868373707438,0.0145848295674272,0.0207537699408594,10.660428805515108,5.594270095959395,11
2025,4,4,2,6,4.0,0,0.0520042058280761,0.0079774598088504,0.0138576697291752,10.76571487686053,5.593103868191775,11
2025,4,4,3,3,20.0,0,0.0139868373707438,0.0119219932600409,0.0293411605525608,10.535298038903504,5.594877740855523,11
2025,4,4,4,4,18.0,0,0.0152783142354406,0.0139992265620685,0.0313379743796783,10.517111928622667,5.595083061124348,11
2025,4,4,8,0,11.0,0,0.0127891506802283,0.0141760123750069,0.0185605481963205,10.786878413000732,5.593425152834391,11
2025,4,4,9,0,5.0,0,0.0025535384747435,0.0159328213910834,0.0144905396853109,10.840430030060041,5.59346169972406,11
2025,4,4,10,7,12.0,0,0.0156967512123944,0.0080990000552456,0.0150252056827356,10.801278447127716,5.592955249005747,11
2025,4,4,11,2,9.0,0,0.0063945753401141,0.0118336003535716,0.0159854221679069,10.806039056594066,5.59305486627748,11
2025,4,4,12,4,16.0,0,0.0113514441440282,0.021998784597536,0.0326255373938851,10.509221640666416,5.595256052268919,11
2025,4,4,14,7,17.0,0,0.0127998798334836,0.0132699850836971,0.0188115138685813,10.782628741022835,5.5934668714489835,11
2025,4,4,15,2,3.0,0,0.0139868373707438,0.0059665211866748,0.0091002335071907,10.65144551972246,5.5927132074706805,11
2025,4,4,18,5,6.0,0,0.0,0.0017015634495332,0.0072889160465267,10.58133012091123,5.592889991898609,11
2025,4,4,19,3,14.0,0,0.0105145701901206,0.0150820396663168,0.0173930122427601,10.801287701861192,5.593241628209965,11
2025,4,4,21,5,1.0,0,0.0139908158448135,0.0,0.0,10.38452710502341,5.593881380802642,10
2025,4,4,23,6,2.0,0,0.0139868373707438,0.0058228827136622,0.0128865416930362,10.747473833467552,5.5930430973599154,11
2025,4,4,24,9,8.0,0,0.0139868373707438,0.0123529086790786,0.0157781026995176,10.791495798595239,5.593096100500614,11
2025,4,4,26,1,19.0,0,0.0205141410239904,0.0207391856803492,0.0296466839796608,10.5322385691633,5.5949550935478385,11
2025,4,4,27,8,10.0,0,0.0137333161666881,0.01678360311585,0.0362154376623093,10.501485144242052,5.5953661834060195,11
2025,4,4,28,8,7.0,0,0.0139868373707438,0.009115518479642,0.0150688518866071,10.801631191993266,5.59295925713902,11
2025,5,22,0,9,11.0,0,0.0041125516870425,0.010796787021197,0.0102870075095153,10.3143152654826,5.1403778810056275,10
2025,5,22,1,1,13.0,0,0.0082587209628076,0.015804320980661,0.0159905816731246,10.561343788617673,5.1404323464854285,11
2025,5,22,2,6,5.0,0,0.0077880747206937,0.0110460307929351,0.0136017099292482,10.32956385653133,5.141176711180673,10
2025,5,22,3,3,15.0,0,0.0151951501025335,0.01684661311702,0.0171450125158591,10.54199989765288,5.140712543568716,11
2025,5,22,4,4,20.0,0,0.0201593473705441,0.0122848096953721,0.0219570460286435,10.448042879223355,5.140668137209219,10
2025,5,22,8,0,17.0,0,0.0105783345846547,0.0186366365685931,0.0161048817565635,10.565551960999771,5.140724355281951,11
2025,5,22,9,0,9.0,0,0.0,0.0095052511131,0.0129844894786772,10.388492900412372,5.140975618557034,10
2025,5,22,10,7,14.0,0,0.0086509261645692,0.0117711035834457,0.0146304106801998,10.397320552691705,5.140329855739787,10
2025,5,22,11,2,7.0,0,0.0064545770347044,0.012507505636308,0.0147561407719827,10.301063426786618,5.142167296146366,10
2025,5,22,12,4,18.0,0,0.0075863691883592,0.0104908969377004,0.0197853444433013,10.350542293632996,5.140720630632905,10
2025,5,22,14,7,12.0,0,0.007485516422192,0.0138330293314602,0.0156819714478391,10.506139059632156,5.140327393315137,11
2025,5,22,15,2,4.0,0,0.000784410403523,0.005460704453533,0.010092697367669,10.034975011654781,5.140476040246763,10
2025,5,22,18,5,10.0,0,7.844104035220914e-05,0.0,0.0,10.13025830336019,5.14067285667408,10
2025,5,22,19,3,19.0,0,0.0200584946043769,0.019848867640228,0.0211112254111944,10.535386002255995,5.14114169213394,11
2025,5,22,21,5,2.0,0,0.0011429980165621,0.0018466697633318,0.0002743202002537,10.307559059888543,5.142766486121685,10
2025,5,22,23,6,3.0,0,0.0042470220419322,0.0079984592203202,0.007166615231629,10.1614777634457,5.140825301357186,10
2025,5,22,24,9,6.0,0,0.0060511659700354,0.0076472520874165,0.0123558390197623,10.160921577301123,5.140280995083284,10
2025,5,22,26,1,16.0,0,0.0150606797476439,0.0197129164920073,0.0227342865960291,10.503712537505281,5.141712964050683,11
2025,5,22,27,8,8.0,0,0.0065218122121493,0.0078851665968028,0.013498839854153,10.177211960659324,5.140297374766578,10
2025,5,22,28,8,1.0,0,0.0064881946234269,0.0031721934584839,0.0096583570506006,10.102083811717801,5.140751515317629,10
2025,6,20,0,9,7.0,1,0.0094917822054907,0.0122848096953721,0.0082213639832566,11.055312925991721,5.461323078394766,11
2025,6,20,1,1,17.0,1,0.0127972637957946,0.0122848096953721,0.0148470201891723,11.328418822069102,5.442043963728309,11
2025,6,20,2,6,3.0,1,0.0126136259296667,0.0122848096953721,0.0,8.400524343141468,5.328714674138194,8
2025,6,20,3,3,20.0,1,0.0214397208704434,0.0122848096953721,0.0386554427510927,10.338983050847459,5.568967002603836,10
2025,6,20,4,4,13.0,1,0.0188573133780185,0.0122848096953721,0.0327235725353252,12.408321728634197,5.465778365560153,12
2025,6,20,8,0,14.0,1,0.0255830502249563,0.0122848096953721,0.0310931754584769,12.225116576030484,5.400664040438656,12
2025,6,20,9,0,18.0,1,0.0224497291341474,0.0122848096953721,0.0194838232233297,11.0338452345982,5.329678317946547,11
2025,6,20,10,7,11.0,1,0.0096409879717198,0.0122848096953721,0.0122684489257881,10.197808568238377,5.327941574886622,10
2025,6,20,11,2,12.0,1,0.0163896795519235,0.0122848096953721,0.0063365787100206,9.72250196431526,5.372050802631342,10
2025,6,20,12,4,16.0,1,0.0165847947846845,0.0122848096953721,0.0158183205753797,10.338983050847459,5.568967002603836,10
2025,6,20,14,7,15.0,1,0.0143007988247176,0.0122848096953721,0.0218889479891769,12.225585446090934,5.327985523862806,12
2025,6,20,15,2,8.0,1,0.0040859425213478,0.0122848096953721,0.0037695705464721,8.007954627441528,5.330418227873514,8
2025,6,20,18,5,2.0,1,0.0144959140574787,0.0122848096953721,0.0011563099835803,8.78291186250214,5.328000709078855,9
2025,6,20,19,3,9.0,1,0.0235400789642824,0.0122848096953721,0.0183622025392566,10.338983050847459,5.568967002603836,10
2025,6,20,21,5,4.0,1,0.0,0.0122848096953721,0.0005203394926111,8.779435994751108,5.327957553911406,9
2025,6,20,23,6,5.0,1,0.0106739509686898,0.0122848096953721,0.0035729978492634,8.573147543729107,5.328119002585566,9
2025,6,20,24,9,6.0,1,0.0063125516481498,0.0122848096953721,0.0163849124673342,11.191836984532644,5.328629581461369,11
2025,6,20,26,1,19.0,1,0.0256404370581213,0.0122848096953721,0.029439652181957,10.361232905984595,5.565811261125282,10
2025,6,20,27,8,10.0,1,0.0117872555320907,0.0122848096953721,0.0319604079461621,12.12180856306793,5.4169524455070945,12
2025,6,20,28,8,1.0,1,0.0049352676521899,0.0122848096953721,0.0029485904581299,7.729658232883286,5.331610206980312,8
2025,7,11,0,9,7.0,0,0.0049252073943431,0.0082743415722575,0.0111486441379493,8.91288212200068,3.990400289315664,9
2025,7,11,1,1,5.0,0,0.0075249853027629,0.0123119015047878,0.0123102393954363,12.146412329303542,4.424767479169034,12
2025,7,11,2,6,13.0,0,0.0071722516166959,0.0147822506740334,0.0067025381523958,7.065068207973805,4.020396019823529,7
2025,7,11,3,3,19.0,0,0.0117708537461623,0.0095095161568803,0.0139791980987222,12.0759563671127,3.988277468211644,12
2025,7,11,4,4,14.0,0,0.0049644000261283,0.0138923937152191,0.0153410684006035,12.31243554197854,3.9927289220691025,12
2025,7,11,6,0,15.0,0,0.0108171663727219,0.0099743668070071,0.0175307422193143,14.115759688720729,3.99074437193907,14
2025,7,11,9,0,10.0,0,0.0019726957998562,0.0036656794124287,0.0145933749015312,10.893945342154112,3.9921618498924945,11
2025,7,11,10,7,9.0,0,0.014318374812202,0.0066274421260939,0.008157870141661,5.6932154017237435,4.224723205821153,6
2025,7,11,11,2,12.0,0,0.0012541642171272,0.0086329406452125,0.0118829859673952,6.635186607215341,4.6928444416456925,7
2025,7,11,12,4,17.0,0,0.0059180873995689,0.0149549094869375,0.0179045889688504,10.286690805622227,6.043642586363161,10
2025,7,11,14,7,16.0,0,0.0096805800509504,0.0127767521549146,0.0144198031963896,8.99388599366176,3.9913509074639544,9
2025,7,11,15,2,11.0,0,0.0069501600365797,0.0063086873945784,0.0073968249729627,5.851551275690742,3.9973073136309836,6
2025,7,11,18,5,4.0,0,0.0004180547390423,0.0003320361786619,0.0,4.375545073522461,4.105726276707589,4
2025,7,11,19,3,18.0,0,0.0145927232346986,0.0149681909340841,0.0198939877431672,15.67307977572607,3.9939830806585843,16
2025,7,11,21,5,1.0,0,0.0,0.0,0.0013351669626286,4.363621788531329,4.094846488782566,4
2025,7,11,23,6,3.0,0,0.000705467372134,0.0053125788585923,0.0102140272641093,9.013679603548328,4.008716888638489,9
2025,7,11,24,9,6.0,0,0.0006793389509437,0.0085134076208942,0.0074769349907204,6.294568413301853,3.9919023858216893,6
2025,7,11,26,1,8.0,0,0.0063622705598013,0.013918956609512,0.0143930998571369,12.903197694144692,4.014490374336586,13
2025,7,11,28,8,2.0,0,0.0047031158142269,0.0058703996387445,0.0024166522023578,1.2703227551426632,4.826779819976575,1
2025,8,14,0,9,10.0,0,0.0048635428825523,0.0078901268306355,0.0100770932871055,9.323778405516446,2.8854277317559682,9
2025,8,14,1,1,7.0,0,0.0106025234839642,0.0074977226543339,0.0161797246064295,8.172261472430932,2.287373501007345,8
2025,8,14,2,6,15.0,0,0.0111305652826413,0.0090673393595402,0.0149394669710935,7.974595840223715,2.2714878254858832,8
2025,8,14,3,3,17.0,0,0.0189678172419542,0.0126690491205941,0.018293800121207,15.90371226787855,2.36655115187925,16
2025,8,14,4,4,16.0,0,0.0209271302317825,0.0123186882488962,0.0232266429890208,15.758849832094423,2.4953102128934495,16
2025,8,14,6,0,20.0,0,0.0257906731143348,0.0288697358279027,0.0267501021803164,13.012393745987163,2.6611192045167864,13
2025,8,14,9,0,18.0,0,0.0097965649491412,0.0147011421764416,0.0174904514255915,10.736879580492753,2.663504398639694,11
2025,8,14,10,7,6.0,0,0.0169946084153187,0.006825029780674,0.0185756768565106,7.662501704526022,2.5800089823031405,8
2025,8,14,11,2,4.0,0,0.0100883775220943,0.0014715156611308,0.0079348300987978,5.460823398988669,2.2712176180548833,5
2025,8,14,12,4,13.0,0,0.0141042743594019,0.0127110924251979,0.0165179766887939,14.1955969489189,2.598803753548581,14
2025,8,14,14,7,9.0,0,0.0203574009226836,0.0065587555181835,0.012134793454822,6.7152379864949285,2.912795965152258,7
2025,8,14,15,2,2.0,0,0.0,0.0,0.0,1.664243269531113,2.3205714129745347,2
2025,8,14,18,5,1.0,0,0.0045300427991774,0.0045126480274683,0.0041435880089636,3.469406463980877,2.2405487931978607,3
2025,8,14,19,3,8.0,0,0.0198710466344284,0.0166211197533458,0.0217890716389721,16.800940002053153,2.4343173261870867,17
2025,8,14,21,5,3.0,0,0.0052526263131565,0.0005325485249806,0.0062717573605061,4.136851222433601,2.234389109246816,4
2025,8,14,23,6,14.0,0,0.0071980434661775,0.0103286384976525,0.0156864403196482,6.326476821582554,2.577179636217023,6
2025,8,14,24,9,11.0,0,0.0079206269801568,0.0111554901548593,0.0132482065592715,10.888298002341935,2.7127346063002085,11
2025,8,14,26,1,19.0,0,0.0510116169195709,0.0162147011421763,0.0176032021197129,16.750130295373765,5.098874733852,17
2025,8,14,27,8,12.0,0,0.0176199210716469,0.0100483498002942,0.0140797429284173,9.445897184148032,2.2885516928234204,9
2025,8,14,28,8,5.0,0,0.0022650213995886,0.0099922920608225,0.0039462742942511,3.1213385886450746,2.251747814270926,3
2025,9,9,0,9,11.0,0,0.0139868373707438,0.0148295766904891,0.0262754361971072,15.947306857569567,2.1612046396684033,16
2025,9,9,1,1,10.0,0,0.0146504245910089,0.0074354040681692,0.0141876303756199,11.097111221877407,5.030879922275349,11
2025,9,9,2,6,6.0,0,0.0223961583331071,0.0073941726223199,0.0140632986585989,13.62230054711861,2.073813637830715,14
2025,9,9,3,3,15.0,0,0.0119238177921266,0.0187740516767454,0.0286377388205063,15.099705981083053,3.784012018490483,15
2025,9,9,4,4,12.0,0,0.0194932038308146,0.0164788345244639,0.0184425380247833,16.391914959985066,1.2088974933552818,16
2025,9,9,6,0,19.0,0,0.0245801568138039,0.021206706981858,0.0234572506112975,7.9790420487762885,4.6443381853711845,8
2025,9,9,9,0,8.0,0,0.0139450337773676,0.0085898845519516,0.0216475333968805,7.463927337547183,2.9629143382356653,7
2025,9,9,10,7,9.0,0,0.0120323394557638,0.0087960417811984,0.0137455620484341,14.010623496897615,0.3001326890054565,14
2025,9,9,11,2,5.0,0,0.0051276486068531,0.0106239692138537,0.0157486841559948,11.405993686325463,2.7072776794200943,11
2025,9,9,12,4,16.0,0,0.0155592935239696,0.0114348543155579,0.0185944990122536,8.379720281792906,3.019828888748689,8
2025,9,9,14,7,13.0,0,0.00842399413983,0.0100879604178119,0.0172682940306961,14.444880581002206,2.3063441918393233,14
2025,9,9,15,2,7.0,0,0.0070539081364116,0.0068719076415612,0.0102642739718457,20.84023557597459,2.037042059141563,21
2025,9,9,18,5,2.0,0,0.0,0.0042605827377678,0.0072664981281168,9.881548482469984,4.159112391065173,10
2025,9,9,19,3,17.0,0,0.0139868373707438,0.0171110500274874,0.0241894262781991,18.623088125687566,2.885843745278506,19
2025,9,9,21,5,1.0,0,0.0078135597818713,0.0,0.0,2.384444354370638,3.1366992336707136,2
2025,9,9,23,6,4.0,0,0.014012859817141,0.003930731170973,0.0103886056888667,17.471918084060057,1.8252130374381557,17
2025,9,9,24,9,18.0,0,0.0165088580807943,0.0132078064870807,0.0189398648928674,12.342698168939407,5.2986705012603,12
2025,9,9,26,1,14.0,0,0.0144876420955532,0.0148295766904891,0.0209568016356527,17.363677368514594,3.3219923225006567,17
2025,9,9,27,8,20.0,0,0.01254781735804,0.0126855415063221,0.020791026012958,14.958108729554157,1.7049012264059435,15
2025,9,9,28,8,3.0,0,0.0049784313193519,0.0042605827377678,0.0136488596018622,10.893308256958909,2.0683717957362444,11
2025,10,15,0,9,10.0,0,0.0005328378396841,0.0044645952054128,0.0107800944302843,9.422006125278948,5.035200440276554,9
2025,10,15,1,1,6.0,0,0.0106430942849725,0.0046448428379295,0.0062396412206297,8.60381000713627,4.547792487412396,9
2025,10,15,2,6,4.0,0,0.011052969546268,0.0039931783203693,0.0076463460493877,3.993500134310631,4.363390947536605,4
2025,10,15,3,3,14.0,0,0.01813014905797,0.0132689987937272,0.0142898926168887,13.41138260543137,4.188578347700105,13
2025,10,15,4,4,16.0,0,0.0154522973508395,0.0107178015334913,0.0191228290087604,13.672563033164504,5.085578453341302,14
2025,10,15,6,0,12.0,0,0.0198379626467011,0.0246107344397763,0.017562918703603,12.61665457859976,4.235042167396601,13
2025,10,15,9,0,20.0,0,0.0085254054349459,0.010412767078463,0.0123260769648601,12.473761307442743,5.872010665650463,12
2025,10,15,10,7,9.0,0,0.005984178814914,0.009372876890867,0.0118664605356619,5.641835990413334,4.299533976850075,6
2025,10,15,11,2,5.0,0,0.0058338912191057,0.0073485573256797,0.0034958704160223,9.259904508789305,5.062775169864837,9
2025,10,15,12,4,13.0,0,0.0222425641796346,0.0109673751785144,0.0177300519505842,13.252151921083192,5.331937902710493,13
2025,10,15,14,7,19.0,0,0.0074324047381579,0.0087073471708054,0.0138163484171087,5.867995363993551,4.376572525851405,6
2025,10,15,15,2,8.0,0,0.0094544560272158,0.0122848096953721,0.0010863661053773,10.781297054306881,4.642506538983901,11
2025,10,15,18,5,7.0,0,0.0062574289891109,0.0003882256700357,0.0,8.842260081565206,5.806597140844495,9
2025,10,15,19,3,15.0,0,0.0192914622983073,0.0145861930313491,0.0143177481580522,10.5,6.152169425732031,10
2025,10,15,21,5,3.0,0,0.0137308212533984,0.0060868238980629,0.0100279948188693,9.508096827477091,4.919415219285697,10
2025,10,15,23,6,1.0,0,0.0046725779787684,0.0,0.0021030933578461,4.063322376823521,4.654507547291543,4
2025,10,15,24,9,17.0,0,0.0011203257142077,0.0070435228706514,0.0100279948188693,9.613145145581377,4.840773864511823,10
2025,10,15,26,1,18.0,0,0.0137991337969478,0.5148149688726202,0.013858131728854,10.5,6.152169425732031,10
2025,10,15,27,8,11.0,0,0.0100282813930295,0.0113140052410463,0.0247078650120473,11.27601502351938,4.44965256610936,11
2025,10,15,28,8,2.0,0,0.0,0.0075288049581963,0.0038022813688212,9.299574534582716,5.039623360986415,9
2025,11,2,0,9,12.0,0,0.0061639864514356,0.0183493341591824,0.0153908339033641,9.709720861911926,4.296012468967928,10
2025,11,2,1,1,11.0,0,0.0095816423056971,0.0135800557448125,0.0142870468254461,9.86537174327183,3.9282627717934218,10
2025,11,2,2,6,9.0,0,0.008971346617436,0.0148188293589347,0.01133325041975,7.693010682945598,4.055732654389112,8
2025,11,2,3,3,15.0,0,0.0182478410790027,0.0194332610715391,0.0161992413407126,11.10519674366841,3.919874664208588,11
2025,11,2,4,4,8.0,0,0.0050654542125658,0.0128677609166925,0.013338722716249,9.233671094636458,3.9269462171056007,9
2025,11,2,6,0,14.0,0,0.0107412041133928,0.0247135336017343,0.018997574777688,10.170748838158515,4.065070976253372,10
2025,11,2,9,0,10.0,0,0.0036312593451527,0.0159956642923505,0.0161992413407126,11.536856595336108,3.995660399505392,12
2025,11,2,10,7,13.0,0,0.0086661987733056,0.0149736760606998,0.0264131583856725,15.450214374236495,3.975064190015386,15
2025,11,2,11,2,4.0,0,0.0084983674590339,0.0144162279343449,0.0072445743423917,7.768639283987099,4.204535856547329,8
2025,11,2,12,4,20.0,0,0.0091239205395013,0.0207184886961908,0.0149088987003296,9.47925810717675,4.157948926573043,9
2025,11,2,14,7,6.0,0,0.0098715327576209,0.0149117373799939,0.013338722716249,9.233673938395816,3.926946772593954,9
2025,11,2,15,2,2.0,0,0.0139868373707438,0.0094456488076803,0.0038865742180212,6.220147071002992,3.927848873557735,6
2025,11,2,18,5,1.0,0,0.0139868373707438,0.0,0.0,6.06187149203483,3.9522907103457823,6
2025,11,2,19,3,17.0,0,0.0147691556559153,0.0173118612573551,0.0185778247621417,12.695204457904133,3.9205649399407405,13
2025,11,2,21,5,3.0,0,0.0023648957920112,0.0024310932177144,0.0018344630309059,8.149068332411513,4.017381943991522,8
2025,11,2,23,6,5.0,0,0.0,0.0100495509445648,0.010789130029227,7.537712584028473,4.0415283321216044,8
2025,11,2,24,9,19.0,0,0.0072472612980988,0.019108082997832,0.0155773894658291,10.678714314210607,3.9211179338273436,11
2025,11,2,26,1,16.0,0,0.0094290683836317,0.0068442242180242,0.0114731670915987,8.235534840831924,3.930670131798254,8
2025,11,2,27,8,18.0,0,0.0109853223886973,0.011025085165686,0.0126702319507492,8.938249138128267,4.042862764805376,9
2025,11,2,28,8,7.0,0,0.000991730493424,0.0049241251161349,0.0032647223431379,6.156414402274697,3.928398672527061,6
2025,12,6,0,9,14.0,0,0.0047415182065093,0.0119325067586464,0.0072633277971413,6.228519153829779,3.3582069899959346,6
2025,12,6,1,1,9.0,0,0.0090457119182433,0.01235200894938,0.0163278673185337,10.50606175705974,3.734753355281226,11
2025,12,6,2,6,7.0,0,0.0054665561846891,0.0066071595040551,0.010807270345505,4.424906107812799,3.420280768317401,4
2025,12,6,3,3,8.0,0,0.0144432168669153,0.0164305024704017,0.0071814545369481,11.148119666446627,3.2137130457765797,11
2025,12,6,4,4,17.0,0,0.0173203517009622,0.0126782884310617,0.0117312685676857,10.997925575501135,3.2047775242276084,11
2025,12,6,6,0,20.0,0,0.0137411959674078,0.0171646313041856,0.0245502818779385,19.107820613750476,3.4948586966119612,19
2025,12,6,9,0,10.0,0,0.0165722966441099,0.0158245548615643,0.027836908465695,20.479639966356526,3.4089055906254795,20
2025,12,6,10,7,13.0,0,0.0037402752842609,0.0082502097510953,0.0073802895974174,7.8559108488993346,3.456264734529447,8
2025,12,6,11,2,5.0,0,0.0,0.0035075044280787,0.0097546141430207,6.682048584978411,3.303501028410151,7
2025,12,6,12,4,19.0,0,0.0139868373707438,0.0157196793138809,0.0117078762076304,10.258045634664894,3.2095533126953275,10
2025,12,6,14,7,16.0,0,0.00528241955531,0.0094154936142443,0.008865704460923,8.250944765079586,3.3896382588446468,8
2025,12,6,15,2,6.0,0,0.002336233485246,0.0025869301761908,0.0,13.18880966476215,3.9090123303764672,13
2025,12,6,18,5,3.0,0,0.0002646964047324,0.0,0.001263187442981,6.209997263469113,3.6634695939943316,6
2025,12,6,19,3,15.0,0,0.0134074483266584,0.0131094434604269,0.0102809422442629,9.048009483968244,3.2355090382735483,9
2025,12,6,21,5,2.0,0,0.0017262809004281,0.0054768341568005,0.0007953402418769,8.372134561224245,3.562328352881813,8
2025,12,6,23,6,4.0,0,0.0031188141601068,0.0082385569124638,0.007333504877307,4.024484186777014,3.405457976424676,4
2025,12,6,24,9,11.0,0,0.0117041845049027,0.0156497622820919,0.0097546141430207,8.100303327653327,3.3710211156816468,8
2025,12,6,26,1,18.0,0,0.0109561294480504,0.0071548429197352,0.0245853704180213,7.178820255879312,3.2677109036081364,7
2025,12,6,27,8,12.0,0,0.0139868373707438,0.0135639041670551,0.0070878850967273,8.729007615210122,3.435066847644775,9
2025,12,6,28,8,1.0,0,0.0062146112415412,0.0058031136384822,0.0010175676624013,5.074996177777436,3.33355133002648,5
2025,13,5,0,9,5.0,1,0.0121444394346316,0.0122848096953721,0.0268828972241567,8.199718685683374,1.1177702550376287,8
2025,13,5,1,1,19.0,1,0.0107623845837172,0.0122848096953721,0.0190727290816834,9.13644988595893,1.8567743003137587,9
2025,13,5,2,6,18.0,1,0.0093803297328026,0.0122848096953721,0.0485921798825987,6.915528484162122,1.4853805810433292,7
2025,13,5,3,3,12.0,1,0.0299445217698142,0.0122848096953721,0.0134016515769574,11.894142678798945,0.9538193528041378,12
2025,13,5,4,4,10.0,1,0.0121542412420849,0.0122848096953721,0.0138394189632871,8.321915053990722,0.8049630351641125,8
2025,13,5,6,0,17.0,1,0.0276901060555565,0.0122848096953721,0.0306138692667396,10.233971723131239,2.0900607190689735,10
2025,13,5,9,0,13.0,1,0.0186920468134323,0.0122848096953721,0.0143169833847377,11.449862998930502,1.1639500666807272,11
2025,13,5,10,7,8.0,1,0.0107819881986237,0.0122848096953721,0.0145358670779026,8.166178185715683,0.8055947258176689,8
2025,13,5,11,2,16.0,1,0.0104193213228518,0.0122848096953721,0.02883295194508,6.93385598147343,2.817818033450989,7
2025,13,5,12,4,14.0,1,0.0141930171923702,0.0122848096953721,0.0269326435180578,9.850334540067164,0.8278907555860294,10
2025,13,5,14,7,9.0,1,0.0142714316519965,0.0122848096953721,0.0165058203163863,8.915908001571175,0.812800281892478,9
2025,13,5,15,2,3.0,1,0.0088804375526846,0.0122848096953721,0.0076410307432096,2.992196089084164,1.4919958643873619,3
2025,13,5,18,5,1.0,1,0.0049401109564602,0.0122848096953721,0.0061486419261764,6.802308618869687,0.8875192859017873,7
2025,13,5,19,3,11.0,1,0.0151731979376995,0.0122848096953721,0.0104964680131329,9.155534871946353,2.7480413502577044,9
2025,13,5,21,5,2.0,1,0.0,0.0122848096953721,0.0,6.076158566913615,1.1471810487880632,6
2025,13,5,23,6,6.0,1,0.0056458410930975,0.0122848096953721,0.0181076509800019,7.559765967534084,1.1610350177889597,8
2025,13,5,24,9,15.0,1,0.0117131599066867,0.0122848096953721,0.0124465227340562,8.133827436807971,0.8039679482130201,8
2025,13,5,26,1,20.0,1,0.0106839701240907,0.0122848096953721,0.0221470500447716,14.426676001759851,0.949279087505202,14
2025,13,5,27,8,7.0,1,0.0242104644096371,0.0122848096953721,0.0166550591980896,13.170020044620063,5.326908233973668,13
2025,13,5,28,8,4.0,1,0.0039599302111308,0.0122848096953721,0.0047457964381652,1.762868003379472,1.220217401347797,2
2025,14,17,0,9,20.0,0,0.0122547730500182,0.0184729715434254,0.021544129424956,10.799500392943965,6.044095924299955,11
2025,14,17,1,1,5.0,0,0.0139868373707438,0.0080529990479214,0.0117197928346414,10.386251653483516,6.044200369581076,10
2025,14,17,2,6,15.0,0,0.0108872876452951,0.0118480905532635,0.0110657269475146,10.501653175212669,6.050519796847605,11
2025,14,17,3,3,11.0,0,0.0108609898490505,0.0124695863746958,0.0161647712104223,10.394011044323623,6.042355752983636,10
2025,14,17,4,4,7.0,0,0.0210382369957396,0.0174812228922035,0.01417587698222,10.48046488197495,6.042028208853059,10
2025,14,17,6,0,14.0,0,0.0185662441487402,0.0202977890616736,0.0177665652197127,10.62918481199186,6.045371972538877,11
2025,14,17,9,0,17.0,0,0.0140824698890232,0.0187638844811172,0.022078060761386,10.675745140045352,6.043982569719889,11
2025,14,17,10,7,10.0,0,0.00827065691895,0.0106183222257485,0.0272304981579369,10.420426991585709,6.04331366962374,10
2025,14,17,11,2,12.0,0,0.0089675485194339,0.0093224373214852,0.0102514816594586,10.491714959517832,6.050521064562774,10
2025,14,17,12,4,19.0,0,0.0139868373707438,0.0139638210092035,0.0148032463025256,10.417283112420558,6.042218640864988,10
2025,14,17,14,7,9.0,0,0.0148845526744857,0.0157092986353538,0.0194217523626461,10.469828558596632,6.043007118861343,10
2025,14,17,15,2,1.0,0,0.0028533108925471,0.0052761028245001,0.0053259650808906,10.350539460399164,6.0428866888382355,10
2025,14,17,18,5,3.0,0,0.0,0.0,0.000427145069144,10.340897243189193,6.043144285636133,10
2025,14,17,19,3,18.0,0,0.0125177510124651,0.0142811805775943,0.0215574777083668,10.405935122475935,6.042278609426524,10
2025,14,17,21,5,2.0,0,0.0002498290643242,0.0038479847667408,0.0,10.341623548155393,6.043120231823751,10
2025,14,17,23,6,4.0,0,0.0114789880608003,0.0104860890722522,0.0123338138715362,10.753111057714225,6.044597285148831,11
2025,14,17,24,9,13.0,0,0.0150291905538314,0.0165291441870305,0.0203694804848096,10.824530975454866,6.043795922041565,11
2025,14,17,26,1,6.0,0,0.0119129016988375,0.0065455410980641,0.0121736344706071,10.673955157543574,6.043990787022106,11
2025,14,17,27,8,16.0,0,0.0176326723820543,0.0113852745160267,0.0261893320518981,10.448321135564989,6.042101564406479,10
2025,14,17,28,8,8.0,0,0.0116762215326354,0.0154316090130117,0.0166319611297988,10.32665135475567,6.042910720936796,10
2025,15,8,0,9,15.0,0,0.0127066791883662,0.0266990985834883,0.01633996404338,11.040297927658855,2.6950618921691762,11
2025,15,8,1,1,10.0,0,0.008011041862318,0.0012448132780083,0.0182682827814186,2.187613745481447,2.228256273202871,2
2025,15,8,2,6,11.0,0,0.0568741284612538,0.0185291171841465,0.0250101490459898,11.59550718310431,3.1733249453815744,12
2025,15,8,3,3,19.0,0,0.0325279603858958,0.0174989268851051,0.0235312880589225,12.840682944466609,2.868738382656763,13
2025,15,8,4,4,13.0,0,0.0175161501465607,0.0204607239948489,0.0201386069709448,17.266773323009772,2.500621309556207,17
2025,15,8,6,0,16.0,0,0.0284299496286176,0.0152668479038488,0.030186162500725,15.91166659815484,2.828042478892355,16
2025,15,8,9,0,14.0,0,0.0189959873644667,0.0319358992702818,0.0288667865220669,15.2447124781424,3.7398460461214786,15
2025,15,8,10,7,4.0,0,0.0212584308033808,0.0122848096953721,0.0173113727309633,12.751772835544662,2.815868928128481,13
2025,15,8,11,2,7.0,0,0.0239335211588262,0.0121333524109314,0.0203125906164822,12.948514751125163,3.277315795920539,13
2025,15,8,12,4,17.0,0,0.0227240388172684,0.0170267563313778,0.023589282607435,17.37899189045083,2.517410106314289,17
2025,15,8,14,7,8.0,0,0.0209880759270325,0.0207325797682071,0.01925419010613,17.919636878268904,3.5925723761223103,18
2025,15,8,15,2,6.0,0,0.0238054583226612,0.0135069394763199,0.0140056834657543,6.430181487284992,2.1778606263435067,6
2025,15,8,18,5,2.0,0,0.0,0.0,0.0,1.2943375000826212,2.3556840666969787,1
2025,15,8,19,3,18.0,0,0.0265516946981985,0.0210473601373587,0.0265180073073132,12.65564592503534,2.7056960084760413,13
2025,15,8,21,5,1.0,0,0.0041549275733513,0.0012734296752038,0.0035086701850026,1.8107276556459464,2.2712554589761416,2
2025,15,8,23,6,5.0,0,0.0157659580523064,0.0054943482615538,0.0128457924955055,3.7896579657738005,2.1481857816736785,4
2025,15,8,24,9,9.0,0,0.016790460741626,0.0256402918872514,0.0136432175375515,11.346764486315005,2.6616741470431697,11
2025,15,8,26,1,20.0,0,0.0071288312131818,0.0298325940764056,0.0163979585918923,7.6768049363319,2.4586207552777206,8
2025,15,8,27,8,12.0,0,0.0262955690258686,0.0129489197310058,0.0199646233254075,2.5889804549989863,3.1497840604682144,3
2025,15,8,28,8,3.0,0,0.0133754517772275,0.0084132207755042,0.0138172011830888,2.527344940643027,2.8091039182336544,3
2025,16,12,0,9,14.0,0,0.0119325486476027,0.0037682465760284,0.0049035055652896,9.765377912004858,1.803793481723621,10
2025,16,12,1,1,9.0,0,0.0124443002109414,0.0096021432684843,0.0066808687650477,14.267066024920904,1.3763453600466156,14
2025,16,12,2,6,7.0,0,0.0102724765031141,0.0186409274143068,0.0046009756589478,15.930183588630378,1.5649314797448914,16
2025,16,12,3,3,11.0,0,0.024227067913177,0.0091264177871253,0.0110675524070035,14.816046653049654,1.2568000833208388,15
2025,16,12,4,4,8.0,0,0.0131682414468838,0.0074738976939832,0.0028614286974827,17.514716134938777,4.957095855711582,18
2025,16,12,6,0,18.0,0,0.0139868373707438,0.021107188462405,0.0088616051732614,22.06231210517692,2.183327432480422,22
2025,16,12,9,0,19.0,0,0.0191719610070272,0.015323368136408,0.0115465580920446,17.871957140615024,1.1221831069297166,18
2025,16,12,10,7,16.0,0,0.0129934970106219,0.0063221412654297,0.0034286722718734,17.18543506550883,3.9847546808350347,17
2025,16,12,11,2,5.0,0,0.0,0.0024036655900247,0.0033656452080522,6.669926908121063,1.5893642232372467,7
2025,16,12,12,4,12.0,0,0.0132556136650148,0.0045444302561406,0.0051177975822817,18.259432710356567,4.522039028078057,18
2025,16,12,14,7,20.0,0,0.013530212064855,0.0116803124765267,0.010096935624157,16.147471502525885,2.6375316111033795,16
2025,16,12,15,2,4.0,0,0.0021094149805908,0.0010390846040211,0.000264713668049,6.0091225062027736,0.8447257424183067,6
2025,16,12,18,5,2.0,0,0.0112834978843441,0.0,0.0,5.326686991339203,1.1303184272817774,5
2025,16,12,19,3,15.0,0,0.0190346618071069,0.0097148150930168,0.0122650666196064,13.839376687260147,0.9926514657110227,14
2025,16,12,21,5,3.0,0,0.0139868373707438,0.0022659555822629,0.0020798931060996,6.361128918034302,1.102518022333233,6
2025,16,12,23,6,6.0,0,0.0123943732291523,0.0049825984626555,0.0023193959486203,4.63554195554782,1.2147387312692808,5
2025,16,12,24,9,13.0,0,0.006652770323402,0.0012018327950124,0.0072607177522027,7.166225300695908,0.9012101683120978,7
2025,16,12,26,1,17.0,0,0.0147034961368997,0.0081374095495631,0.0115465580920446,17.38639296236119,1.1562541485752527,17
2025,16,12,27,8,10.0,0,0.0146660509005578,0.0048949648213526,0.0091767404923673,10.263968077156703,3.1871650052993057,10
2025,16,12,28,8,1.0,0,0.0071770036321877,0.0024912992313277,0.0021051039316282,8.280868192307668,0.9528237545631414,8
2025,17,3,0,9,19.0,0,0.0083638417198941,0.0087271578490122,0.0075081750195114,9.808578865769142,3.886417490354862,10
2025,17,3,1,1,11.0,0,0.0139721919302072,0.0165263147502788,0.0135147150351204,9.058429359086377,4.1156753777223,9
2025,17,3,2,6,4.0,0,0.0124727371864777,0.004797962346855,0.0064511030101854,7.622541187411486,3.8715889002713286,8
2025,17,3,3,3,15.0,0,0.0140890325595887,0.0059036656037435,0.0075279333748258,7.1479947807130415,3.995593096247214,7
2025,17,3,4,4,13.0,0,0.0134658825362206,0.0125181404440583,0.0181480493563716,14.561401174328921,3.8881907655978547,15
2025,17,3,6,0,16.0,0,0.0252667861037546,0.0200309991805948,0.0154707922112563,15.50321176896071,3.8790161396942593,16
2025,17,3,9,0,18.0,0,0.0264254556784547,0.0136337160514546,0.0207363939025715,13.322814568772614,4.043711763402066,13
2025,17,3,10,7,8.0,0,0.0123753699953263,0.0113532030841222,0.0103138614741708,11.583102154924937,3.8739558901283226,12
2025,17,3,11,2,12.0,0,0.0134658825362206,0.0,0.0027266530334014,5.304524770226269,3.8737790634360385,5
2025,17,3,12,4,17.0,0,0.0124824739055928,0.0150750792256126,0.0119044090769884,13.381809193176668,3.874209231076102,13
2025,17,3,14,7,3.0,0,0.0116743262190373,0.0068711559535209,0.0091184809776434,9.83001910255414,3.874757631353837,10
2025,17,3,15,2,10.0,0,0.0053746689515501,0.0007305539375869,0.0097408691700503,9.499784162508758,3.8881515447860626,9
2025,17,3,18,5,7.0,0,0.0,0.0089443495601867,0.0,13.368866953075955,4.075471232199913,13
2025,17,3,19,3,20.0,0,0.0168932076647452,0.0086284343439328,0.0162512472461791,11.71484729262237,3.8810643164648635,12
2025,17,3,21,5,9.0,0,0.0030183829256893,0.0098920952089482,0.002509311124942,6.16530993917409,3.8885724579760206,6
2025,17,3,23,6,5.0,0,0.0053844056706653,0.0047091111922836,0.0073204706440235,9.16141722894512,4.060307384013369,9
2025,17,3,24,9,2.0,0,0.0112459105779716,0.0094972011886308,0.012477401381109,12.448955332123639,3.8780899468814534,12
2025,17,3,26,1,14.0,0,0.0158221685620813,0.014591334050724,0.0210130108769745,11.371786247765026,4.638251763058322,11
2025,17,3,27,8,6.0,0,0.0100677675650413,0.0113630754346301,0.0159746302717762,14.104230448648956,3.8799918886636906,14
2025,17,3,28,8,1.0,0,0.010574076959028,0.0060122614593307,0.0021931774399098,7.25734795762882,3.887961697127331,7
2025,18,23,0,9,19.0,0,0.2843957153518591,0.0148378420089512,0.0057682921418113,10.500000683497726,5.822145662680653,11
2025,18,23,1,1,10.0,0,0.0,0.0017968560530898,0.0085969738651995,8.056544151573084,3.676137343340818,8
2025,18,23,2,6,4.0,0,0.0140809517538083,0.0221024318186828,0.0009872653858099,3.5451701168344076,2.5320082695874206,4
2025,18,23,3,3,9.0,0,0.0156064796523113,0.0109905857971206,0.0072214580467676,7.563683184298085,4.554846341968533,8
2025,18,23,4,4,14.0,0,0.0164076561745467,0.0176929691117137,0.0060899853574123,5.678127991723187,2.165081512825104,6
2025,18,23,6,0,16.0,0,0.0242328460424074,0.0267323676610004,0.0099724896836313,10.21439111606463,3.4821867578568466,10
2025,18,23,9,0,18.0,0,0.013850476315905,0.0192252574023855,0.0165838399077073,16.208814092460337,2.393944331189167,16
2025,18,23,10,7,8.0,0,0.0070130383247727,0.0014551226932998,0.0037826685006878,14.03655907429382,4.744639132312528,14
2025,18,23,11,2,6.0,0,0.0039949075903244,0.0085653813082875,0.0045591693659315,2.854998372077932,3.4038922035324624,3
2025,18,23,12,4,11.0,0,0.0131590500021949,0.014937054919858,0.0054244131872033,8.353008916461611,5.128349473545791,8
2025,18,23,14,7,12.0,0,0.0147614030466657,0.0212866812178935,0.0386031858721214,12.640122295977068,4.776954880040829,13
2025,18,23,15,2,7.0,0,0.001646253127881,0.0082897898891019,0.005579713360252,7.061023500101204,2.399113808398521,7
2025,18,23,18,5,5.0,0,0.0063874621361779,0.0053244262186653,0.0009872653858099,2.1247605469999495,2.6166278691811797,2
2025,18,23,19,3,17.0,0,0.0111067211027701,0.006437815552175,0.0070550650042154,7.3870455100159775,4.644211700271141,7
2025,18,23,21,5,3.0,0,0.0040058826111769,0.0,0.0001885787815593,3.4925409235571836,2.9826544392453873,3
2025,18,23,23,6,1.0,0,0.0112274463321479,0.0277465440836033,0.0005435506056707,3.590020315572679,2.6785663023243145,4
2025,18,23,24,9,20.0,0,0.0076386145133675,0.0064488392089424,0.0027066601588498,5.121633474578913,2.7793915718819644,5
2025,18,23,26,1,15.0,0,0.021050089995171,0.0056000176378507,0.0123352708878733,11.642352290408667,3.516747823417522,12
2025,18,23,27,8,13.0,0,0.0081654155142894,0.0109575148268183,0.0143319873985002,10.5,5.822145662680726,10
2025,18,23,28,8,2.0,0,0.0030291057553008,0.0015763829177414,0.0,3.4943861138669208,3.643626687359282,3
2025,19,24,0,9,19.0,1,0.0139868373707438,0.0122848096953721,0.0134689908416667,14.631446912838223,5.334843960239972,15
2025,19,24,1,1,10.0,1,0.0139868373707438,0.0122848096953721,0.0134689908416667,11.866236022573993,4.774447320718245,12
2025,19,24,2,6,7.0,1,0.0139868373707438,0.0122848096953721,0.0134689908416667,14.127095389865987,4.614303707406368,14
2025,19,24,3,3,8.0,1,0.0139868373707438,0.0122848096953721,0.0134689908416667,14.282500412601784,4.781447591286901,14
2025,19,24,4,4,16.0,1,0.0139868373707438,0.0122848096953721,0.0134689908416667,14.12709728834607,4.6143038205370726,14
2025,19,24,6,0,15.0,1,0.0139868373707438,0.0122848096953721,0.0134689908416667,14.126592873121952,4.614753018169702,14
2025,19,24,9,0,14.0,1,0.0139868373707438,0.0122848096953721,0.0134689908416667,9.461211345002363,4.796912856712197,9
2025,19,24,11,2,5.0,1,0.0139868373707438,0.0122848096953721,0.0134689908416667,21.18889272516511,5.2281861668396825,21
2025,19,24,12,4,11.0,1,0.0139868373707438,0.0122848096953721,0.0134689908416667,14.90770156645387,4.678111718434612,15
2025,19,24,14,7,12.0,1,0.0139868373707438,0.0122848096953721,0.0134689908416667,15.321473119875389,4.666011753701809,15
2025,19,24,15,2,3.0,1,0.0139868373707438,0.0122848096953721,0.0134689908416667,14.127095895400833,4.614303869192552,14
2025,19,24,18,5,2.0,1,0.0139868373707438,0.0122848096953721,0.0134689908416667,11.386094131148592,4.728669009267869,11
2025,19,24,19,3,17.0,1,0.0139868373707438,0.0122848096953721,0.0134689908416667,12.377169828337287,5.362496021200935,12
2025,19,24,21,5,6.0,1,0.0139868373707438,0.0122848096953721,0.0134689908416667,11.386099798041876,4.728668537011794,11
2025,19,24,23,6,4.0,1,0.0139868373707438,0.0122848096953721,0.0134689908416667,14.127095296761407,4.61430373535731,14
2025,19,24,24,9,9.0,1,0.0139868373707438,0.0122848096953721,0.0134689908416667,13.943459598974329,4.795666109665964,14
2025,19,24,26,1,18.0,1,0.0139868373707438,0.0122848096953721,0.0134689908416667,14.127092852371876,4.614303792017653,14
2025,19,24,27,8,13.0,1,0.0139868373707438,0.0122848096953721,0.0134689908416667,10.231314321671316,4.690983659319999,10
2025,19,24,28,8,1.0,1,0.0139868373707438,0.0122848096953721,0.0134689908416667,10.231309045153989,4.69098455117591,10
2025,20,10,0,9,17.0,0,0.0128093901505486,0.0189037626628076,0.0177599728576462,9.88352609190385,5.335819835846906,10
2025,20,10,1,1,14.0,0,0.0139321255422301,0.00705499276411,0.0258113345425601,12.414078964708803,5.295444927821455,12
2025,20,10,2,6,6.0,0,0.0013651441694309,0.0022482943973538,0.0080905093106103,7.110058749449651,5.223903557280173,7
2025,20,10,3,3,10.0,0,0.0139868373707438,0.0135672937771345,0.0184385317030523,10.457716238676495,5.223543827358816,10
2025,20,10,4,4,16.0,0,0.0068384792038785,0.0120296671490593,0.0116529432489919,8.856136426129774,5.1936476539458685,9
2025,20,10,6,0,20.0,0,0.012133197244195,0.0171723175522018,0.025419858285595,13.305830779633618,5.227527315542082,13
2025,20,10,9,0,18.0,0,0.0139868373707438,0.0232840603679967,0.0232145420380255,9.379653160680842,5.289966392183728,9
2025,20,10,10,7,9.0,0,0.01312834906864,0.011486975397974,0.0099565461354769,8.5571315601537,5.1986124460624366,9
2025,20,10,11,2,3.0,0,0.0139868373707438,0.0038763696506098,0.0045019769550976,7.76129739422098,5.373828162711447,8
2025,20,10,12,4,13.0,0,0.0048481755549886,0.0123526979532768,0.013453734031031,9.33067690829355,5.233954994018001,9
2025,20,10,14,7,15.0,0,0.0139868373707438,0.0106729377713459,0.0119922226716951,9.514881800439381,5.192473657917314,10
2025,20,10,15,2,2.0,0,0.0,0.0019769485218111,0.0073858520480733,7.4660614062723525,5.2749208156058724,7
2025,20,10,18,5,1.0,0,0.0139868373707438,0.0032432292743436,0.0,6.114322871786911,5.271059995615442,6
2025,20,10,19,3,12.0,0,0.0083949987241643,0.0112931569154435,0.012279305260136,7.867983426746562,5.233271103936176,8
2025,20,10,21,5,8.0,0,0.0051543761163563,0.0108538350217077,0.0078164759307348,13.155148437190682,5.4562978753090565,13
2025,20,10,23,6,4.0,0,0.0139868373707438,0.0056465784577216,0.0066811947855362,7.414294327843599,5.224238141008929,7
2025,20,10,24,9,7.0,0,0.0139868373707438,0.0070679139962786,0.0152414756045046,11.65215460621322,5.25520019686683,12
2025,20,10,26,1,19.0,0,0.0139868373707438,0.0072617324788091,0.012592486265708,9.584512570943705,5.31783089766904,10
2025,20,10,27,8,11.0,0,0.0090584332737944,0.0063443249948315,0.0102044810982215,10.242334562187162,5.262707196292326,10
2025,20,10,28,8,5.0,0,0.0139868373707438,0.0,0.0079469680163899,7.832841374280851,5.212272470021225,8
2025,21,16,0,9,12.0,1,0.0118899607002502,0.0122848096953721,0.0082318790347039,8.730526727294894,5.476454519857441,9
2025,21,16,1,1,11.0,1,0.0090175062522329,0.0122848096953721,0.0012564446947706,10.302299799694806,6.2480016770647175,10
2025,21,16,2,6,2.0,1,0.0109896391568418,0.0122848096953721,0.0014008636252041,11.033588892158043,5.296790943139589,11
2025,21,16,3,3,8.0,1,0.0140907466952483,0.0122848096953721,0.0101526508094681,14.062705612379478,5.326953126673945,14
2025,21,16,6,0,18.0,1,0.0169346195069668,0.0122848096953721,0.0173013878659215,13.65927701044161,5.331699029054597,14
2025,21,16,9,0,9.0,1,0.0100893176134334,0.0122848096953721,0.0087951128633942,12.578801228209016,5.297185514905814,13
2025,21,16,10,7,5.0,1,0.0104608788853161,0.0122848096953721,0.0052712909608192,10.226680495751818,6.214078439561617,10
2025,21,16,11,2,13.0,1,0.0221650589496248,0.0122848096953721,0.0082029952486173,12.63376028401178,5.313643786454613,13
2025,21,16,12,4,10.0,1,0.0088460164344408,0.0122848096953721,0.0071054113773234,12.570249962495511,5.256593992990054,13
2025,21,16,14,7,7.0,1,0.0117041800643087,0.0122848096953721,0.020550813800673,8.040221135006778,5.635042955443652,8
2025,21,16,15,2,3.0,1,0.0216934619506966,0.0122848096953721,0.0069609924468899,10.387096830888334,5.3213503326795015,10
2025,21,16,18,5,1.0,1,0.0,0.0122848096953721,0.0,5.4006560465435935,5.36504558697664,5
2025,21,16,19,3,17.0,1,0.0133047516970348,0.0122848096953721,0.0235258437676011,8.553412529317002,6.08166679027089,9
2025,21,16,21,5,4.0,1,0.0003286888174349,0.0122848096953721,0.0024984474964978,11.291349067780834,5.28198010109219,11
2025,21,16,23,6,6.0,1,0.0095748481600571,0.0122848096953721,0.002036306919111,6.398038375304696,5.534483500309599,6
2025,21,16,24,9,15.0,1,0.0101607717041802,0.0122848096953721,0.0271074332423495,10.127425871731297,5.362236421557211,10
2025,21,16,26,1,14.0,1,0.0156484458735262,0.0122848096953721,0.0058345247895095,10.257530665254881,6.18689428914267,10
2025,21,16,27,8,19.0,1,0.0255519828510183,0.0122848096953721,0.0209263030197998,11.344773042902155,5.268618372043539,11
2025,21,16,28,8,16.0,1,0.0199071096820293,0.0122848096953721,0.0048669179556056,11.780811403905018,5.281189343890129,12
2025,22,19,0,9,16.0,0,0.0017510179110145,0.0049678425674663,0.0087290280051884,8.215948917831536,5.302949685914024,8
2025,22,19,1,1,7.0,0,0.0099575958313114,0.0150637806884467,0.015799434367491,10.40176893194857,2.731083488056998,10
2025,22,19,2,6,17.0,0,0.0077635492922089,0.0003098224396914,0.0141514449146235,9.891527413445234,5.973855738305466,10
2025,22,19,3,3,14.0,0,0.0125313811944894,0.0147860088459648,0.0162885151083419,10.488300338694174,2.7329167119220767,10
2025,22,19,4,4,18.0,0,0.0168350878673444,0.0202666609687826,0.0179046079911539,13.042515567865472,2.7452756524467623,13
2025,22,19,6,0,15.0,0,0.0206324761080988,0.0130552765966538,0.0239330597316435,12.52345081303023,2.915237908757102,13
2025,22,19,9,0,10.0,0,0.0083015126263158,0.0082370034828315,0.0160333425478979,4.05716763654563,3.022752186788881,4
2025,22,19,10,7,8.0,0,0.0052425054323748,0.0031089079293177,0.0118548918706274,6.707944857559825,4.220521027622912,7
2025,22,19,11,2,20.0,0,0.0080061602075905,0.0056088545116556,0.0129181108724775,10.499999999999966,6.2045432323505425,10
2025,22,19,12,4,11.0,0,0.0144300753148667,0.0029593384756736,0.027601165288026,12.617579807334103,3.624604482482342,13
2025,22,19,14,7,6.0,0,0.0095673087065673,0.0031943761885428,0.0147255831756224,7.03508510488845,4.187986811774297,7
2025,22,19,15,2,9.0,0,0.0,0.0017200487169077,0.019712080294299,6.076059224313047,3.2671227776338747,6
2025,22,19,18,5,1.0,0,0.0048100251049554,0.0,0.0325132370765729,13.619961876195012,4.10593562741992,14
2025,22,19,19,3,13.0,0,0.0139343051834349,0.0173714236875279,0.0187445510026154,11.544512053382743,2.850429480180762,12
2025,22,19,21,5,5.0,0,0.0068352988333579,0.0095190273712099,0.0315669721649264,15.873658337545354,3.089882483330128,16
2025,22,19,23,6,4.0,0,0.0077213560895339,0.0046473365953719,0.0,2.3009376093437623,3.0796172374942974,2
2025,22,19,24,9,3.0,0,0.0039767093521233,0.008899382491827,0.017096561549748,9.1405755478417,2.813716255753264,9
2025,22,19,26,1,12.0,0,0.0115187443302883,0.0062926005854575,0.0157250090373615,8.122135091800859,2.8731565083709025,8
2025,22,19,27,8,19.0,0,0.0028374928798969,0.0116450503194375,0.0277819125183405,9.393815806474759,4.121766734021298,9
2025,22,19,28,8,2.0,0,0.0032383283053098,0.0053738167987863,0.0024135071341995,6.086517853205917,4.6342783598986586,6
2025,23,21,0,9,15.0,1,0.008464732341456,0.0122848096953721,0.0091562051089874,10.083158142221645,3.993768119371929,10
2025,23,21,1,1,8.0,1,0.0047699075675942,0.0122848096953721,0.0049341078008868,5.302603971901802,4.422816897996572,5
2025,23,21,2,6,5.0,1,0.0095645296821707,0.0122848096953721,0.0059584035975265,7.067791942646864,3.9409598856705674,7
2025,23,21,3,3,13.0,1,0.0123819880381592,0.0122848096953721,0.0179751420898131,10.20254451499427,4.140710110398457,10
2025,23,21,4,4,14.0,1,0.0123819880381592,0.0122848096953721,0.0188870151770655,13.648625658666523,3.946991793512783,14
2025,23,21,6,0,20.0,1,0.0321906974445157,0.0122848096953721,0.0288426706639185,16.034017388854785,3.9494046314688456,16
2025,23,21,9,0,9.0,1,0.0185359102367653,0.0122848096953721,0.0256948348010741,15.561775062869673,3.929154172821707,16
2025,23,21,10,7,6.0,1,0.0071548613513913,0.0122848096953721,0.0152645056523639,13.776949115567437,4.406831580574375,14
2025,23,21,11,2,18.0,1,0.0107508279373237,0.0122848096953721,0.0248329273624383,15.526452494106083,3.980857880131759,16
2025,23,21,12,4,11.0,1,0.0106148979289208,0.0122848096953721,0.015889076260071,14.97156578382839,4.862698861352882,15
2025,23,21,14,7,12.0,1,0.0202412139785476,0.0122848096953721,0.0224345762288425,14.44205046525578,4.43551834218121,14
2025,23,21,15,2,10.0,1,0.0091938114774356,0.0122848096953721,0.0070826306913995,8.157199681632758,3.9128221757967694,8
2025,23,21,18,5,2.0,1,0.0007167218624881,0.0122848096953721,0.0028730247954529,5.41719168224628,3.9648548892648785,5
2025,23,21,19,3,17.0,1,0.0144827245316592,0.0122848096953721,0.0201236649803259,12.324788866322281,4.246964373908525,12
2025,23,21,21,5,1.0,1,0.0,0.0122848096953721,0.0,4.951829971626438,3.9443374472052026,5
2025,23,21,23,6,4.0,1,0.0111215461420591,0.0122848096953721,0.0003997251889325,4.559103967433476,3.945978691659081,5
2025,23,21,24,9,7.0,1,0.0059314912757647,0.0122848096953721,0.006083317719068,8.02848796083432,4.008788342276175,8
2025,23,21,26,1,19.0,1,0.0092061687509266,0.0122848096953721,0.0218849540940602,14.650772634342298,3.920203086199029,15
2025,23,21,27,8,16.0,1,0.0107755424843062,0.0122848096953721,0.0057960152395228,6.879753155961731,4.553732536608108,7
2025,23,21,28,8,3.0,1,0.0071672186248825,0.0122848096953721,0.0059084379489101,5.0678747418520675,3.9613738376121455,5
2025,24,0,0,9,17.0,0,0.0139868373707438,0.0104353477847454,0.0046559627522978,9.97850314609852,2.2338555230480135,10
2025,24,0,1,1,6.0,0,0.0139868373707438,0.0075225978840436,0.0030119759041926,0.7853770942176101,2.317733147899942,1
2025,24,0,2,6,14.0,0,0.001455879741966,0.0080281164618514,0.0044759641922863,3.718248507184547,1.082311499467118,4
2025,24,0,3,3,11.0,0,0.003243179262591,0.0050311134648484,0.003299973600211,2.9020590100982897,1.8346949917160054,3
2025,24,0,4,4,7.0,0,0.0030419601112624,0.0058616082712467,0.0054839561283508,9.385235883325421,3.7831469976818437,9
2025,24,0,6,0,20.0,0,0.0043794756465645,0.0203170323652251,0.0140038879688962,6.576549446998282,1.6273708222896144,7
2025,24,0,9,0,19.0,0,0.0139868373707438,0.0226279744352032,0.0088559291525667,5.9636609598116195,1.6728269034905132,6
2025,24,0,10,7,9.0,0,0.0058235189678641,0.0069087538967056,0.0077399380804953,6.502556454032046,0.5537392788231018,7
2025,24,0,11,2,16.0,0,0.0139868373707438,0.0103029500619861,0.0136318909448723,17.356783792223993,4.202912982627832,17
2025,24,0,12,4,18.0,0,0.0017044445759602,0.0056208851389574,0.0064319485444116,10.5,5.888254849911844,10
2025,24,0,14,7,13.0,0,0.0139868373707438,0.0167422938507276,0.0073559411524707,5.381821174763076,1.219309687372936,5
2025,24,0,15,2,5.0,0,0.0001893827306623,0.0069207900533202,0.0040919672642618,14.156531154992722,2.2223122277054386,14
2025,24,0,18,5,2.0,0,0.0,0.0,4.7999616002960106e-05,0.9386150554004562,0.854589945512503,1
2025,24,0,19,3,8.0,0,0.0139868373707438,0.0105316370376611,0.0032519739842081,10.5,5.888254849911844,10
2025,24,0,21,5,3.0,0,0.0139868373707438,0.0081845864978395,0.0031079751361989,2.467018768071588,0.6050369215073407,2
2025,24,0,23,6,4.0,0,0.0029354323252648,0.0045617033568841,0.0,2.580909740591114,1.3439134135530233,3
2025,24,0,24,9,12.0,0,0.0033852163105876,0.0094965275688167,0.0057239542083663,10.56684987104959,1.9711620486440846,11
2025,24,0,26,1,15.0,0,0.0139868373707438,0.0090150813042378,0.0067319461444307,10.568205027381538,3.1667176908655104,11
2025,24,0,27,8,10.0,0,0.0139868373707438,0.0146841110696532,0.0163078695370436,16.173626341342136,1.8344948078612202,16
2025,24,0,28,8,1.0,0,9.46913653310714e-05,0.0043691248510525,0.0014879880960951,4.553984736674073,1.5243857548781223,5
