year,Round,Circuit,Driver,Team,AirTemp_C,TrackTemp_C,Humidity_pct,Pressure_hPa,WindSpeed_ms,Rainfall,Wet,GridPosition,IsSprintWeekend,circuit_layout,circuit_speed,circuit_character,track_length_km,num_corners,elevation_change_m,FP2_s_Delta_pct,FP3_s_Delta_pct,pred_quali_position,pred_std,pred_quali_position_int
2025,1,1,0,9,30.1,40.7,48.0,1009.4,0.7,0.0,0,6.0,0,0,0,0,5.278,14,10,0.0112900482737871,0.0044388245676425,9.986923975860737,6.0310549962299955,10
2025,1,1,1,1,30.1,40.7,48.0,1009.4,0.7,0.0,0,12.0,0,0,0,0,5.278,14,10,0.0116563534321485,0.0177684698568247,10.82671928112251,6.060483727808121,11
2025,1,1,2,6,30.1,40.7,48.0,1009.4,0.7,0.0,0,16.0,0,0,0,0,5.278,14,10,0.0156333808657885,0.0037539020824277,10.314302467266083,6.035392604937044,10
2025,1,1,4,4,30.1,40.7,48.0,1009.4,0.7,0.0,0,15.0,0,0,0,0,5.278,14,10,0.0184199165347532,0.010352866795748,10.718121056146334,6.035709780863008,11
2025,1,1,8,0,30.1,40.7,48.0,1009.4,0.7,0.0,0,14.0,0,0,0,0,5.278,14,10,0.0124936223655465,0.0141199404644299,10.708228741267956,6.029554405619042,11
2025,1,1,9,0,30.1,40.7,48.0,1009.4,0.7,0.0,0,9.0,0,0,0,0,5.278,14,10,0.0137887727468962,0.0105109258307976,10.452667213068086,6.028210658798819,10
2025,1,1,10,7,30.1,40.7,48.0,1009.4,0.7,0.0,0,11.0,0,0,0,0,5.278,14,10,0.0075877497089183,0.0106821564521014,10.188000444623803,6.030949439925229,10
2025,1,1,11,2,30.1,40.7,48.0,1009.4,0.7,0.0,0,8.0,0,0,0,0,5.278,14,10,0.0054945773754235,0.0060194149181385,9.834346528218415,6.030473148369594,10
2025,1,1,12,4,30.1,40.7,48.0,1009.4,0.7,0.0,0,17.0,0,0,0,0,5.278,14,10,0.0094454401548948,0.0161351931613123,10.832137227239322,6.041079650688271,11
2025,1,1,14,8,30.1,40.7,48.0,1009.4,0.7,0.0,0,18.0,0,0,0,0,5.278,14,10,0.0157118748282945,0.4075288787028621,10.338983050847505,6.093223705281182,10
2025,1,1,15,2,30.1,40.7,48.0,1009.4,0.7,0.0,0,7.0,0,0,0,0,5.278,14,10,0.0,0.0035168135298533,9.814853704486683,6.03624791882305,10
2025,1,1,18,5,30.1,40.7,48.0,1009.4,0.7,0.0,0,1.0,0,0,0,0,5.278,14,10,0.0018446081188922,0.0089039923077934,9.971768430796315,6.037418470874354,10
2025,1,1,19,3,30.1,40.7,48.0,1009.4,0.7,0.0,0,19.0,0,0,0,0,5.278,14,10,0.0208663116995252,0.0191251432410004,11.223020866566124,6.038436282088517,11
2025,1,1,21,5,30.1,40.7,48.0,1009.4,0.7,0.0,0,2.0,0,0,0,0,5.278,14,10,0.0016222085584585,0.0,9.96818123411616,6.043593436981103,10
2025,1,1,23,6,30.1,40.7,48.0,1009.4,0.7,0.0,0,4.0,0,0,0,0,5.278,14,10,0.0110284017321001,0.000513691863911,10.1702491463808,6.036795103195861,10
2025,1,1,24,9,30.1,40.7,48.0,1009.4,0.7,0.0,0,10.0,0,0,0,0,5.278,14,10,0.0112900482737871,0.0043597950501177,9.113725888797013,6.051875454084789,9
2025,1,1,26,1,30.1,40.7,48.0,1009.4,0.7,0.0,0,13.0,0,0,0,0,5.278,14,10,0.0109891547508471,0.0135272190829939,10.777872038875417,6.040734352443741,11
2025,1,1,27,7,30.1,40.7,48.0,1009.4,0.7,0.0,0,5.0,0,0,0,0,5.278,14,10,0.004513402844098,0.0070336270597066,9.877688784663682,6.031876052027475,10
2025,1,1,28,8,30.1,40.7,48.0,1009.4,0.7,0.0,0,3.0,0,0,0,0,5.278,14,10,0.0081633721006293,0.0010668984865845,9.708678994214226,6.031565778601472,10
2025,2,7,0,9,26.1,38.7,14.0,1015.1,2.3,0.0,0,10.0,1,1,2,0,5.451,16,10,0.0122848096953721,0.0075950203084238,10.5,5.407070388379914,10
2025,2,7,1,1,26.1,38.7,14.0,1015.1,2.3,0.0,0,13.0,1,1,2,0,5.451,16,10,0.0122848096953721,0.0106330284317933,10.5,5.407070388379914,10
2025,2,7,2,6,26.1,38.7,14.0,1015.1,2.3,0.0,0,8.0,1,1,2,0,5.451,16,10,0.0122848096953721,0.0068905546566279,10.5,5.407070388379914,10
2025,2,7,3,3,26.1,38.7,14.0,1015.1,2.3,0.0,0,17.0,1,1,2,0,5.451,16,10,0.0122848096953721,0.0124272143887108,10.5,5.407070388379914,10
2025,2,7,4,4,26.1,38.7,14.0,1015.1,2.3,0.0,0,19.0,1,1,2,0,5.451,16,10,0.0122848096953721,0.0186022961177337,10.5,5.407070388379914,10
2025,2,7,8,0,26.1,38.7,14.0,1015.1,2.3,0.0,0,18.0,1,1,2,0,5.451,16,10,0.0122848096953721,0.0189985580468689,10.5,5.407070388379914,10
2025,2,7,9,0,26.1,38.7,14.0,1015.1,2.3,0.0,0,16.0,1,1,2,0,5.451,16,10,0.0122848096953721,0.019714030974474,10.5,5.407070388379914,10
2025,2,7,10,7,26.1,38.7,14.0,1015.1,2.3,0.0,0,7.0,1,1,2,0,5.451,16,10,0.0122848096953721,0.0145516186199077,10.5,5.407070388379914,10
2025,2,7,11,2,26.1,38.7,14.0,1015.1,2.3,0.0,0,5.0,1,1,2,0,5.451,16,10,0.0122848096953721,0.0,10.5,5.407070388379914,10
2025,2,7,12,4,26.1,38.7,14.0,1015.1,2.3,0.0,0,12.0,1,1,2,0,5.451,16,10,0.0122848096953721,0.0200992856277999,10.5,5.407070388379914,10
2025,2,7,14,8,26.1,38.7,14.0,1015.1,2.3,0.0,0,20.0,1,1,2,0,5.451,16,10,0.0122848096953721,0.0206936785215026,10.5,5.407070388379914,10
2025,2,7,15,2,26.1,38.7,14.0,1015.1,2.3,0.0,0,6.0,1,1,2,0,5.451,16,10,0.0122848096953721,0.0022895133683364,10.5,5.407070388379914,10
2025,2,7,18,5,26.1,38.7,14.0,1015.1,2.3,0.0,0,3.0,1,1,2,0,5.451,16,10,0.0122848096953721,0.0035773646380257,10.5,5.407070388379914,10
2025,2,7,19,3,26.1,38.7,14.0,1015.1,2.3,0.0,0,11.0,1,1,2,0,5.451,16,10,0.0122848096953721,0.0198351110083764,10.5,5.407070388379914,10
2025,2,7,21,5,26.1,38.7,14.0,1015.1,2.3,0.0,0,1.0,1,1,2,0,5.451,16,10,0.0122848096953721,0.0008805820647447,10.5,5.407070388379914,10
2025,2,7,23,6,26.1,38.7,14.0,1015.1,2.3,0.0,0,2.0,1,1,2,0,5.451,16,10,0.0122848096953721,0.0035223282589791,10.5,5.407070388379914,10
2025,2,7,24,9,26.1,38.7,14.0,1015.1,2.3,0.0,0,15.0,1,1,2,0,5.451,16,10,0.0122848096953721,0.0162467390945414,10.5,5.407070388379914,10
2025,2,7,26,1,26.1,38.7,14.0,1015.1,2.3,0.0,0,14.0,1,1,2,0,5.451,16,10,0.0122848096953721,0.0098294972977137,10.5,5.407070388379914,10
2025,2,7,27,7,26.1,38.7,14.0,1015.1,2.3,0.0,0,9.0,1,1,2,0,5.451,16,10,0.0122848096953721,0.0101707228478023,10.5,5.407070388379914,10
2025,2,7,28,8,26.1,38.7,14.0,1015.1,2.3,0.0,0,4.0,1,1,2,0,5.451,16,10,0.0122848096953721,0.0001981309645675,10.5,5.407070388379914,10
2025,3,18,0,9,14.7,32.3,59.0,1013.3,3.0,0.0,0,9.0,0,1,0,2,5.807,18,40,0.0103161813105748,0.0066958449383277,9.255454617200657,2.1578442498579853,9
2025,3,18,1,1,14.7,32.3,59.0,1013.3,3.0,0.0,0,13.0,0,1,0,2,5.807,18,40,0.0211544136005627,0.0205422611265844,14.474948010339872,3.3231232677894855,14
2025,3,18,2,6,14.7,32.3,59.0,1013.3,3.0,0.0,0,6.0,0,1,0,2,5.807,18,40,0.0183739246884717,0.0131984311942249,7.017192250515064,3.156969567521478,7
2025,3,18,3,3,14.7,32.3,59.0,1013.3,3.0,0.0,0,10.0,0,1,0,2,5.807,18,40,0.0174773588760014,0.0240891263570738,15.957775006727612,2.069900432097614,16
2025,3,18,4,4,14.7,32.3,59.0,1013.3,3.0,0.0,0,17.0,0,1,0,2,5.807,18,40,0.0138570488231153,0.0246575342465753,15.373029579825218,3.717094019642055,15
2025,3,18,8,0,14.7,32.3,59.0,1013.3,3.0,0.0,0,19.0,0,1,0,2,5.807,18,40,0.0402319722178087,0.0204854203376342,16.321178477744905,1.5715625734768068,16
2025,3,18,9,0,14.7,32.3,59.0,1013.3,3.0,0.0,0,11.0,0,1,0,2,5.807,18,40,0.0072973647774474,0.0072528846700391,6.215985923573681,1.8090477957643771,6
2025,3,18,10,7,14.7,32.3,59.0,1013.3,3.0,0.0,0,7.0,0,1,0,2,5.807,18,40,0.0045849694713665,0.0093332575456147,8.785396118770624,1.7540536284066501,9
2025,3,18,11,2,14.7,32.3,59.0,1013.3,3.0,0.0,0,8.0,0,1,0,2,5.807,18,40,0.0048800417640782,0.0063548002046268,5.47289037264748,1.3349355200141944,5
2025,3,18,12,4,14.7,32.3,59.0,1013.3,3.0,0.0,0,16.0,0,1,0,2,5.807,18,40,0.0107587897496424,0.0301938270903199,11.64555091407789,4.948982336534379,12
2025,3,18,14,7,14.7,32.3,59.0,1013.3,3.0,0.0,0,14.0,0,1,0,2,5.807,18,40,0.0050502757791042,0.0129483317228442,12.40638059117188,1.498285601958394,12
2025,3,18,15,2,14.7,32.3,59.0,1013.3,3.0,0.0,0,4.0,0,1,0,2,5.807,18,40,0.005356697006151,0.0051043028477235,4.226774894127767,1.359080248011769,4
2025,3,18,18,5,14.7,32.3,59.0,1013.3,3.0,0.0,0,2.0,0,1,0,2,5.807,18,40,0.0005560977824181,0.0,1.894305411056365,1.8603983407592344,2
2025,3,18,19,3,14.7,32.3,59.0,1013.3,3.0,0.0,0,18.0,0,1,0,2,5.807,18,40,0.0158090655287468,0.0252145739782868,15.535545874273524,2.801501066625166,16
2025,3,18,21,5,14.7,32.3,59.0,1013.3,3.0,0.0,0,3.0,0,1,0,2,5.807,18,40,0.0,0.0002955721025407,1.9226092285990646,1.434914035007572,2
2025,3,18,23,6,14.7,32.3,59.0,1013.3,3.0,0.0,0,5.0,0,1,0,2,5.807,18,40,0.0051410672537847,0.0012732336724833,9.5481508776729,2.1720938846990965,10
2025,3,18,24,9,14.7,32.3,59.0,1013.3,3.0,0.0,0,12.0,0,1,0,2,5.807,18,40,0.0081485348525772,0.0100153470130165,10.646153640481566,1.5553346860734556,11
2025,3,18,26,1,14.7,32.3,59.0,1013.3,3.0,0.0,0,20.0,0,1,0,2,5.807,18,40,0.030993939669065,0.0261694992326492,13.376568343831666,3.4940526737280337,13
2025,3,18,27,8,14.7,32.3,59.0,1013.3,3.0,0.0,0,15.0,0,1,0,2,5.807,18,40,0.0284971741153505,0.0093218893878246,11.162696212721524,2.3249849528335713,11
2025,3,18,28,8,14.7,32.3,59.0,1013.3,3.0,0.0,0,1.0,0,1,0,2,5.807,18,40,0.0063100074902966,0.0060478599442959,5.137283185329559,1.3407966562565987,5
2025,4,4,0,9,26.3,30.8,58.0,1004.2,3.1,0.0,0,15.0,0,1,2,0,5.412,15,15,0.0131594939506104,0.0229906378892695,10.47100024554127,6.714588737067754,10
2025,4,4,1,1,26.3,30.8,58.0,1004.2,3.1,0.0,0,13.0,0,1,2,0,5.412,15,15,0.0145848295674272,0.0207537699408594,10.485027879450294,6.714593702937428,10
2025,4,4,2,6,26.3,30.8,58.0,1004.2,3.1,0.0,0,4.0,0,1,2,0,5.412,15,15,0.0079774598088504,0.0138576697291752,10.45928199009029,6.714555455691148,10
2025,4,4,3,3,26.3,30.8,58.0,1004.2,3.1,0.0,0,20.0,0,1,2,0,5.412,15,15,0.0119219932600409,0.0293411605525608,10.477231429729155,6.714653370709753,10
2025,4,4,4,4,26.3,30.8,58.0,1004.2,3.1,0.0,0,18.0,0,1,2,0,5.412,15,15,0.0139992265620685,0.0313379743796783,10.483050869554688,6.71467581776847,10
2025,4,4,8,0,26.3,30.8,58.0,1004.2,3.1,0.0,0,11.0,0,1,2,0,5.412,15,15,0.0141760123750069,0.0185605481963205,10.47537004647734,6.7145513036804525,10
2025,4,4,9,0,26.3,30.8,58.0,1004.2,3.1,0.0,0,5.0,0,1,2,0,5.412,15,15,0.0159328213910834,0.0144905396853109,10.471595013784759,6.714687890754872,10
2025,4,4,10,7,26.3,30.8,58.0,1004.2,3.1,0.0,0,12.0,0,1,2,0,5.412,15,15,0.0080990000552456,0.0150252056827356,10.459522355894109,6.714556748169004,10
2025,4,4,11,2,26.3,30.8,58.0,1004.2,3.1,0.0,0,9.0,0,1,2,0,5.412,15,15,0.0118336003535716,0.0159854221679069,10.46515354148334,6.7145733663040525,10
2025,4,4,12,4,26.3,30.8,58.0,1004.2,3.1,0.0,0,16.0,0,1,2,0,5.412,15,15,0.021998784597536,0.0326255373938851,10.501096252690648,6.7147552819772125,11
2025,4,4,14,7,26.3,30.8,58.0,1004.2,3.1,0.0,0,17.0,0,1,2,0,5.412,15,15,0.0132699850836971,0.0188115138685813,10.473140904038694,6.714553957375047,10
2025,4,4,15,2,26.3,30.8,58.0,1004.2,3.1,0.0,0,3.0,0,1,2,0,5.412,15,15,0.0059665211866748,0.0091002335071907,10.456166164351863,6.714566318749601,10
2025,4,4,18,5,26.3,30.8,58.0,1004.2,3.1,0.0,0,6.0,0,1,2,0,5.412,15,15,0.0017015634495332,0.0072889160465267,10.451178703759515,6.714588854018492,10
2025,4,4,19,3,26.3,30.8,58.0,1004.2,3.1,0.0,0,14.0,0,1,2,0,5.412,15,15,0.0150820396663168,0.0173930122427601,10.477429173166456,6.714546349426202,10
2025,4,4,21,5,26.3,30.8,58.0,1004.2,3.1,0.0,0,1.0,0,1,2,0,5.412,15,15,0.0,0.0,10.477350003000328,6.714744533070529,10
2025,4,4,23,6,26.3,30.8,58.0,1004.2,3.1,0.0,0,2.0,0,1,2,0,5.412,15,15,0.0058228827136622,0.0128865416930362,10.479198715025776,6.7146142764950625,10
2025,4,4,24,9,26.3,30.8,58.0,1004.2,3.1,0.0,0,8.0,0,1,2,0,5.412,15,15,0.0123529086790786,0.0157781026995176,10.465538998654335,6.714626804011008,10
2025,4,4,26,1,26.3,30.8,58.0,1004.2,3.1,0.0,0,19.0,0,1,2,0,5.412,15,15,0.0207391856803492,0.0296466839796608,10.504932510477515,6.714673268209532,11
2025,4,4,27,8,26.3,30.8,58.0,1004.2,3.1,0.0,0,10.0,0,1,2,0,5.412,15,15,0.01678360311585,0.0362154376623093,10.491852369115223,6.714750840932724,10
2025,4,4,28,8,26.3,30.8,58.0,1004.2,3.1,0.0,0,7.0,0,1,2,0,5.412,15,15,0.009115518479642,0.0150688518866071,10.461979272997537,6.714553485614413,10
2025,5,22,0,9,29.5,37.150000000000006,59.0,1006.3,0.9,0.0,0,11.0,0,2,0,1,6.174,27,5,0.010796787021197,0.0102870075095153,10.342349734077954,5.539651054724836,10
2025,5,22,1,1,29.5,37.150000000000006,59.0,1006.3,0.9,0.0,0,13.0,0,2,0,1,6.174,27,5,0.015804320980661,0.0159905816731246,10.368651984511859,5.539649936136711,10
2025,5,22,2,6,29.5,37.150000000000006,59.0,1006.3,0.9,0.0,0,5.0,0,2,0,1,6.174,27,5,0.0110460307929351,0.0136017099292482,10.338275796399236,5.53965539464456,10
2025,5,22,3,3,29.5,37.150000000000006,59.0,1006.3,0.9,0.0,0,15.0,0,2,0,1,6.174,27,5,0.01684661311702,0.0171450125158591,10.34676853790164,5.539656778155134,10
2025,5,22,4,4,29.5,37.150000000000006,59.0,1006.3,0.9,0.0,0,20.0,0,2,0,1,6.174,27,5,0.0122848096953721,0.0219570460286435,10.335415526876501,5.539652490350452,10
2025,5,22,8,0,29.5,37.150000000000006,59.0,1006.3,0.9,0.0,0,17.0,0,2,0,1,6.174,27,5,0.0186366365685931,0.0161048817565635,10.369054203270938,5.539662300989103,10
2025,5,22,9,0,29.5,37.150000000000006,59.0,1006.3,0.9,0.0,0,9.0,0,2,0,1,6.174,27,5,0.0095052511131,0.0129844894786772,10.342371643355621,5.53965418476719,10
2025,5,22,10,7,29.5,37.150000000000006,59.0,1006.3,0.9,0.0,0,14.0,0,2,0,1,6.174,27,5,0.0117711035834457,0.0146304106801998,10.349918229712808,5.539650297554159,10
2025,5,22,11,2,29.5,37.150000000000006,59.0,1006.3,0.9,0.0,0,7.0,0,2,0,1,6.174,27,5,0.012507505636308,0.0147561407719827,10.334021338787709,5.539675357934788,10
2025,5,22,12,4,29.5,37.150000000000006,59.0,1006.3,0.9,0.0,0,18.0,0,2,0,1,6.174,27,5,0.0104908969377004,0.0197853444433013,10.331293873557078,5.539653572676064,10
2025,5,22,14,7,29.5,37.150000000000006,59.0,1006.3,0.9,0.0,0,12.0,0,2,0,1,6.174,27,5,0.0138330293314602,0.0156819714478391,10.360403079939845,5.539649745218336,10
2025,5,22,15,2,29.5,37.150000000000006,59.0,1006.3,0.9,0.0,0,4.0,0,2,0,1,6.174,27,5,0.005460704453533,0.010092697367669,10.306501019270438,5.53965166650369,10
2025,5,22,18,5,29.5,37.150000000000006,59.0,1006.3,0.9,0.0,0,10.0,0,2,0,1,6.174,27,5,0.0,0.0,10.326792459232719,5.539667429429666,10
2025,5,22,19,3,29.5,37.150000000000006,59.0,1006.3,0.9,0.0,0,19.0,0,2,0,1,6.174,27,5,0.019848867640228,0.0211112254111944,10.347617324860817,5.5396604837656795,10
2025,5,22,21,5,29.5,37.150000000000006,59.0,1006.3,0.9,0.0,0,2.0,0,2,0,1,6.174,27,5,0.0018466697633318,0.0002743202002537,10.338409920062524,5.5396813451803855,10
2025,5,22,23,6,29.5,37.150000000000006,59.0,1006.3,0.9,0.0,0,3.0,0,2,0,1,6.174,27,5,0.0079984592203202,0.007166615231629,10.323519598683232,5.539654694352383,10
2025,5,22,24,9,29.5,37.150000000000006,59.0,1006.3,0.9,0.0,0,6.0,0,2,0,1,6.174,27,5,0.0076472520874165,0.0123558390197623,10.329096214557213,5.539651130880563,10
2025,5,22,26,1,29.5,37.150000000000006,59.0,1006.3,0.9,0.0,0,16.0,0,2,0,1,6.174,27,5,0.0197129164920073,0.0227342865960291,10.364094336565783,5.5396656532291475,10
2025,5,22,27,8,29.5,37.150000000000006,59.0,1006.3,0.9,0.0,0,8.0,0,2,0,1,6.174,27,5,0.0078851665968028,0.013498839854153,10.33081937791314,5.539651189714944,10
2025,5,22,28,8,29.5,37.150000000000006,59.0,1006.3,0.9,0.0,0,1.0,0,2,0,1,6.174,27,5,0.0031721934584839,0.0096583570506006,10.357903282853643,5.539661616695345,10
2025,6,20,0,9,27.8,39.7,63.5,1013.5,2.7,0.0,0,7.0,1,0,2,0,5.412,19,5,0.0122848096953721,0.0082213639832566,10.338983050895607,5.491095762268653,10
2025,6,20,1,1,27.8,39.7,63.5,1013.5,2.7,0.0,0,17.0,1,0,2,0,5.412,19,5,0.0122848096953721,0.0148470201891723,10.338983050909686,5.491095762268653,10
2025,6,20,2,6,27.8,39.7,63.5,1013.5,2.7,0.0,0,3.0,1,0,2,0,5.412,19,5,0.0122848096953721,0.0,10.338983050814317,5.491095762268653,10
2025,6,20,3,3,27.8,39.7,63.5,1013.5,2.7,0.0,0,20.0,1,0,2,0,5.412,19,5,0.0122848096953721,0.0386554427510927,10.33898305084221,5.491095762268653,10
2025,6,20,4,4,27.8,39.7,63.5,1013.5,2.7,0.0,0,13.0,1,0,2,0,5.412,19,5,0.0122848096953721,0.0327235725353252,10.338983050914749,5.491095762268653,10
2025,6,20,8,0,27.8,39.7,63.5,1013.5,2.7,0.0,0,14.0,1,0,2,0,5.412,19,5,0.0122848096953721,0.0310931754584769,10.338983050914038,5.491095762268653,10
2025,6,20,9,0,27.8,39.7,63.5,1013.5,2.7,0.0,0,18.0,1,0,2,0,5.412,19,5,0.0122848096953721,0.0194838232233297,10.338983050883803,5.491095762268653,10
2025,6,20,10,7,27.8,39.7,63.5,1013.5,2.7,0.0,0,11.0,1,0,2,0,5.412,19,5,0.0122848096953721,0.0122684489257881,10.338983050862977,5.491095762268653,10
2025,6,20,11,2,27.8,39.7,63.5,1013.5,2.7,0.0,0,12.0,1,0,2,0,5.412,19,5,0.0122848096953721,0.0063365787100206,10.3389830508334,5.491095762268653,10
2025,6,20,12,4,27.8,39.7,63.5,1013.5,2.7,0.0,0,16.0,1,0,2,0,5.412,19,5,0.0122848096953721,0.0158183205753797,10.338983050865687,5.491095762268653,10
2025,6,20,14,7,27.8,39.7,63.5,1013.5,2.7,0.0,0,15.0,1,0,2,0,5.412,19,5,0.0122848096953721,0.0218889479891769,10.338983050898,5.491095762268653,10
2025,6,20,15,2,27.8,39.7,63.5,1013.5,2.7,0.0,0,8.0,1,0,2,0,5.412,19,5,0.0122848096953721,0.0037695705464721,10.338983050823677,5.491095762268653,10
2025,6,20,18,5,27.8,39.7,63.5,1013.5,2.7,0.0,0,2.0,1,0,2,0,5.412,19,5,0.0122848096953721,0.0011563099835803,10.338983050820731,5.491095762268653,10
2025,6,20,19,3,27.8,39.7,63.5,1013.5,2.7,0.0,0,9.0,1,0,2,0,5.412,19,5,0.0122848096953721,0.0183622025392566,10.338983050837594,5.491095762268653,10
2025,6,20,21,5,27.8,39.7,63.5,1013.5,2.7,0.0,0,4.0,1,0,2,0,5.412,19,5,0.0122848096953721,0.0005203394926111,10.338983050816589,5.491095762268653,10
2025,6,20,23,6,27.8,39.7,63.5,1013.5,2.7,0.0,0,5.0,1,0,2,0,5.412,19,5,0.0122848096953721,0.0035729978492634,10.338983050827,5.491095762268653,10
2025,6,20,24,9,27.8,39.7,63.5,1013.5,2.7,0.0,0,6.0,1,0,2,0,5.412,19,5,0.0122848096953721,0.0163849124673342,10.33898305087955,5.491095762268653,10
2025,6,20,26,1,27.8,39.7,63.5,1013.5,2.7,0.0,0,19.0,1,0,2,0,5.412,19,5,0.0122848096953721,0.029439652181957,10.338983050853752,5.491095762268653,10
2025,6,20,27,8,27.8,39.7,63.5,1013.5,2.7,0.0,0,10.0,1,0,2,0,5.412,19,5,0.0122848096953721,0.0319604079461621,10.338983050914493,5.491095762268653,10
2025,6,20,28,8,27.8,39.7,63.5,1013.5,2.7,0.0,0,1.0,1,0,2,0,5.412,19,5,0.0122848096953721,0.0029485904581299,10.338983050821513,5.491095762268653,10
2025,7,11,0,9,22.9,39.5,30.0,1008.6,2.0,0.0,0,7.0,0,1,2,2,4.909,19,20,0.0082743415722575,0.0111486441379493,8.458965852058729,3.6283738943593353,8
2025,7,11,1,1,22.9,39.5,30.0,1008.6,2.0,0.0,0,5.0,0,1,2,2,4.909,19,20,0.0123119015047878,0.0123102393954363,16.11260053003759,4.255822741510525,16
2025,7,11,2,6,22.9,39.5,30.0,1008.6,2.0,0.0,0,13.0,0,1,2,2,4.909,19,20,0.0147822506740334,0.0067025381523958,11.509304903792284,3.7113682465130697,12
2025,7,11,3,3,22.9,39.5,30.0,1008.6,2.0,0.0,0,19.0,0,1,2,2,4.909,19,20,0.0095095161568803,0.0139791980987222,9.548350956019469,3.6242639711073936,10
2025,7,11,4,4,22.9,39.5,30.0,1008.6,2.0,0.0,0,14.0,0,1,2,2,4.909,19,20,0.0138923937152191,0.0153410684006035,12.274170582146983,3.6227875933452167,12
2025,7,11,6,0,22.9,39.5,30.0,1008.6,2.0,0.0,0,15.0,0,1,2,2,4.909,19,20,0.0099743668070071,0.0175307422193143,10.449149734885049,3.627745032800561,10
2025,7,11,9,0,22.9,39.5,30.0,1008.6,2.0,0.0,0,10.0,0,1,2,2,4.909,19,20,0.0036656794124287,0.0145933749015312,7.32619120019851,3.639292429519906,7
2025,7,11,10,7,22.9,39.5,30.0,1008.6,2.0,0.0,0,9.0,0,1,2,2,4.909,19,20,0.0066274421260939,0.008157870141661,7.297342773311362,3.640243785321898,7
2025,7,11,11,2,22.9,39.5,30.0,1008.6,2.0,0.0,0,12.0,0,1,2,2,4.909,19,20,0.0086329406452125,0.0118829859673952,8.749670251677157,3.6267462039656104,9
2025,7,11,12,4,22.9,39.5,30.0,1008.6,2.0,0.0,0,17.0,0,1,2,2,4.909,19,20,0.0149549094869375,0.0179045889688504,13.298861642447438,3.624047797647779,13
2025,7,11,14,7,22.9,39.5,30.0,1008.6,2.0,0.0,0,16.0,0,1,2,2,4.909,19,20,0.0127767521549146,0.0144198031963896,11.445466029921993,3.623190021717087,11
2025,7,11,15,2,22.9,39.5,30.0,1008.6,2.0,0.0,0,11.0,0,1,2,2,4.909,19,20,0.0063086873945784,0.0073968249729627,7.0709249908268,3.645634956827788,7
2025,7,11,18,5,22.9,39.5,30.0,1008.6,2.0,0.0,0,4.0,0,1,2,2,4.909,19,20,0.0003320361786619,0.0,3.504930576550848,3.745387747117184,4
2025,7,11,19,3,22.9,39.5,30.0,1008.6,2.0,0.0,0,18.0,0,1,2,2,4.909,19,20,0.0149681909340841,0.0198939877431672,13.570046181393417,3.6266693163586887,14
2025,7,11,21,5,22.9,39.5,30.0,1008.6,2.0,0.0,0,1.0,0,1,2,2,4.909,19,20,0.0,0.0013351669626286,3.555934066483159,3.7717982713636546,4
2025,7,11,23,6,22.9,39.5,30.0,1008.6,2.0,0.0,0,3.0,0,1,2,2,4.909,19,20,0.0053125788585923,0.0102140272641093,7.101121722647697,3.628724754962795,7
2025,7,11,24,9,22.9,39.5,30.0,1008.6,2.0,0.0,0,6.0,0,1,2,2,4.909,19,20,0.0085134076208942,0.0074769349907204,7.261209087846561,3.671631319890636,7
2025,7,11,26,1,22.9,39.5,30.0,1008.6,2.0,0.0,0,8.0,0,1,2,2,4.909,19,20,0.013918956609512,0.0143930998571369,12.59245125886986,3.6623329634927058,13
2025,7,11,28,8,22.9,39.5,30.0,1008.6,2.0,0.0,0,2.0,0,1,2,2,4.909,19,20,0.0058703996387445,0.0024166522023578,2.793949459701679,4.054577640114931,3
2025,8,14,0,9,21.1,40.5,59.0,1014.9,0.8,0.0,0,10.0,0,2,1,2,3.337,19,42,0.0078901268306355,0.0100770932871055,10.633122075324076,5.591815774584302,11
2025,8,14,1,1,21.1,40.5,59.0,1014.9,0.8,0.0,0,7.0,0,2,1,2,3.337,19,42,0.0074977226543339,0.0161797246064295,8.754646355877094,5.617415618175228,9
2025,8,14,2,6,21.1,40.5,59.0,1014.9,0.8,0.0,0,15.0,0,2,1,2,3.337,19,42,0.0090673393595402,0.0149394669710935,8.146106858725695,5.519388142278697,8
2025,8,14,3,3,21.1,40.5,59.0,1014.9,0.8,0.0,0,17.0,0,2,1,2,3.337,19,42,0.0126690491205941,0.018293800121207,16.206710345088325,5.592975066414989,16
2025,8,14,4,4,21.1,40.5,59.0,1014.9,0.8,0.0,0,16.0,0,2,1,2,3.337,19,42,0.0123186882488962,0.0232266429890208,14.704640237111763,5.6569146273838475,15
2025,8,14,6,0,21.1,40.5,59.0,1014.9,0.8,0.0,0,20.0,0,2,1,2,3.337,19,42,0.0288697358279027,0.0267501021803164,12.882945680720628,5.7074593165858625,13
2025,8,14,9,0,21.1,40.5,59.0,1014.9,0.8,0.0,0,18.0,0,2,1,2,3.337,19,42,0.0147011421764416,0.0174904514255915,11.248875200209032,5.724729894398454,11
2025,8,14,10,7,21.1,40.5,59.0,1014.9,0.8,0.0,0,6.0,0,2,1,2,3.337,19,42,0.006825029780674,0.0185756768565106,9.12203258854967,5.58101066754658,9
2025,8,14,11,2,21.1,40.5,59.0,1014.9,0.8,0.0,0,4.0,0,2,1,2,3.337,19,42,0.0014715156611308,0.0079348300987978,4.9955641397882475,5.541144694019527,5
2025,8,14,12,4,21.1,40.5,59.0,1014.9,0.8,0.0,0,13.0,0,2,1,2,3.337,19,42,0.0127110924251979,0.0165179766887939,13.335811677403312,5.659337846010003,13
2025,8,14,14,7,21.1,40.5,59.0,1014.9,0.8,0.0,0,9.0,0,2,1,2,3.337,19,42,0.0065587555181835,0.012134793454822,7.593436491808566,5.583879198079501,8
2025,8,14,15,2,21.1,40.5,59.0,1014.9,0.8,0.0,0,2.0,0,2,1,2,3.337,19,42,0.0,0.0,3.1212241261591895,5.581158189598349,3
2025,8,14,18,5,21.1,40.5,59.0,1014.9,0.8,0.0,0,1.0,0,2,1,2,3.337,19,42,0.0045126480274683,0.0041435880089636,5.44215047773476,5.612828370103465,5
2025,8,14,19,3,21.1,40.5,59.0,1014.9,0.8,0.0,0,8.0,0,2,1,2,3.337,19,42,0.0166211197533458,0.0217890716389721,17.130409299276128,5.617682769508515,17
2025,8,14,21,5,21.1,40.5,59.0,1014.9,0.8,0.0,0,3.0,0,2,1,2,3.337,19,42,0.0005325485249806,0.0062717573605061,5.756678613172334,5.619213368426882,6
2025,8,14,23,6,21.1,40.5,59.0,1014.9,0.8,0.0,0,14.0,0,2,1,2,3.337,19,42,0.0103286384976525,0.0156864403196482,11.678523977762431,5.795591418387046,12
2025,8,14,24,9,21.1,40.5,59.0,1014.9,0.8,0.0,0,11.0,0,2,1,2,3.337,19,42,0.0111554901548593,0.0132482065592715,11.431381169300026,5.584867448072459,11
2025,8,14,26,1,21.1,40.5,59.0,1014.9,0.8,0.0,0,19.0,0,2,1,2,3.337,19,42,0.0162147011421763,0.0176032021197129,10.859961126511362,5.6985751921570085,11
2025,8,14,27,8,21.1,40.5,59.0,1014.9,0.8,0.0,0,12.0,0,2,1,2,3.337,19,42,0.0100483498002942,0.0140797429284173,7.961188182488538,5.516877727175092,8
2025,8,14,28,8,21.1,40.5,59.0,1014.9,0.8,0.0,0,5.0,0,2,1,2,3.337,19,42,0.0099922920608225,0.0039462742942511,5.426617281530804,5.531950610927409,5
2025,9,9,0,9,29.2,47.8,36.0,1005.5,1.7,0.0,0,11.0,0,1,2,0,4.657,14,30,0.0148295766904891,0.0262754361971072,13.866327342933054,2.5201251089977506,14
2025,9,9,1,1,29.2,47.8,36.0,1005.5,1.7,0.0,0,10.0,0,1,2,0,4.657,14,30,0.0074354040681692,0.0141876303756199,13.338599917203567,3.3400447485855107,13
2025,9,9,2,6,29.2,47.8,36.0,1005.5,1.7,0.0,0,6.0,0,1,2,0,4.657,14,30,0.0073941726223199,0.0140632986585989,10.087568403894933,2.0918876507232236,10
2025,9,9,3,3,29.2,47.8,36.0,1005.5,1.7,0.0,0,15.0,0,1,2,0,4.657,14,30,0.0187740516767454,0.0286377388205063,15.531650172808796,2.833985755608292,16
2025,9,9,4,4,29.2,47.8,36.0,1005.5,1.7,0.0,0,12.0,0,1,2,0,4.657,14,30,0.0164788345244639,0.0184425380247833,12.716730968683592,1.8438325247064558,13
2025,9,9,6,0,29.2,47.8,36.0,1005.5,1.7,0.0,0,19.0,0,1,2,0,4.657,14,30,0.021206706981858,0.0234572506112975,10.49732698863402,4.241086009168368,10
2025,9,9,9,0,29.2,47.8,36.0,1005.5,1.7,0.0,0,8.0,0,1,2,0,4.657,14,30,0.0085898845519516,0.0216475333968805,9.102311214660244,3.9793912842244126,9
2025,9,9,10,7,29.2,47.8,36.0,1005.5,1.7,0.0,0,9.0,0,1,2,0,4.657,14,30,0.0087960417811984,0.0137455620484341,10.303204461477694,1.9795325544278985,10
2025,9,9,11,2,29.2,47.8,36.0,1005.5,1.7,0.0,0,5.0,0,1,2,0,4.657,14,30,0.0106239692138537,0.0157486841559948,10.845419499421839,3.6002767053123805,11
2025,9,9,12,4,29.2,47.8,36.0,1005.5,1.7,0.0,0,16.0,0,1,2,0,4.657,14,30,0.0114348543155579,0.0185944990122536,10.419955530315772,2.9405373753754107,10
2025,9,9,14,7,29.2,47.8,36.0,1005.5,1.7,0.0,0,13.0,0,1,2,0,4.657,14,30,0.0100879604178119,0.0172682940306961,11.404725959606619,1.9899952346051533,11
2025,9,9,15,2,29.2,47.8,36.0,1005.5,1.7,0.0,0,7.0,0,1,2,0,4.657,14,30,0.0068719076415612,0.0102642739718457,9.532762478331053,3.4284554357019092,10
2025,9,9,18,5,29.2,47.8,36.0,1005.5,1.7,0.0,0,2.0,0,1,2,0,4.657,14,30,0.0042605827377678,0.0072664981281168,4.103008011517229,3.8150994409664043,4
2025,9,9,19,3,29.2,47.8,36.0,1005.5,1.7,0.0,0,17.0,0,1,2,0,4.657,14,30,0.0171110500274874,0.0241894262781991,14.310831226363934,1.9944074089366308,14
2025,9,9,21,5,29.2,47.8,36.0,1005.5,1.7,0.0,0,1.0,0,1,2,0,4.657,14,30,0.0,0.0,1.8918791841672729,2.9159891159331055,2
2025,9,9,23,6,29.2,47.8,36.0,1005.5,1.7,0.0,0,4.0,0,1,2,0,4.657,14,30,0.003930731170973,0.0103886056888667,8.56974196593209,2.2382386123198206,9
2025,9,9,24,9,29.2,47.8,36.0,1005.5,1.7,0.0,0,18.0,0,1,2,0,4.657,14,30,0.0132078064870807,0.0189398648928674,5.814161359863152,5.095338417163286,6
2025,9,9,26,1,29.2,47.8,36.0,1005.5,1.7,0.0,0,14.0,0,1,2,0,4.657,14,30,0.0148295766904891,0.0209568016356527,17.85600529452302,1.9021618382050396,18
2025,9,9,27,8,29.2,47.8,36.0,1005.5,1.7,0.0,0,20.0,0,1,2,0,4.657,14,30,0.0126855415063221,0.020791026012958,12.48781980717616,1.8787936113604347,12
2025,9,9,28,8,29.2,47.8,36.0,1005.5,1.7,0.0,0,3.0,0,1,2,0,4.657,14,30,0.0042605827377678,0.0136488596018622,9.363789943257277,2.3337306972111396,9
2025,10,15,0,9,21.3,43.1,31.0,1018.9,2.3,0.0,0,10.0,0,0,2,0,4.361,14,5,0.0044645952054128,0.0107800944302843,10.506791571424786,6.268095034984969,11
2025,10,15,1,1,21.3,43.1,31.0,1018.9,2.3,0.0,0,6.0,0,0,2,0,4.361,14,5,0.0046448428379295,0.0062396412206297,10.49143060425343,6.268128660403607,10
2025,10,15,2,6,21.3,43.1,31.0,1018.9,2.3,0.0,0,4.0,0,0,2,0,4.361,14,5,0.0039931783203693,0.0076463460493877,10.492536197103247,6.2680635848795285,10
2025,10,15,3,3,21.3,43.1,31.0,1018.9,2.3,0.0,0,14.0,0,0,2,0,4.361,14,5,0.0132689987937272,0.0142898926168887,10.444845747840425,6.268007828289474,10
2025,10,15,4,4,21.3,43.1,31.0,1018.9,2.3,0.0,0,16.0,0,0,2,0,4.361,14,5,0.0107178015334913,0.0191228290087604,10.44964565903038,6.2680024985725975,10
2025,10,15,6,0,21.3,43.1,31.0,1018.9,2.3,0.0,0,12.0,0,0,2,0,4.361,14,5,0.0246107344397763,0.017562918703603,10.457032352401782,6.268022039646251,10
2025,10,15,9,0,21.3,43.1,31.0,1018.9,2.3,0.0,0,20.0,0,0,2,0,4.361,14,5,0.010412767078463,0.0123260769648601,10.449231741833103,6.268002858405242,10
2025,10,15,10,7,21.3,43.1,31.0,1018.9,2.3,0.0,0,9.0,0,0,2,0,4.361,14,5,0.009372876890867,0.0118664605356619,10.532552192786772,6.268039571483383,11
2025,10,15,11,2,21.3,43.1,31.0,1018.9,2.3,0.0,0,5.0,0,0,2,0,4.361,14,5,0.0073485573256797,0.0034958704160223,10.449686454485766,6.268011062693859,10
2025,10,15,12,4,21.3,43.1,31.0,1018.9,2.3,0.0,0,13.0,0,0,2,0,4.361,14,5,0.0109673751785144,0.0177300519505842,10.490373556424272,6.268131339082351,10
2025,10,15,14,7,21.3,43.1,31.0,1018.9,2.3,0.0,0,19.0,0,0,2,0,4.361,14,5,0.0087073471708054,0.0138163484171087,10.532084553576892,6.268040311668968,11
2025,10,15,15,2,21.3,43.1,31.0,1018.9,2.3,0.0,0,8.0,0,0,2,0,4.361,14,5,0.0122848096953721,0.0010863661053773,10.449296790461448,6.268004333687745,10
2025,10,15,18,5,21.3,43.1,31.0,1018.9,2.3,0.0,0,7.0,0,0,2,0,4.361,14,5,0.0003882256700357,0.0,10.52702248161993,6.268053354889462,11
2025,10,15,19,3,21.3,43.1,31.0,1018.9,2.3,0.0,0,15.0,0,0,2,0,4.361,14,5,0.0145861930313491,0.0143177481580522,10.478335399187237,6.26804552349324,10
2025,10,15,21,5,21.3,43.1,31.0,1018.9,2.3,0.0,0,3.0,0,0,2,0,4.361,14,5,0.0060868238980629,0.0100279948188693,10.528372068612683,6.268045228534395,11
2025,10,15,23,6,21.3,43.1,31.0,1018.9,2.3,0.0,0,1.0,0,0,2,0,4.361,14,5,0.0,0.0021030933578461,10.494286854115765,6.2680704430668035,10
2025,10,15,24,9,21.3,43.1,31.0,1018.9,2.3,0.0,0,17.0,0,0,2,0,4.361,14,5,0.0070435228706514,0.0100279948188693,10.4486662494232,6.268004644343582,10
2025,10,15,26,1,21.3,43.1,31.0,1018.9,2.3,0.0,0,18.0,0,0,2,0,4.361,14,5,0.5148149688726202,0.013858131728854,10.5,6.268133844527009,10
2025,10,15,27,8,21.3,43.1,31.0,1018.9,2.3,0.0,0,11.0,0,0,2,0,4.361,14,5,0.0113140052410463,0.0247078650120473,10.450197964899504,6.268002430357708,10
2025,10,15,28,8,21.3,43.1,31.0,1018.9,2.3,0.0,0,2.0,0,0,2,0,4.361,14,5,0.0075288049581963,0.0038022813688212,10.466744679980815,6.268056363764681,10
2025,11,2,0,9,27.8,47.2,34.0,945.3,1.3,0.0,0,12.0,0,1,0,1,4.318,10,65,0.0183493341591824,0.0153908339033641,11.595621804988127,4.845004192199327,12
2025,11,2,1,1,27.8,47.2,34.0,945.3,1.3,0.0,0,11.0,0,1,0,1,4.318,10,65,0.0135800557448125,0.0142870468254461,11.65441502829546,4.415601246510331,12
2025,11,2,2,6,27.8,47.2,34.0,945.3,1.3,0.0,0,9.0,0,1,0,1,4.318,10,65,0.0148188293589347,0.01133325041975,9.353129790140871,4.424604477752321,9
2025,11,2,3,3,27.8,47.2,34.0,945.3,1.3,0.0,0,15.0,0,1,0,1,4.318,10,65,0.0194332610715391,0.0161992413407126,10.413600479499886,4.398917339240247,10
2025,11,2,4,4,27.8,47.2,34.0,945.3,1.3,0.0,0,8.0,0,1,0,1,4.318,10,65,0.0128677609166925,0.013338722716249,12.194620572443215,4.4014579987001765,12
2025,11,2,6,0,27.8,47.2,34.0,945.3,1.3,0.0,0,14.0,0,1,0,1,4.318,10,65,0.0247135336017343,0.018997574777688,14.853656743906477,4.3984526682339675,15
2025,11,2,9,0,27.8,47.2,34.0,945.3,1.3,0.0,0,10.0,0,1,0,1,4.318,10,65,0.0159956642923505,0.0161992413407126,12.019213293778382,4.399304067206172,12
2025,11,2,10,7,27.8,47.2,34.0,945.3,1.3,0.0,0,13.0,0,1,0,1,4.318,10,65,0.0149736760606998,0.0264131583856725,11.076187229994124,4.399264515593245,11
2025,11,2,11,2,27.8,47.2,34.0,945.3,1.3,0.0,0,4.0,0,1,0,1,4.318,10,65,0.0144162279343449,0.0072445743423917,7.489917394348027,4.65838953828293,7
2025,11,2,12,4,27.8,47.2,34.0,945.3,1.3,0.0,0,20.0,0,1,0,1,4.318,10,65,0.0207184886961908,0.0149088987003296,10.5,5.248236391612218,10
2025,11,2,14,7,27.8,47.2,34.0,945.3,1.3,0.0,0,6.0,0,1,0,1,4.318,10,65,0.0149117373799939,0.013338722716249,12.821865900498832,4.462031489891249,13
2025,11,2,15,2,27.8,47.2,34.0,945.3,1.3,0.0,0,2.0,0,1,0,1,4.318,10,65,0.0094456488076803,0.0038865742180212,5.869951309694084,4.424755278749778,6
2025,11,2,18,5,27.8,47.2,34.0,945.3,1.3,0.0,0,1.0,0,1,0,1,4.318,10,65,0.0,0.0,5.459633190636555,4.397653942424126,5
2025,11,2,19,3,27.8,47.2,34.0,945.3,1.3,0.0,0,17.0,0,1,0,1,4.318,10,65,0.0173118612573551,0.0185778247621417,10.528947220046295,5.2370203648746125,11
2025,11,2,21,5,27.8,47.2,34.0,945.3,1.3,0.0,0,3.0,0,1,0,1,4.318,10,65,0.0024310932177144,0.0018344630309059,7.700792667402463,4.41447352243113,8
2025,11,2,23,6,27.8,47.2,34.0,945.3,1.3,0.0,0,5.0,0,1,0,1,4.318,10,65,0.0100495509445648,0.010789130029227,9.08928740064676,4.420134845275663,9
2025,11,2,24,9,27.8,47.2,34.0,945.3,1.3,0.0,0,19.0,0,1,0,1,4.318,10,65,0.019108082997832,0.0155773894658291,13.33650059885988,4.400658709100927,13
2025,11,2,26,1,27.8,47.2,34.0,945.3,1.3,0.0,0,16.0,0,1,0,1,4.318,10,65,0.0068442242180242,0.0114731670915987,11.300371599076131,4.409525575395381,11
2025,11,2,27,8,27.8,47.2,34.0,945.3,1.3,0.0,0,18.0,0,1,0,1,4.318,10,65,0.011025085165686,0.0126702319507492,11.836157747060108,4.401508856546918,12
2025,11,2,28,8,27.8,47.2,34.0,945.3,1.3,0.0,0,7.0,0,1,0,1,4.318,10,65,0.0049241251161349,0.0032647223431379,6.784276592870615,4.396537246830263,7
2025,12,6,0,9,19.9,27.4,76.0,994.9,4.0,0.0,0,14.0,0,1,0,0,5.891,18,25,0.0119325067586464,0.0072633277971413,10.874975242996555,1.2351915903226998,11
2025,12,6,1,1,19.9,27.4,76.0,994.9,4.0,0.0,0,9.0,0,1,0,0,5.891,18,25,0.01235200894938,0.0163278673185337,8.966670317634907,1.6150903439612179,9
2025,12,6,2,6,19.9,27.4,76.0,994.9,4.0,0.0,0,7.0,0,1,0,0,5.891,18,25,0.0066071595040551,0.010807270345505,1.5587313244177672,1.6550154546937863,2
2025,12,6,3,3,19.9,27.4,76.0,994.9,4.0,0.0,0,8.0,0,1,0,0,5.891,18,25,0.0164305024704017,0.0071814545369481,17.02646869244601,1.1627715168432762,17
2025,12,6,4,4,19.9,27.4,76.0,994.9,4.0,0.0,0,17.0,0,1,0,0,5.891,18,25,0.0126782884310617,0.0117312685676857,14.356414724029296,1.272675088409744,14
2025,12,6,6,0,19.9,27.4,76.0,994.9,4.0,0.0,0,20.0,0,1,0,0,5.891,18,25,0.0171646313041856,0.0245502818779385,19.309639220095722,1.8963463108342296,19
2025,12,6,9,0,19.9,27.4,76.0,994.9,4.0,0.0,0,10.0,0,1,0,0,5.891,18,25,0.0158245548615643,0.027836908465695,19.921122757237498,1.7388201389184412,20
2025,12,6,10,7,19.9,27.4,76.0,994.9,4.0,0.0,0,13.0,0,1,0,0,5.891,18,25,0.0082502097510953,0.0073802895974174,8.245299325005988,1.7888301131644249,8
2025,12,6,11,2,19.9,27.4,76.0,994.9,4.0,0.0,0,5.0,0,1,0,0,5.891,18,25,0.0035075044280787,0.0097546141430207,6.069837560542494,1.293839844980018,6
2025,12,6,12,4,19.9,27.4,76.0,994.9,4.0,0.0,0,19.0,0,1,0,0,5.891,18,25,0.0157196793138809,0.0117078762076304,16.740774337775328,1.2877144775822102,17
2025,12,6,14,7,19.9,27.4,76.0,994.9,4.0,0.0,0,16.0,0,1,0,0,5.891,18,25,0.0094154936142443,0.008865704460923,9.141010645387645,1.6271864027916108,9
2025,12,6,15,2,19.9,27.4,76.0,994.9,4.0,0.0,0,6.0,0,1,0,0,5.891,18,25,0.0025869301761908,0.0,10.001669894045648,2.945650709373278,10
2025,12,6,18,5,19.9,27.4,76.0,994.9,4.0,0.0,0,3.0,0,1,0,0,5.891,18,25,0.0,0.001263187442981,2.6860175872571554,1.6228421020912116,3
2025,12,6,19,3,19.9,27.4,76.0,994.9,4.0,0.0,0,15.0,0,1,0,0,5.891,18,25,0.0131094434604269,0.0102809422442629,13.087259531556057,1.2734843987829405,13
2025,12,6,21,5,19.9,27.4,76.0,994.9,4.0,0.0,0,2.0,0,1,0,0,5.891,18,25,0.0054768341568005,0.0007953402418769,4.242691853560748,1.2980018122173387,4
2025,12,6,23,6,19.9,27.4,76.0,994.9,4.0,0.0,0,4.0,0,1,0,0,5.891,18,25,0.0082385569124638,0.007333504877307,1.5984196106544495,1.3414147416598794,2
2025,12,6,24,9,19.9,27.4,76.0,994.9,4.0,0.0,0,11.0,0,1,0,0,5.891,18,25,0.0156497622820919,0.0097546141430207,14.5681230179023,1.4751082639197655,15
2025,12,6,26,1,19.9,27.4,76.0,994.9,4.0,0.0,0,18.0,0,1,0,0,5.891,18,25,0.0071548429197352,0.0245853704180213,9.106920113736768,1.3379786820287933,9
2025,12,6,27,8,19.9,27.4,76.0,994.9,4.0,0.0,0,12.0,0,1,0,0,5.891,18,25,0.0135639041670551,0.0070878850967273,13.628808811360885,1.2834635589339694,14
2025,12,6,28,8,19.9,27.4,76.0,994.9,4.0,0.0,0,1.0,0,1,0,0,5.891,18,25,0.0058031136384822,0.0010175676624013,3.392586863864386,1.313488805403581,3
2025,13,5,0,9,22.6,37.3,55.0,967.8,1.3,0.0,0,5.0,1,1,0,1,7.004,19,100,0.0122848096953721,0.0268828972241567,9.574025291079646,4.834973494446285,10
2025,13,5,1,1,22.6,37.3,55.0,967.8,1.3,0.0,0,19.0,1,1,0,1,7.004,19,100,0.0122848096953721,0.0190727290816834,9.911580980613943,5.240934397236121,10
2025,13,5,2,6,22.6,37.3,55.0,967.8,1.3,0.0,0,18.0,1,1,0,1,7.004,19,100,0.0122848096953721,0.0485921798825987,10.241857394286841,4.863021541557022,10
2025,13,5,3,3,22.6,37.3,55.0,967.8,1.3,0.0,0,12.0,1,1,0,1,7.004,19,100,0.0122848096953721,0.0134016515769574,10.401378661373572,4.9669943385641835,10
2025,13,5,4,4,22.6,37.3,55.0,967.8,1.3,0.0,0,10.0,1,1,0,1,7.004,19,100,0.0122848096953721,0.0138394189632871,9.500154173295227,4.836168727839073,10
2025,13,5,6,0,22.6,37.3,55.0,967.8,1.3,0.0,0,17.0,1,1,0,1,7.004,19,100,0.0122848096953721,0.0306138692667396,10.993630498470516,5.051293883667667,11
2025,13,5,9,0,22.6,37.3,55.0,967.8,1.3,0.0,0,13.0,1,1,0,1,7.004,19,100,0.0122848096953721,0.0143169833847377,11.021054825802109,5.008144005895622,11
2025,13,5,10,7,22.6,37.3,55.0,967.8,1.3,0.0,0,8.0,1,1,0,1,7.004,19,100,0.0122848096953721,0.0145358670779026,9.213933048693985,4.818355458325837,9
2025,13,5,11,2,22.6,37.3,55.0,967.8,1.3,0.0,0,16.0,1,1,0,1,7.004,19,100,0.0122848096953721,0.02883295194508,10.05244515414334,4.827784595772722,10
2025,13,5,12,4,22.6,37.3,55.0,967.8,1.3,0.0,0,14.0,1,1,0,1,7.004,19,100,0.0122848096953721,0.0269326435180578,10.217721425675242,4.8413423974382175,10
2025,13,5,14,7,22.6,37.3,55.0,967.8,1.3,0.0,0,9.0,1,1,0,1,7.004,19,100,0.0122848096953721,0.0165058203163863,9.32291275162386,4.8188087876183054,9
2025,13,5,15,2,22.6,37.3,55.0,967.8,1.3,0.0,0,3.0,1,1,0,1,7.004,19,100,0.0122848096953721,0.0076410307432096,8.853751916182821,4.819559221576749,9
2025,13,5,18,5,22.6,37.3,55.0,967.8,1.3,0.0,0,1.0,1,1,0,1,7.004,19,100,0.0122848096953721,0.0061486419261764,10.177451167860067,4.846300377302331,10
2025,13,5,19,3,22.6,37.3,55.0,967.8,1.3,0.0,0,11.0,1,1,0,1,7.004,19,100,0.0122848096953721,0.0104964680131329,10.551387424329452,5.473172330208568,11
2025,13,5,21,5,22.6,37.3,55.0,967.8,1.3,0.0,0,2.0,1,1,0,1,7.004,19,100,0.0122848096953721,0.0,9.929033271431209,4.851481908785205,10
2025,13,5,23,6,22.6,37.3,55.0,967.8,1.3,0.0,0,6.0,1,1,0,1,7.004,19,100,0.0122848096953721,0.0181076509800019,9.33657223353751,4.838130049408938,9
2025,13,5,24,9,22.6,37.3,55.0,967.8,1.3,0.0,0,15.0,1,1,0,1,7.004,19,100,0.0122848096953721,0.0124465227340562,5.776722812045093,4.893616896175767,6
2025,13,5,26,1,22.6,37.3,55.0,967.8,1.3,0.0,0,20.0,1,1,0,1,7.004,19,100,0.0122848096953721,0.0221470500447716,11.508661164774002,4.941859068162985,12
2025,13,5,27,8,22.6,37.3,55.0,967.8,1.3,0.0,0,7.0,1,1,0,1,7.004,19,100,0.0122848096953721,0.0166550591980896,11.465669428318856,5.190548865374533,11
2025,13,5,28,8,22.6,37.3,55.0,967.8,1.3,0.0,0,4.0,1,1,0,1,7.004,19,100,0.0122848096953721,0.0047457964381652,7.212992134966871,4.845661501792302,7
2025,14,17,0,9,28.3,41.0,36.0,983.4,1.9,0.0,0,20.0,0,1,1,2,4.381,14,35,0.0184729715434254,0.021544129424956,10.500001248733875,6.390925501926731,11
2025,14,17,1,1,28.3,41.0,36.0,983.4,1.9,0.0,0,5.0,0,1,1,2,4.381,14,35,0.0080529990479214,0.0117197928346414,10.500000237386816,6.390925501926726,11
2025,14,17,2,6,28.3,41.0,36.0,983.4,1.9,0.0,0,15.0,0,1,1,2,4.381,14,35,0.0118480905532635,0.0110657269475146,10.500001000559372,6.390925501926742,11
2025,14,17,3,3,28.3,41.0,36.0,983.4,1.9,0.0,0,11.0,0,1,1,2,4.381,14,35,0.0124695863746958,0.0161647712104223,10.500001414140058,6.390925501926727,11
2025,14,17,4,4,28.3,41.0,36.0,983.4,1.9,0.0,0,7.0,0,1,1,2,4.381,14,35,0.0174812228922035,0.01417587698222,10.50000134733673,6.390925501926743,11
2025,14,17,6,0,28.3,41.0,36.0,983.4,1.9,0.0,0,14.0,0,1,1,2,4.381,14,35,0.0202977890616736,0.0177665652197127,10.499999934588013,6.3909255019267786,10
2025,14,17,9,0,28.3,41.0,36.0,983.4,1.9,0.0,0,17.0,0,1,1,2,4.381,14,35,0.0187638844811172,0.022078060761386,10.499999986481908,6.390925501926778,10
2025,14,17,10,7,28.3,41.0,36.0,983.4,1.9,0.0,0,10.0,0,1,1,2,4.381,14,35,0.0106183222257485,0.0272304981579369,10.500000495502059,6.390925501926746,11
2025,14,17,11,2,28.3,41.0,36.0,983.4,1.9,0.0,0,12.0,0,1,1,2,4.381,14,35,0.0093224373214852,0.0102514816594586,10.499999100880666,6.390925501926753,10
2025,14,17,12,4,28.3,41.0,36.0,983.4,1.9,0.0,0,19.0,0,1,1,2,4.381,14,35,0.0139638210092035,0.0148032463025256,10.500001205532543,6.390925501926733,11
2025,14,17,14,7,28.3,41.0,36.0,983.4,1.9,0.0,0,9.0,0,1,1,2,4.381,14,35,0.0157092986353538,0.0194217523626461,10.500000198467776,6.390925501926764,11
2025,14,17,15,2,28.3,41.0,36.0,983.4,1.9,0.0,0,1.0,0,1,1,2,4.381,14,35,0.0052761028245001,0.0053259650808906,10.499999851322857,6.390925501926726,10
2025,14,17,18,5,28.3,41.0,36.0,983.4,1.9,0.0,0,3.0,0,1,1,2,4.381,14,35,0.0,0.000427145069144,10.49999903317818,6.390925501926726,10
2025,14,17,19,3,28.3,41.0,36.0,983.4,1.9,0.0,0,18.0,0,1,1,2,4.381,14,35,0.0142811805775943,0.0215574777083668,10.500001592397718,6.39092550192673,11
2025,14,17,21,5,28.3,41.0,36.0,983.4,1.9,0.0,0,2.0,0,1,1,2,4.381,14,35,0.0038479847667408,0.0,10.499999802194141,6.3909255019267786,10
2025,14,17,23,6,28.3,41.0,36.0,983.4,1.9,0.0,0,4.0,0,1,1,2,4.381,14,35,0.0104860890722522,0.0123338138715362,10.50000064658533,6.39092550192675,11
2025,14,17,24,9,28.3,41.0,36.0,983.4,1.9,0.0,0,13.0,0,1,1,2,4.381,14,35,0.0165291441870305,0.0203694804848096,10.500001279383214,6.390925501926727,11
2025,14,17,26,1,28.3,41.0,36.0,983.4,1.9,0.0,0,6.0,0,1,1,2,4.381,14,35,0.0065455410980641,0.0121736344706071,10.50000009476045,6.390925501926726,11
2025,14,17,27,8,28.3,41.0,36.0,983.4,1.9,0.0,0,16.0,0,1,1,2,4.381,14,35,0.0113852745160267,0.0261893320518981,10.499999228532912,6.390925501926728,10
2025,14,17,28,8,28.3,41.0,36.0,983.4,1.9,0.0,0,8.0,0,1,1,2,4.381,14,35,0.0154316090130117,0.0166319611297988,10.499999683340285,6.390925501926726,10
2025,15,8,0,9,20.6,34.2,64.0,1006.1,4.0,0.0,0,15.0,0,1,2,2,4.259,14,30,0.0266990985834883,0.01633996404338,14.326680566938139,1.9729021715025326,14
2025,15,8,1,1,20.6,34.2,64.0,1006.1,4.0,0.0,0,10.0,0,1,2,2,4.259,14,30,0.0012448132780083,0.0182682827814186,4.634587254082161,1.6181742708536508,5
2025,15,8,2,6,20.6,34.2,64.0,1006.1,4.0,0.0,0,11.0,0,1,2,2,4.259,14,30,0.0185291171841465,0.0250101490459898,10.41734261012134,1.6840745513481135,10
2025,15,8,3,3,20.6,34.2,64.0,1006.1,4.0,0.0,0,19.0,0,1,2,2,4.259,14,30,0.0174989268851051,0.0235312880589225,16.835456302915034,1.6316165676938315,17
2025,15,8,4,4,20.6,34.2,64.0,1006.1,4.0,0.0,0,13.0,0,1,2,2,4.259,14,30,0.0204607239948489,0.0201386069709448,17.223691575294453,1.5389375461420602,17
2025,15,8,6,0,20.6,34.2,64.0,1006.1,4.0,0.0,0,16.0,0,1,2,2,4.259,14,30,0.0152668479038488,0.030186162500725,9.913229438853408,1.781487058675363,10
2025,15,8,9,0,20.6,34.2,64.0,1006.1,4.0,0.0,0,14.0,0,1,2,2,4.259,14,30,0.0319358992702818,0.0288667865220669,8.358241451446283,3.6511213314768667,8
2025,15,8,10,7,20.6,34.2,64.0,1006.1,4.0,0.0,0,4.0,0,1,2,2,4.259,14,30,0.0122848096953721,0.0173113727309633,12.26405079710301,1.6261956315532193,12
2025,15,8,11,2,20.6,34.2,64.0,1006.1,4.0,0.0,0,7.0,0,1,2,2,4.259,14,30,0.0121333524109314,0.0203125906164822,10.186440677966102,5.837539196059334,10
2025,15,8,12,4,20.6,34.2,64.0,1006.1,4.0,0.0,0,17.0,0,1,2,2,4.259,14,30,0.0170267563313778,0.023589282607435,16.094999359662886,3.4793461575494007,16
2025,15,8,14,7,20.6,34.2,64.0,1006.1,4.0,0.0,0,8.0,0,1,2,2,4.259,14,30,0.0207325797682071,0.01925419010613,18.499078338132406,2.6003217869155844,18
2025,15,8,15,2,20.6,34.2,64.0,1006.1,4.0,0.0,0,6.0,0,1,2,2,4.259,14,30,0.0135069394763199,0.0140056834657543,6.482703637114193,1.6016674593587417,6
2025,15,8,18,5,20.6,34.2,64.0,1006.1,4.0,0.0,0,2.0,0,1,2,2,4.259,14,30,0.0,0.0,2.7176993568427594,1.4636562245496276,3
2025,15,8,19,3,20.6,34.2,64.0,1006.1,4.0,0.0,0,18.0,0,1,2,2,4.259,14,30,0.0210473601373587,0.0265180073073132,10.186440677966102,5.837539196059334,10
2025,15,8,21,5,20.6,34.2,64.0,1006.1,4.0,0.0,0,1.0,0,1,2,2,4.259,14,30,0.0012734296752038,0.0035086701850026,2.8864589409275636,1.4416416608613538,3
2025,15,8,23,6,20.6,34.2,64.0,1006.1,4.0,0.0,0,5.0,0,1,2,2,4.259,14,30,0.0054943482615538,0.0128457924955055,4.1420322646249605,1.5301616447120414,4
2025,15,8,24,9,20.6,34.2,64.0,1006.1,4.0,0.0,0,9.0,0,1,2,2,4.259,14,30,0.0256402918872514,0.0136432175375515,13.978451033627618,1.9255597284119546,14
2025,15,8,26,1,20.6,34.2,64.0,1006.1,4.0,0.0,0,20.0,0,1,2,2,4.259,14,30,0.0298325940764056,0.0163979585918923,7.861872944104381,3.564387165742753,8
2025,15,8,27,8,20.6,34.2,64.0,1006.1,4.0,0.0,0,12.0,0,1,2,2,4.259,14,30,0.0129489197310058,0.0199646233254075,1.8029748560957835,2.17626141337203,2
2025,15,8,28,8,20.6,34.2,64.0,1006.1,4.0,0.0,0,3.0,0,1,2,2,4.259,14,30,0.0084132207755042,0.0138172011830888,1.5372033294270349,1.7394343751678403,2
2025,16,12,0,9,26.6,42.45,36.0,998.6,1.5,0.0,0,14.0,0,1,0,1,5.793,11,7,0.0037682465760284,0.0049035055652896,3.0188377607445203,2.520955824907035,3
2025,16,12,1,1,26.6,42.45,36.0,998.6,1.5,0.0,0,9.0,0,1,0,1,5.793,11,7,0.0096021432684843,0.0066808687650477,8.693342112367414,2.9800974353277803,9
2025,16,12,2,6,26.6,42.45,36.0,998.6,1.5,0.0,0,7.0,0,1,0,1,5.793,11,7,0.0186409274143068,0.0046009756589478,6.230879990992342,2.9372918437253372,6
2025,16,12,3,3,26.6,42.45,36.0,998.6,1.5,0.0,0,11.0,0,1,0,1,5.793,11,7,0.0091264177871253,0.0110675524070035,11.04250522271025,2.9313888097324075,11
2025,16,12,4,4,26.6,42.45,36.0,998.6,1.5,0.0,0,8.0,0,1,0,1,5.793,11,7,0.0074738976939832,0.0028614286974827,3.5216432294666165,2.583552670994306,4
2025,16,12,6,0,26.6,42.45,36.0,998.6,1.5,0.0,0,18.0,0,1,0,1,5.793,11,7,0.021107188462405,0.0088616051732614,11.933503285248939,4.1451148903547255,12
2025,16,12,9,0,26.6,42.45,36.0,998.6,1.5,0.0,0,19.0,0,1,0,1,5.793,11,7,0.015323368136408,0.0115465580920446,9.462266507978109,2.7453284146744936,9
2025,16,12,10,7,26.6,42.45,36.0,998.6,1.5,0.0,0,16.0,0,1,0,1,5.793,11,7,0.0063221412654297,0.0034286722718734,2.851760280148027,3.045416967320933,3
2025,16,12,11,2,26.6,42.45,36.0,998.6,1.5,0.0,0,5.0,0,1,0,1,5.793,11,7,0.0024036655900247,0.0033656452080522,4.454935456423133,3.2495882207647324,4
2025,16,12,12,4,26.6,42.45,36.0,998.6,1.5,0.0,0,12.0,0,1,0,1,5.793,11,7,0.0045444302561406,0.0051177975822817,3.1755914788648187,2.525597512882797,3
2025,16,12,14,7,26.6,42.45,36.0,998.6,1.5,0.0,0,20.0,0,1,0,1,5.793,11,7,0.0116803124765267,0.010096935624157,4.773393676304894,2.8433812545587043,5
2025,16,12,15,2,26.6,42.45,36.0,998.6,1.5,0.0,0,4.0,0,1,0,1,5.793,11,7,0.0010390846040211,0.000264713668049,2.5654323721761525,2.5410892390711024,3
2025,16,12,18,5,26.6,42.45,36.0,998.6,1.5,0.0,0,2.0,0,1,0,1,5.793,11,7,0.0,0.0,2.4677339423152542,2.7733500221478344,2
2025,16,12,19,3,26.6,42.45,36.0,998.6,1.5,0.0,0,15.0,0,1,0,1,5.793,11,7,0.0097148150930168,0.0122650666196064,11.542731202074243,2.8732960525394007,12
2025,16,12,21,5,26.6,42.45,36.0,998.6,1.5,0.0,0,3.0,0,1,0,1,5.793,11,7,0.0022659555822629,0.0020798931060996,2.693579968933455,2.718092462813258,3
2025,16,12,23,6,26.6,42.45,36.0,998.6,1.5,0.0,0,6.0,0,1,0,1,5.793,11,7,0.0049825984626555,0.0023193959486203,2.6004117780764693,2.5895544244148536,3
2025,16,12,24,9,26.6,42.45,36.0,998.6,1.5,0.0,0,13.0,0,1,0,1,5.793,11,7,0.0012018327950124,0.0072607177522027,3.1415349045960257,2.524915834120209,3
2025,16,12,26,1,26.6,42.45,36.0,998.6,1.5,0.0,0,17.0,0,1,0,1,5.793,11,7,0.0081374095495631,0.0115465580920446,5.8679991557345,2.5633192675783913,6
2025,16,12,27,8,26.6,42.45,36.0,998.6,1.5,0.0,0,10.0,0,1,0,1,5.793,11,7,0.0048949648213526,0.0091767404923673,13.570660382173664,4.153631382413218,14
2025,16,12,28,8,26.6,42.45,36.0,998.6,1.5,0.0,0,1.0,0,1,0,1,5.793,11,7,0.0024912992313277,0.0021051039316282,2.646821723727191,2.5223056224504568,3
2025,17,3,0,9,20.8,26.7,60.0,1013.6,2.1,0.0,0,19.0,0,2,0,1,6.003,20,15,0.0087271578490122,0.0075081750195114,10.25,4.794742571852086,10
2025,17,3,1,1,20.8,26.7,60.0,1013.6,2.1,0.0,0,11.0,0,2,0,1,6.003,20,15,0.0165263147502788,0.0135147150351204,10.25,4.794742571852086,10
2025,17,3,2,6,20.8,26.7,60.0,1013.6,2.1,0.0,0,4.0,0,2,0,1,6.003,20,15,0.004797962346855,0.0064511030101854,10.25,4.794742571852086,10
2025,17,3,3,3,20.8,26.7,60.0,1013.6,2.1,0.0,0,15.0,0,2,0,1,6.003,20,15,0.0059036656037435,0.0075279333748258,10.25,4.794742571852086,10
2025,17,3,4,4,20.8,26.7,60.0,1013.6,2.1,0.0,0,13.0,0,2,0,1,6.003,20,15,0.0125181404440583,0.0181480493563716,10.25,4.794742571852086,10
2025,17,3,6,0,20.8,26.7,60.0,1013.6,2.1,0.0,0,16.0,0,2,0,1,6.003,20,15,0.0200309991805948,0.0154707922112563,10.25,4.794742571852086,10
2025,17,3,9,0,20.8,26.7,60.0,1013.6,2.1,0.0,0,18.0,0,2,0,1,6.003,20,15,0.0136337160514546,0.0207363939025715,10.25,4.794742571852086,10
2025,17,3,10,7,20.8,26.7,60.0,1013.6,2.1,0.0,0,8.0,0,2,0,1,6.003,20,15,0.0113532030841222,0.0103138614741708,10.25,4.794742571852086,10
2025,17,3,11,2,20.8,26.7,60.0,1013.6,2.1,0.0,0,12.0,0,2,0,1,6.003,20,15,0.0,0.0027266530334014,10.25,4.794742571852086,10
2025,17,3,12,4,20.8,26.7,60.0,1013.6,2.1,0.0,0,17.0,0,2,0,1,6.003,20,15,0.0150750792256126,0.0119044090769884,10.25,4.794742571852086,10
2025,17,3,14,7,20.8,26.7,60.0,1013.6,2.1,0.0,0,3.0,0,2,0,1,6.003,20,15,0.0068711559535209,0.0091184809776434,10.25,4.794742571852086,10
2025,17,3,15,2,20.8,26.7,60.0,1013.6,2.1,0.0,0,10.0,0,2,0,1,6.003,20,15,0.0007305539375869,0.0097408691700503,10.25,4.794742571852086,10
2025,17,3,18,5,20.8,26.7,60.0,1013.6,2.1,0.0,0,7.0,0,2,0,1,6.003,20,15,0.0089443495601867,0.0,10.25,4.794742571852086,10
2025,17,3,19,3,20.8,26.7,60.0,1013.6,2.1,0.0,0,20.0,0,2,0,1,6.003,20,15,0.0086284343439328,0.0162512472461791,10.25,4.794742571852086,10
2025,17,3,21,5,20.8,26.7,60.0,1013.6,2.1,0.0,0,9.0,0,2,0,1,6.003,20,15,0.0098920952089482,0.002509311124942,10.25,4.794742571852086,10
2025,17,3,23,6,20.8,26.7,60.0,1013.6,2.1,0.0,0,5.0,0,2,0,1,6.003,20,15,0.0047091111922836,0.0073204706440235,10.25,4.794742571852086,10
2025,17,3,24,9,20.8,26.7,60.0,1013.6,2.1,0.0,0,2.0,0,2,0,1,6.003,20,15,0.0094972011886308,0.012477401381109,10.25,4.794742571852086,10
2025,17,3,26,1,20.8,26.7,60.0,1013.6,2.1,0.0,0,14.0,0,2,0,1,6.003,20,15,0.014591334050724,0.0210130108769745,10.25,4.794742571852086,10
2025,17,3,27,8,20.8,26.7,60.0,1013.6,2.1,0.0,0,6.0,0,2,0,1,6.003,20,15,0.0113630754346301,0.0159746302717762,10.25,4.794742571852086,10
2025,17,3,28,8,20.8,26.7,60.0,1013.6,2.1,0.0,0,1.0,0,2,0,1,6.003,20,15,0.0060122614593307,0.0021931774399098,10.25,4.794742571852086,10
2025,18,23,0,9,29.8,34.849999999999994,69.0,1011.4,1.65,0.0,0,19.0,0,2,1,2,4.94,19,5,0.0148378420089512,0.0057682921418113,7.891330348597487,2.4771238881602957,8
2025,18,23,1,1,29.8,34.849999999999994,69.0,1011.4,1.65,0.0,0,10.0,0,2,1,2,4.94,19,5,0.0017968560530898,0.0085969738651995,5.9144042879088214,3.202495529029757,6
2025,18,23,2,6,29.8,34.849999999999994,69.0,1011.4,1.65,0.0,0,4.0,0,2,1,2,4.94,19,5,0.0221024318186828,0.0009872653858099,8.456136322110368,3.9112324857761958,8
2025,18,23,3,3,29.8,34.849999999999994,69.0,1011.4,1.65,0.0,0,9.0,0,2,1,2,4.94,19,5,0.0109905857971206,0.0072214580467676,10.510987428821593,3.31079089951762,11
2025,18,23,4,4,29.8,34.849999999999994,69.0,1011.4,1.65,0.0,0,14.0,0,2,1,2,4.94,19,5,0.0176929691117137,0.0060899853574123,9.04048206065502,2.7975756198065156,9
2025,18,23,6,0,29.8,34.849999999999994,69.0,1011.4,1.65,0.0,0,16.0,0,2,1,2,4.94,19,5,0.0267323676610004,0.0099724896836313,14.465738242291158,4.131377000859905,14
2025,18,23,9,0,29.8,34.849999999999994,69.0,1011.4,1.65,0.0,0,18.0,0,2,1,2,4.94,19,5,0.0192252574023855,0.0165838399077073,17.413168388924028,2.442415949938239,17
2025,18,23,10,7,29.8,34.849999999999994,69.0,1011.4,1.65,0.0,0,8.0,0,2,1,2,4.94,19,5,0.0014551226932998,0.0037826685006878,5.7816994557542065,3.666289931298449,6
2025,18,23,11,2,29.8,34.849999999999994,69.0,1011.4,1.65,0.0,0,6.0,0,2,1,2,4.94,19,5,0.0085653813082875,0.0045591693659315,4.004003994584382,3.299557266995404,4
2025,18,23,12,4,29.8,34.849999999999994,69.0,1011.4,1.65,0.0,0,11.0,0,2,1,2,4.94,19,5,0.014937054919858,0.0054244131872033,8.302104398396951,5.324894260107953,8
2025,18,23,14,7,29.8,34.849999999999994,69.0,1011.4,1.65,0.0,0,12.0,0,2,1,2,4.94,19,5,0.0212866812178935,0.0386031858721214,10.395889682996529,5.851029148740357,10
2025,18,23,15,2,29.8,34.849999999999994,69.0,1011.4,1.65,0.0,0,7.0,0,2,1,2,4.94,19,5,0.0082897898891019,0.005579713360252,6.405178691719182,2.069259151137341,6
2025,18,23,18,5,29.8,34.849999999999994,69.0,1011.4,1.65,0.0,0,5.0,0,2,1,2,4.94,19,5,0.0053244262186653,0.0009872653858099,2.2428397094560744,2.849457353023397,2
2025,18,23,19,3,29.8,34.849999999999994,69.0,1011.4,1.65,0.0,0,17.0,0,2,1,2,4.94,19,5,0.006437815552175,0.0070550650042154,11.38270399811021,5.705287715463849,11
2025,18,23,21,5,29.8,34.849999999999994,69.0,1011.4,1.65,0.0,0,3.0,0,2,1,2,4.94,19,5,0.0,0.0001885787815593,4.131772991635755,2.966042969281479,4
2025,18,23,23,6,29.8,34.849999999999994,69.0,1011.4,1.65,0.0,0,1.0,0,2,1,2,4.94,19,5,0.0277465440836033,0.0005435506056707,9.997410419977705,4.604246467772682,10
2025,18,23,24,9,29.8,34.849999999999994,69.0,1011.4,1.65,0.0,0,20.0,0,2,1,2,4.94,19,5,0.0064488392089424,0.0027066601588498,4.790916848096667,2.225603925363725,5
2025,18,23,26,1,29.8,34.849999999999994,69.0,1011.4,1.65,0.0,0,15.0,0,2,1,2,4.94,19,5,0.0056000176378507,0.0123352708878733,11.515216626802118,2.384068419174865,12
2025,18,23,27,8,29.8,34.849999999999994,69.0,1011.4,1.65,0.0,0,13.0,0,2,1,2,4.94,19,5,0.0109575148268183,0.0143319873985002,12.742740110350317,2.016197338567248,13
2025,18,23,28,8,29.8,34.849999999999994,69.0,1011.4,1.65,0.0,0,2.0,0,2,1,2,4.94,19,5,0.0015763829177414,0.0,6.5374019357552235,4.585678326000545,7
2025,19,24,0,9,34.0,45.7,36.0,989.4,1.8,0.0,0,19.0,1,1,2,0,5.513,20,41,0.0122848096953721,0.0134689908416667,17.091756317142202,4.744312260233031,17
2025,19,24,1,1,34.0,45.7,36.0,989.4,1.8,0.0,0,10.0,1,1,2,0,5.513,20,41,0.0122848096953721,0.0134689908416667,13.492605477752585,4.58776542052766,13
2025,19,24,2,6,34.0,45.7,36.0,989.4,1.8,0.0,0,7.0,1,1,2,0,5.513,20,41,0.0122848096953721,0.0134689908416667,12.100401459576165,4.587912539359777,12
2025,19,24,3,3,34.0,45.7,36.0,989.4,1.8,0.0,0,8.0,1,1,2,0,5.513,20,41,0.0122848096953721,0.0134689908416667,13.400625063989885,4.5891190521591705,13
2025,19,24,4,4,34.0,45.7,36.0,989.4,1.8,0.0,0,16.0,1,1,2,0,5.513,20,41,0.0122848096953721,0.0134689908416667,12.139557840440023,4.504543327361071,12
2025,19,24,6,0,34.0,45.7,36.0,989.4,1.8,0.0,0,15.0,1,1,2,0,5.513,20,41,0.0122848096953721,0.0134689908416667,6.995738444949691,4.770078158265361,7
2025,19,24,9,0,34.0,45.7,36.0,989.4,1.8,0.0,0,14.0,1,1,2,0,5.513,20,41,0.0122848096953721,0.0134689908416667,6.899698686026531,4.6139425966469965,7
2025,19,24,11,2,34.0,45.7,36.0,989.4,1.8,0.0,0,5.0,1,1,2,0,5.513,20,41,0.0122848096953721,0.0134689908416667,14.33115164986124,5.059097237564939,14
2025,19,24,12,4,34.0,45.7,36.0,989.4,1.8,0.0,0,11.0,1,1,2,0,5.513,20,41,0.0122848096953721,0.0134689908416667,13.814915522593695,4.695327440624286,14
2025,19,24,14,7,34.0,45.7,36.0,989.4,1.8,0.0,0,12.0,1,1,2,0,5.513,20,41,0.0122848096953721,0.0134689908416667,12.184498127509094,4.537691801697348,12
2025,19,24,15,2,34.0,45.7,36.0,989.4,1.8,0.0,0,3.0,1,1,2,0,5.513,20,41,0.0122848096953721,0.0134689908416667,12.139556791494087,4.5045433989801404,12
2025,19,24,18,5,34.0,45.7,36.0,989.4,1.8,0.0,0,2.0,1,1,2,0,5.513,20,41,0.0122848096953721,0.0134689908416667,10.88571835618661,4.600729881585652,11
2025,19,24,19,3,34.0,45.7,36.0,989.4,1.8,0.0,0,17.0,1,1,2,0,5.513,20,41,0.0122848096953721,0.0134689908416667,12.705098097930467,5.828935938951724,13
2025,19,24,21,5,34.0,45.7,36.0,989.4,1.8,0.0,0,6.0,1,1,2,0,5.513,20,41,0.0122848096953721,0.0134689908416667,8.05376494946804,4.870545963237018,8
2025,19,24,23,6,34.0,45.7,36.0,989.4,1.8,0.0,0,4.0,1,1,2,0,5.513,20,41,0.0122848096953721,0.0134689908416667,12.100395346471515,4.58791116184869,12
2025,19,24,24,9,34.0,45.7,36.0,989.4,1.8,0.0,0,9.0,1,1,2,0,5.513,20,41,0.0122848096953721,0.0134689908416667,16.803833761437,4.83275288035013,17
2025,19,24,26,1,34.0,45.7,36.0,989.4,1.8,0.0,0,18.0,1,1,2,0,5.513,20,41,0.0122848096953721,0.0134689908416667,15.73343815732352,4.582037417662448,16
2025,19,24,27,8,34.0,45.7,36.0,989.4,1.8,0.0,0,13.0,1,1,2,0,5.513,20,41,0.0122848096953721,0.0134689908416667,12.188000873920362,4.566127170377636,12
2025,19,24,28,8,34.0,45.7,36.0,989.4,1.8,0.0,0,1.0,1,1,2,0,5.513,20,41,0.0122848096953721,0.0134689908416667,12.188005103365835,4.566127328241482,12
2025,20,10,0,9,26.2,45.9,27.0,780.5,2.0,0.0,0,17.0,0,1,2,0,4.304,17,8,0.0189037626628076,0.0177599728576462,21.6378883087648,1.9886975653542251,22
2025,20,10,1,1,26.2,45.9,27.0,780.5,2.0,0.0,0,14.0,0,1,2,0,4.304,17,8,0.00705499276411,0.0258113345425601,14.155309056716451,1.8240065057358112,14
2025,20,10,2,6,26.2,45.9,27.0,780.5,2.0,0.0,0,6.0,0,1,2,0,4.304,17,8,0.0022482943973538,0.0080905093106103,6.144161928876263,1.493565502575068,6
2025,20,10,3,3,26.2,45.9,27.0,780.5,2.0,0.0,0,10.0,0,1,2,0,4.304,17,8,0.0135672937771345,0.0184385317030523,14.542232140805726,1.654154484903584,15
2025,20,10,4,4,26.2,45.9,27.0,780.5,2.0,0.0,0,16.0,0,1,2,0,4.304,17,8,0.0120296671490593,0.0116529432489919,9.320305094016433,1.3928281672895828,9
2025,20,10,6,0,26.2,45.9,27.0,780.5,2.0,0.0,0,20.0,0,1,2,0,4.304,17,8,0.0171723175522018,0.025419858285595,11.289194211504682,6.439258380809529,11
2025,20,10,9,0,26.2,45.9,27.0,780.5,2.0,0.0,0,18.0,0,1,2,0,4.304,17,8,0.0232840603679967,0.0232145420380255,11.70340119863587,1.7624422791250671,12
2025,20,10,10,7,26.2,45.9,27.0,780.5,2.0,0.0,0,9.0,0,1,2,0,4.304,17,8,0.011486975397974,0.0099565461354769,7.06940224907218,1.9197373755950156,7
2025,20,10,11,2,26.2,45.9,27.0,780.5,2.0,0.0,0,3.0,0,1,2,0,4.304,17,8,0.0038763696506098,0.0045019769550976,3.6868547955458526,2.6911329853402677,4
2025,20,10,12,4,26.2,45.9,27.0,780.5,2.0,0.0,0,13.0,0,1,2,0,4.304,17,8,0.0123526979532768,0.013453734031031,8.84097188784149,2.2457257684196117,9
2025,20,10,14,7,26.2,45.9,27.0,780.5,2.0,0.0,0,15.0,0,1,2,0,4.304,17,8,0.0106729377713459,0.0119922226716951,7.937719851396755,1.9397923515296893,8
2025,20,10,15,2,26.2,45.9,27.0,780.5,2.0,0.0,0,2.0,0,1,2,0,4.304,17,8,0.0019769485218111,0.0073858520480733,2.964500916349186,2.1862672975943975,3
2025,20,10,18,5,26.2,45.9,27.0,780.5,2.0,0.0,0,1.0,0,1,2,0,4.304,17,8,0.0032432292743436,0.0,17.7736657764762,2.8799884141642575,18
2025,20,10,19,3,26.2,45.9,27.0,780.5,2.0,0.0,0,12.0,0,1,2,0,4.304,17,8,0.0112931569154435,0.012279305260136,11.332899060017285,2.3886592042991226,11
2025,20,10,21,5,26.2,45.9,27.0,780.5,2.0,0.0,0,8.0,0,1,2,0,4.304,17,8,0.0108538350217077,0.0078164759307348,7.045005309934096,1.6969655437442048,7
2025,20,10,23,6,26.2,45.9,27.0,780.5,2.0,0.0,0,4.0,0,1,2,0,4.304,17,8,0.0056465784577216,0.0066811947855362,7.392582310055936,1.5413083781300632,7
2025,20,10,24,9,26.2,45.9,27.0,780.5,2.0,0.0,0,7.0,0,1,2,0,4.304,17,8,0.0070679139962786,0.0152414756045046,20.70216717849754,1.8810177519770035,21
2025,20,10,26,1,26.2,45.9,27.0,780.5,2.0,0.0,0,19.0,0,1,2,0,4.304,17,8,0.0072617324788091,0.012592486265708,15.446545935759742,1.8061387261208077,15
2025,20,10,27,8,26.2,45.9,27.0,780.5,2.0,0.0,0,11.0,0,1,2,0,4.304,17,8,0.0063443249948315,0.0102044810982215,14.426299331653276,2.717119828203134,14
2025,20,10,28,8,26.2,45.9,27.0,780.5,2.0,0.0,0,5.0,0,1,2,0,4.304,17,8,0.0,0.0079469680163899,6.3684752799397035,1.629532163348841,6
2025,21,16,0,9,26.0,39.6,56.0,918.4,1.4,0.0,0,12.0,1,1,2,0,4.309,15,43,0.0122848096953721,0.0082318790347039,8.652335716959275,4.136831106926331,9
2025,21,16,1,1,26.0,39.6,56.0,918.4,1.4,0.0,0,11.0,1,1,2,0,4.309,15,43,0.0122848096953721,0.0012564446947706,11.002847526069733,4.090219389203417,11
2025,21,16,2,6,26.0,39.6,56.0,918.4,1.4,0.0,0,2.0,1,1,2,0,4.309,15,43,0.0122848096953721,0.0014008636252041,4.853955155601313,1.383217435542928,5
2025,21,16,3,3,26.0,39.6,56.0,918.4,1.4,0.0,0,8.0,1,1,2,0,4.309,15,43,0.0122848096953721,0.0101526508094681,8.223709480467164,1.339704053878591,8
2025,21,16,6,0,26.0,39.6,56.0,918.4,1.4,0.0,0,18.0,1,1,2,0,4.309,15,43,0.0122848096953721,0.0173013878659215,13.765582300453396,1.1854309288055118,14
2025,21,16,9,0,26.0,39.6,56.0,918.4,1.4,0.0,0,9.0,1,1,2,0,4.309,15,43,0.0122848096953721,0.0087951128633942,8.502155497450168,1.1781421105801282,9
2025,21,16,10,7,26.0,39.6,56.0,918.4,1.4,0.0,0,5.0,1,1,2,0,4.309,15,43,0.0122848096953721,0.0052712909608192,15.457676838850567,1.2622867804303701,15
2025,21,16,11,2,26.0,39.6,56.0,918.4,1.4,0.0,0,13.0,1,1,2,0,4.309,15,43,0.0122848096953721,0.0082029952486173,7.137421741770002,1.358155607017891,7
2025,21,16,12,4,26.0,39.6,56.0,918.4,1.4,0.0,0,10.0,1,1,2,0,4.309,15,43,0.0122848096953721,0.0071054113773234,13.205836225119848,2.2311459920001355,13
2025,21,16,14,7,26.0,39.6,56.0,918.4,1.4,0.0,0,7.0,1,1,2,0,4.309,15,43,0.0122848096953721,0.020550813800673,19.749283147685542,2.8621804139744507,20
2025,21,16,15,2,26.0,39.6,56.0,918.4,1.4,0.0,0,3.0,1,1,2,0,4.309,15,43,0.0122848096953721,0.0069609924468899,2.5301680338914228,1.1331212642530473,3
2025,21,16,18,5,26.0,39.6,56.0,918.4,1.4,0.0,0,1.0,1,1,2,0,4.309,15,43,0.0122848096953721,0.0,6.256469516155686,1.3018488617592576,6
2025,21,16,19,3,26.0,39.6,56.0,918.4,1.4,0.0,0,17.0,1,1,2,0,4.309,15,43,0.0122848096953721,0.0235258437676011,10.976645799793355,1.9858246511269364,11
2025,21,16,21,5,26.0,39.6,56.0,918.4,1.4,0.0,0,4.0,1,1,2,0,4.309,15,43,0.0122848096953721,0.0024984474964978,7.112094462929102,1.6759457069247774,7
2025,21,16,23,6,26.0,39.6,56.0,918.4,1.4,0.0,0,6.0,1,1,2,0,4.309,15,43,0.0122848096953721,0.002036306919111,5.1871568169604405,1.144971525981925,5
2025,21,16,24,9,26.0,39.6,56.0,918.4,1.4,0.0,0,15.0,1,1,2,0,4.309,15,43,0.0122848096953721,0.0271074332423495,19.348858759765278,1.1506647188258472,19
2025,21,16,26,1,26.0,39.6,56.0,918.4,1.4,0.0,0,14.0,1,1,2,0,4.309,15,43,0.0122848096953721,0.0058345247895095,10.315470262288956,3.2474815100233334,10
2025,21,16,27,8,26.0,39.6,56.0,918.4,1.4,0.0,0,19.0,1,1,2,0,4.309,15,43,0.0122848096953721,0.0209263030197998,16.003098671984393,1.3470264425931708,16
2025,21,16,28,8,26.0,39.6,56.0,918.4,1.4,0.0,0,16.0,1,1,2,0,4.309,15,43,0.0122848096953721,0.0048669179556056,2.222582785784187,1.333553244183041,2
2025,22,19,0,9,11.7,12.6,65.0,946.0,1.6,0.0,0,16.0,0,2,0,1,6.201,17,3,0.0049678425674663,0.0087290280051884,10.5,6.0892310146188295,10
2025,22,19,1,1,11.7,12.6,65.0,946.0,1.6,0.0,0,7.0,0,2,0,1,6.201,17,3,0.0150637806884467,0.015799434367491,10.5,6.0892310146188295,10
2025,22,19,2,6,11.7,12.6,65.0,946.0,1.6,0.0,0,17.0,0,2,0,1,6.201,17,3,0.0003098224396914,0.0141514449146235,10.5,6.0892310146188295,10
2025,22,19,3,3,11.7,12.6,65.0,946.0,1.6,0.0,0,14.0,0,2,0,1,6.201,17,3,0.0147860088459648,0.0162885151083419,10.5,6.0892310146188295,10
2025,22,19,4,4,11.7,12.6,65.0,946.0,1.6,0.0,0,18.0,0,2,0,1,6.201,17,3,0.0202666609687826,0.0179046079911539,10.5,6.0892310146188295,10
2025,22,19,6,0,11.7,12.6,65.0,946.0,1.6,0.0,0,15.0,0,2,0,1,6.201,17,3,0.0130552765966538,0.0239330597316435,10.5,6.0892310146188295,10
2025,22,19,9,0,11.7,12.6,65.0,946.0,1.6,0.0,0,10.0,0,2,0,1,6.201,17,3,0.0082370034828315,0.0160333425478979,10.5,6.0892310146188295,10
2025,22,19,10,7,11.7,12.6,65.0,946.0,1.6,0.0,0,8.0,0,2,0,1,6.201,17,3,0.0031089079293177,0.0118548918706274,10.5,6.0892310146188295,10
2025,22,19,11,2,11.7,12.6,65.0,946.0,1.6,0.0,0,20.0,0,2,0,1,6.201,17,3,0.0056088545116556,0.0129181108724775,10.5,6.0892310146188295,10
2025,22,19,12,4,11.7,12.6,65.0,946.0,1.6,0.0,0,11.0,0,2,0,1,6.201,17,3,0.0029593384756736,0.027601165288026,10.5,6.0892310146188295,10
2025,22,19,14,7,11.7,12.6,65.0,946.0,1.6,0.0,0,6.0,0,2,0,1,6.201,17,3,0.0031943761885428,0.0147255831756224,10.5,6.0892310146188295,10
2025,22,19,15,2,11.7,12.6,65.0,946.0,1.6,0.0,0,9.0,0,2,0,1,6.201,17,3,0.0017200487169077,0.019712080294299,10.5,6.0892310146188295,10
2025,22,19,18,5,11.7,12.6,65.0,946.0,1.6,0.0,0,1.0,0,2,0,1,6.201,17,3,0.0,0.0325132370765729,10.5,6.0892310146188295,10
2025,22,19,19,3,11.7,12.6,65.0,946.0,1.6,0.0,0,13.0,0,2,0,1,6.201,17,3,0.0173714236875279,0.0187445510026154,10.5,6.0892310146188295,10
2025,22,19,21,5,11.7,12.6,65.0,946.0,1.6,0.0,0,5.0,0,2,0,1,6.201,17,3,0.0095190273712099,0.0315669721649264,10.5,6.0892310146188295,10
2025,22,19,23,6,11.7,12.6,65.0,946.0,1.6,0.0,0,4.0,0,2,0,1,6.201,17,3,0.0046473365953719,0.0,10.5,6.0892310146188295,10
2025,22,19,24,9,11.7,12.6,65.0,946.0,1.6,0.0,0,3.0,0,2,0,1,6.201,17,3,0.008899382491827,0.017096561549748,10.5,6.0892310146188295,10
2025,22,19,26,1,11.7,12.6,65.0,946.0,1.6,0.0,0,12.0,0,2,0,1,6.201,17,3,0.0062926005854575,0.0157250090373615,10.5,6.0892310146188295,10
2025,22,19,27,8,11.7,12.6,65.0,946.0,1.6,0.0,0,19.0,0,2,0,1,6.201,17,3,0.0116450503194375,0.0277819125183405,10.5,6.0892310146188295,10
2025,22,19,28,8,11.7,12.6,65.0,946.0,1.6,0.0,0,2.0,0,2,0,1,6.201,17,3,0.0053738167987863,0.0024135071341995,10.5,6.0892310146188295,10
2025,23,21,0,9,20.5,25.6,75.0,1016.6,0.8,0.0,0,15.0,1,1,0,0,5.38,16,6,0.0122848096953721,0.0091562051089874,9.9531426991546,6.097764734155423,10
2025,23,21,1,1,20.5,25.6,75.0,1016.6,0.8,0.0,0,8.0,1,1,0,0,5.38,16,6,0.0122848096953721,0.0049341078008868,9.218878570406108,6.1140723077000185,9
2025,23,21,2,6,20.5,25.6,75.0,1016.6,0.8,0.0,0,5.0,1,1,0,0,5.38,16,6,0.0122848096953721,0.0059584035975265,9.53189749806273,6.098822062087413,10
2025,23,21,3,3,20.5,25.6,75.0,1016.6,0.8,0.0,0,13.0,1,1,0,0,5.38,16,6,0.0122848096953721,0.0179751420898131,10.649114438374957,6.098107697513255,11
2025,23,21,4,4,20.5,25.6,75.0,1016.6,0.8,0.0,0,14.0,1,1,0,0,5.38,16,6,0.0122848096953721,0.0188870151770655,10.761834445743645,6.0966135184794,11
2025,23,21,6,0,20.5,25.6,75.0,1016.6,0.8,0.0,0,20.0,1,1,0,0,5.38,16,6,0.0122848096953721,0.0288426706639185,11.381180936738362,6.104873770973304,11
2025,23,21,9,0,20.5,25.6,75.0,1016.6,0.8,0.0,0,9.0,1,1,0,0,5.38,16,6,0.0122848096953721,0.0256948348010741,11.232349117904898,6.101139476424525,11
2025,23,21,10,7,20.5,25.6,75.0,1016.6,0.8,0.0,0,6.0,1,1,0,0,5.38,16,6,0.0122848096953721,0.0152645056523639,10.359093906304675,6.101369770164651,10
2025,23,21,11,2,20.5,25.6,75.0,1016.6,0.8,0.0,0,18.0,1,1,0,0,5.38,16,6,0.0122848096953721,0.0248329273624383,11.183626787500025,6.100316114130799,11
2025,23,21,12,4,20.5,25.6,75.0,1016.6,0.8,0.0,0,11.0,1,1,0,0,5.38,16,6,0.0122848096953721,0.015889076260071,11.744970573604743,6.119299288278789,12
2025,23,21,14,7,20.5,25.6,75.0,1016.6,0.8,0.0,0,12.0,1,1,0,0,5.38,16,6,0.0122848096953721,0.0224345762288425,11.425655890906334,6.131370206997864,11
2025,23,21,15,2,20.5,25.6,75.0,1016.6,0.8,0.0,0,10.0,1,1,0,0,5.38,16,6,0.0122848096953721,0.0070826306913995,9.679282123316586,6.096417341193349,10
2025,23,21,18,5,20.5,25.6,75.0,1016.6,0.8,0.0,0,2.0,1,1,0,0,5.38,16,6,0.0122848096953721,0.0028730247954529,9.285688620155188,6.102568051755719,9
2025,23,21,19,3,20.5,25.6,75.0,1016.6,0.8,0.0,0,17.0,1,1,0,0,5.38,16,6,0.0122848096953721,0.0201236649803259,11.03541236839752,6.101383818613404,11
2025,23,21,21,5,20.5,25.6,75.0,1016.6,0.8,0.0,0,1.0,1,1,0,0,5.38,16,6,0.0122848096953721,0.0,9.11738250625432,6.102436389752095,9
2025,23,21,23,6,20.5,25.6,75.0,1016.6,0.8,0.0,0,4.0,1,1,0,0,5.38,16,6,0.0122848096953721,0.0003997251889325,9.100641619126733,6.10316054677331,9
2025,23,21,24,9,20.5,25.6,75.0,1016.6,0.8,0.0,0,7.0,1,1,0,0,5.38,16,6,0.0122848096953721,0.006083317719068,9.764870954462198,6.106232878336582,10
2025,23,21,26,1,20.5,25.6,75.0,1016.6,0.8,0.0,0,19.0,1,1,0,0,5.38,16,6,0.0122848096953721,0.0218849540940602,10.992259647164769,6.098056204760119,11
2025,23,21,27,8,20.5,25.6,75.0,1016.6,0.8,0.0,0,16.0,1,1,0,0,5.38,16,6,0.0122848096953721,0.0057960152395228,9.230628453375791,6.104222419881218,9
2025,23,21,28,8,20.5,25.6,75.0,1016.6,0.8,0.0,0,3.0,1,1,0,0,5.38,16,6,0.0122848096953721,0.0059084379489101,9.229902272017364,6.10233290820764,9
2025,24,0,0,9,25.1,29.0,77.0,1017.2,1.1,0.0,0,17.0,0,1,2,0,5.281,16,5,0.0104353477847454,0.0046559627522978,10.652370603854852,3.3514053276702986,11
2025,24,0,1,1,25.1,29.0,77.0,1017.2,1.1,0.0,0,6.0,0,1,2,0,5.281,16,5,0.0075225978840436,0.0030119759041926,1.2274772850876516,2.4308239360054227,1
2025,24,0,2,6,25.1,29.0,77.0,1017.2,1.1,0.0,0,14.0,0,1,2,0,5.281,16,5,0.0080281164618514,0.0044759641922863,3.2546880073759006,1.4328452867686978,3
2025,24,0,3,3,25.1,29.0,77.0,1017.2,1.1,0.0,0,11.0,0,1,2,0,5.281,16,5,0.0050311134648484,0.003299973600211,2.2147493973294026,1.3480293047207847,2
2025,24,0,4,4,25.1,29.0,77.0,1017.2,1.1,0.0,0,7.0,0,1,2,0,5.281,16,5,0.0058616082712467,0.0054839561283508,10.249338651245877,4.180076789052239,10
2025,24,0,6,0,25.1,29.0,77.0,1017.2,1.1,0.0,0,20.0,0,1,2,0,5.281,16,5,0.0203170323652251,0.0140038879688962,13.00481641684708,1.4604978225482639,13
2025,24,0,9,0,25.1,29.0,77.0,1017.2,1.1,0.0,0,19.0,0,1,2,0,5.281,16,5,0.0226279744352032,0.0088559291525667,4.271796286030172,1.9305338424317715,4
2025,24,0,10,7,25.1,29.0,77.0,1017.2,1.1,0.0,0,9.0,0,1,2,0,5.281,16,5,0.0069087538967056,0.0077399380804953,6.455717152467224,1.349441454682869,6
2025,24,0,11,2,25.1,29.0,77.0,1017.2,1.1,0.0,0,16.0,0,1,2,0,5.281,16,5,0.0103029500619861,0.0136318909448723,16.549773337807885,4.5804670167630075,17
2025,24,0,12,4,25.1,29.0,77.0,1017.2,1.1,0.0,0,18.0,0,1,2,0,5.281,16,5,0.0056208851389574,0.0064319485444116,10.5,6.450883009293474,10
2025,24,0,14,7,25.1,29.0,77.0,1017.2,1.1,0.0,0,13.0,0,1,2,0,5.281,16,5,0.0167422938507276,0.0073559411524707,5.990027988333231,1.3527580060730837,6
2025,24,0,15,2,25.1,29.0,77.0,1017.2,1.1,0.0,0,5.0,0,1,2,0,5.281,16,5,0.0069207900533202,0.0040919672642618,13.389456976884139,2.854587898680394,13
2025,24,0,18,5,25.1,29.0,77.0,1017.2,1.1,0.0,0,2.0,0,1,2,0,5.281,16,5,0.0,4.7999616002960106e-05,1.5473008549069167,1.4916041465038046,2
2025,24,0,19,3,25.1,29.0,77.0,1017.2,1.1,0.0,0,8.0,0,1,2,0,5.281,16,5,0.0105316370376611,0.0032519739842081,11.559949652449014,5.935816774566984,12
2025,24,0,21,5,25.1,29.0,77.0,1017.2,1.1,0.0,0,3.0,0,1,2,0,5.281,16,5,0.0081845864978395,0.0031079751361989,2.1144463465954004,1.3470751887104853,2
2025,24,0,23,6,25.1,29.0,77.0,1017.2,1.1,0.0,0,4.0,0,1,2,0,5.281,16,5,0.0045617033568841,0.0,1.7822797745176118,1.641864694798984,2
2025,24,0,24,9,25.1,29.0,77.0,1017.2,1.1,0.0,0,12.0,0,1,2,0,5.281,16,5,0.0094965275688167,0.0057239542083663,11.436937186830965,3.0345271777822176,11
2025,24,0,26,1,25.1,29.0,77.0,1017.2,1.1,0.0,0,15.0,0,1,2,0,5.281,16,5,0.0090150813042378,0.0067319461444307,5.253302159200009,1.3560540109069066,5
2025,24,0,27,8,25.1,29.0,77.0,1017.2,1.1,0.0,0,10.0,0,1,2,0,5.281,16,5,0.0146841110696532,0.0163078695370436,14.354492694310242,2.3470148205411783,14
2025,24,0,28,8,25.1,29.0,77.0,1017.2,1.1,0.0,0,1.0,0,1,2,0,5.281,16,5,0.0043691248510525,0.0014879880960951,3.6821934338926,2.265401905518844,4
