year,Round,Circuit,Driver,Team,AirTemp_C,TrackTemp_C,Humidity_pct,Pressure_hPa,WindSpeed_ms,Rainfall,Wet,GridPosition,IsSprintWeekend,FP1_s_Delta_pct,FP2_s_Delta_pct,FP3_s_Delta_pct,pred_quali_position,pred_std,pred_quali_position_int
2025,1,1,0,9,30.1,40.7,48.0,1009.4,0.7,0.0,0,6.0,0,0.0059674830425102,0.0112900482737871,0.0044388245676425,10.307823801994415,6.196132266740039,10
2025,1,1,1,1,30.1,40.7,48.0,1009.4,0.7,0.0,0,12.0,0,0.0062652099622017,0.0116563534321485,0.0177684698568247,10.320931890785385,6.19615709179547,10
2025,1,1,2,6,30.1,40.7,48.0,1009.4,0.7,0.0,0,16.0,0,0.0147310102003832,0.0156333808657885,0.0037539020824277,10.299828526026852,6.196130190648286,10
2025,1,1,4,4,30.1,40.7,48.0,1009.4,0.7,0.0,0,15.0,0,0.0153523533371305,0.0184199165347532,0.010352866795748,10.324207031087047,6.1960907608622335,10
2025,1,1,8,0,30.1,40.7,48.0,1009.4,0.7,0.0,0,14.0,0,0.0126857557085901,0.0124936223655465,0.0141199404644299,10.321997636887414,6.196102960127756,10
2025,1,1,9,0,30.1,40.7,48.0,1009.4,0.7,0.0,0,9.0,0,0.0162196447988401,0.0137887727468962,0.0105109258307976,10.324793105159841,6.19610315215634,10
2025,1,1,10,7,30.1,40.7,48.0,1009.4,0.7,0.0,0,11.0,0,0.0077020659659296,0.0075877497089183,0.0106821564521014,10.312705151744206,6.196129159921106,10
2025,1,1,11,2,30.1,40.7,48.0,1009.4,0.7,0.0,0,8.0,0,0.0106016672707503,0.0054945773754235,0.0060194149181385,10.310745387347293,6.196115622781269,10
2025,1,1,12,4,30.1,40.7,48.0,1009.4,0.7,0.0,0,17.0,0,0.0172681613421012,0.0094454401548948,0.0161351931613123,10.33889433453518,6.196093091400033,10
2025,1,1,14,8,30.1,40.7,48.0,1009.4,0.7,0.0,0,18.0,0,0.0155724123647284,0.0157118748282945,0.4075288787028621,10.338983213342315,6.196462317941856,10
2025,1,1,15,2,30.1,40.7,48.0,1009.4,0.7,0.0,0,7.0,0,0.0027054315745871,0.0,0.0035168135298533,10.307276706514884,6.1961518195580965,10
2025,1,1,18,5,30.1,40.7,48.0,1009.4,0.7,0.0,0,1.0,0,0.0,0.0018446081188922,0.0089039923077934,10.319141902042471,6.196168239286911,10
2025,1,1,19,3,30.1,40.7,48.0,1009.4,0.7,0.0,0,19.0,0,0.024426552063377,0.0208663116995252,0.0191251432410004,10.37196075274424,6.196093158153398,10
2025,1,1,21,5,30.1,40.7,48.0,1009.4,0.7,0.0,0,2.0,0,0.0054108631491742,0.0016222085584585,0.0,10.30706621952847,6.196153996949839,10
2025,1,1,23,6,30.1,40.7,48.0,1009.4,0.7,0.0,0,4.0,0,0.0060063169885569,0.0110284017321001,0.000513691863911,10.297393851600685,6.196172329816334,10
2025,1,1,24,9,30.1,40.7,48.0,1009.4,0.7,0.0,0,10.0,0,0.0019287526536529,0.0112900482737871,0.0043597950501177,10.312938145727099,6.196148285620427,10
2025,1,1,26,1,30.1,40.7,48.0,1009.4,0.7,0.0,0,13.0,0,0.010420442189199,0.0109891547508471,0.0135272190829939,10.329482973703326,6.19615555113222,10
2025,1,1,27,7,30.1,40.7,48.0,1009.4,0.7,0.0,0,5.0,0,0.010472220783928,0.004513402844098,0.0070336270597066,10.321926811506525,6.19614079711575,10
2025,1,1,28,8,30.1,40.7,48.0,1009.4,0.7,0.0,0,3.0,0,0.0057474240149122,0.0081633721006293,0.0010668984865845,10.305784447529414,6.196128812237935,10
2025,2,7,0,9,26.1,38.7,14.0,1015.1,2.3,0.0,0,10.0,1,0.0129283965728273,0.0122848096953721,0.0075950203084238,10.5,5.34403163251156,10
2025,2,7,1,1,26.1,38.7,14.0,1015.1,2.3,0.0,0,13.0,1,0.0137917468088826,0.0122848096953721,0.0106330284317933,10.5,5.34403163251156,10
2025,2,7,2,6,26.1,38.7,14.0,1015.1,2.3,0.0,0,8.0,1,0.0149720230809581,0.0122848096953721,0.0068905546566279,10.5,5.34403163251156,10
2025,2,7,3,3,26.1,38.7,14.0,1015.1,2.3,0.0,0,17.0,1,0.0159883720930231,0.0122848096953721,0.0124272143887108,10.5,5.34403163251156,10
2025,2,7,4,4,26.1,38.7,14.0,1015.1,2.3,0.0,0,19.0,1,0.0253322259136212,0.0122848096953721,0.0186022961177337,10.5,5.34403163251156,10
2025,2,7,8,0,26.1,38.7,14.0,1015.1,2.3,0.0,0,18.0,1,0.0264360027976918,0.0122848096953721,0.0189985580468689,10.5,5.34403163251156,10
2025,2,7,9,0,26.1,38.7,14.0,1015.1,2.3,0.0,0,16.0,1,0.0176932155971323,0.0122848096953721,0.019714030974474,10.5,5.34403163251156,10
2025,2,7,10,7,26.1,38.7,14.0,1015.1,2.3,0.0,0,7.0,1,0.0205564784053156,0.0122848096953721,0.0145516186199077,10.5,5.34403163251156,10
2025,2,7,11,2,26.1,38.7,14.0,1015.1,2.3,0.0,0,5.0,1,0.0075515824444831,0.0122848096953721,0.0,10.5,5.34403163251156,10
2025,2,7,12,4,26.1,38.7,14.0,1015.1,2.3,0.0,0,12.0,1,0.0109612694527015,0.0122848096953721,0.0200992856277999,10.5,5.34403163251156,10
2025,2,7,14,8,26.1,38.7,14.0,1015.1,2.3,0.0,0,20.0,1,0.0232448854694876,0.0122848096953721,0.0206936785215026,10.5,5.34403163251156,10
2025,2,7,15,2,26.1,38.7,14.0,1015.1,2.3,0.0,0,6.0,1,0.0049615317363174,0.0122848096953721,0.0022895133683364,10.5,5.34403163251156,10
2025,2,7,18,5,26.1,38.7,14.0,1015.1,2.3,0.0,0,3.0,1,0.0,0.0122848096953721,0.0035773646380257,10.5,5.34403163251156,10
2025,2,7,19,3,26.1,38.7,14.0,1015.1,2.3,0.0,0,11.0,1,0.0169610071690854,0.0122848096953721,0.0198351110083764,10.5,5.34403163251156,10
2025,2,7,21,5,26.1,38.7,14.0,1015.1,2.3,0.0,0,1.0,1,0.0070925861164539,0.0122848096953721,0.0008805820647447,10.5,5.34403163251156,10
2025,2,7,23,6,26.1,38.7,14.0,1015.1,2.3,0.0,0,2.0,1,0.0095405665326104,0.0122848096953721,0.0035223282589791,10.5,5.34403163251156,10
2025,2,7,24,9,26.1,38.7,14.0,1015.1,2.3,0.0,0,15.0,1,0.0179336422451476,0.0122848096953721,0.0162467390945414,10.5,5.34403163251156,10
2025,2,7,26,1,26.1,38.7,14.0,1015.1,2.3,0.0,0,14.0,1,0.016174156321035,0.0122848096953721,0.0098294972977137,10.5,5.34403163251156,10
2025,2,7,27,7,26.1,38.7,14.0,1015.1,2.3,0.0,0,9.0,1,0.015627732121,0.0122848096953721,0.0101707228478023,10.5,5.34403163251156,10
2025,2,7,28,8,26.1,38.7,14.0,1015.1,2.3,0.0,0,4.0,1,0.0194527015212449,0.0122848096953721,0.0001981309645675,10.5,5.34403163251156,10
2025,3,18,0,9,14.7,32.3,59.0,1013.3,3.0,0.0,0,9.0,0,0.0095201526838246,0.0103161813105748,0.0066958449383277,9.166035880622156,2.0611959554017787,9
2025,3,18,1,1,14.7,32.3,59.0,1013.3,3.0,0.0,0,13.0,0,0.0076003116918315,0.0211544136005627,0.0205422611265844,14.40931862248955,3.2971870704258786,14
2025,3,18,2,6,14.7,32.3,59.0,1013.3,3.0,0.0,0,6.0,0,0.0083004889947938,0.0183739246884717,0.0131984311942249,6.996716995982796,3.1024231465880976,7
2025,3,18,3,3,14.7,32.3,59.0,1013.3,3.0,0.0,0,10.0,0,0.0172559825633264,0.0174773588760014,0.0240891263570738,15.92279927395502,1.9791807372528478,16
2025,3,18,4,4,14.7,32.3,59.0,1013.3,3.0,0.0,0,17.0,0,0.0180465053247354,0.0138570488231153,0.0246575342465753,15.313960738965477,3.654936245428386,15
2025,3,18,8,0,14.7,32.3,59.0,1013.3,3.0,0.0,0,19.0,0,0.0139868373707438,0.0402319722178087,0.0204854203376342,16.29954621727575,1.4453686634204057,16
2025,3,18,9,0,14.7,32.3,59.0,1013.3,3.0,0.0,0,11.0,0,0.0112705959412301,0.0072973647774474,0.0072528846700391,6.123097780814934,1.708731525191396,6
2025,3,18,10,7,14.7,32.3,59.0,1013.3,3.0,0.0,0,7.0,0,0.007634191238749,0.0045849694713665,0.0093332575456147,8.721487979541884,1.645486981325722,9
2025,3,18,11,2,14.7,32.3,59.0,1013.3,3.0,0.0,0,8.0,0,0.0056691775175326,0.0048800417640782,0.0063548002046268,5.37482207441697,1.1923537855139767,5
2025,3,18,12,4,14.7,32.3,59.0,1013.3,3.0,0.0,0,16.0,0,0.0166461507188109,0.0107587897496424,0.0301938270903199,11.65387395004381,4.90577548102545,12
2025,3,18,14,7,14.7,32.3,59.0,1013.3,3.0,0.0,0,14.0,0,0.0111463709358659,0.0050502757791042,0.0129483317228442,12.423296602946799,1.3598453502388657,12
2025,3,18,15,2,14.7,32.3,59.0,1013.3,3.0,0.0,0,4.0,0,0.0046979638392302,0.005356697006151,0.0051043028477235,4.140691581265219,1.2161129832993616,4
2025,3,18,18,5,14.7,32.3,59.0,1013.3,3.0,0.0,0,2.0,0,0.0,0.0005560977824181,0.0,1.9603279814705985,1.7732600739067184,2
2025,3,18,19,3,14.7,32.3,59.0,1013.3,3.0,0.0,0,18.0,0,0.0177754689493952,0.0158090655287468,0.0252145739782868,15.493149519377363,2.7333043122187557,15
2025,3,18,21,5,14.7,32.3,59.0,1013.3,3.0,0.0,0,3.0,0,0.0130887982924707,0.0,0.0002955721025407,2.0933977532089916,1.3672161301899144,2
2025,3,18,23,6,14.7,32.3,59.0,1013.3,3.0,0.0,0,5.0,0,0.0018407887158522,0.0051410672537847,0.0012732336724833,9.558152193854246,2.0837273597256405,10
2025,3,18,24,9,14.7,32.3,59.0,1013.3,3.0,0.0,0,12.0,0,0.00885385492778,0.0081485348525772,0.0100153470130165,10.674520166393384,1.4370754465649707,11
2025,3,18,26,1,14.7,32.3,59.0,1013.3,3.0,0.0,0,20.0,0,0.0136534574077628,0.030993939669065,0.0261694992326492,13.364937043332995,3.45439340897953,13
2025,3,18,27,8,14.7,32.3,59.0,1013.3,3.0,0.0,0,15.0,0,0.0070356525765394,0.0284971741153505,0.0093218893878246,11.20053770819375,2.2477785550417164,11
2025,3,18,28,8,14.7,32.3,59.0,1013.3,3.0,0.0,0,1.0,0,0.0058272820698143,0.0063100074902966,0.0060478599442959,5.039822116552559,1.1983609841041059,5
2025,4,4,0,9,26.3,30.8,58.0,1004.2,3.1,0.0,0,15.0,0,0.007767906956783,0.0131594939506104,0.0229906378892695,10.497701191451599,6.0765818237703675,10
2025,4,4,1,1,26.3,30.8,58.0,1004.2,3.1,0.0,0,13.0,0,0.0139868373707438,0.0145848295674272,0.0207537699408594,10.499143969434737,6.076581899531286,10
2025,4,4,2,6,26.3,30.8,58.0,1004.2,3.1,0.0,0,4.0,0,0.0520042058280761,0.0079774598088504,0.0138576697291752,10.497088028055774,6.076581877887665,10
2025,4,4,3,3,26.3,30.8,58.0,1004.2,3.1,0.0,0,20.0,0,0.0139868373707438,0.0119219932600409,0.0293411605525608,10.496773358515252,6.0765818233155535,10
2025,4,4,4,4,26.3,30.8,58.0,1004.2,3.1,0.0,0,18.0,0,0.0152783142354406,0.0139992265620685,0.0313379743796783,10.497050212720248,6.076581921444411,10
2025,4,4,8,0,26.3,30.8,58.0,1004.2,3.1,0.0,0,11.0,0,0.0127891506802283,0.0141760123750069,0.0185605481963205,10.498987684114173,6.076581652984348,10
2025,4,4,9,0,26.3,30.8,58.0,1004.2,3.1,0.0,0,5.0,0,0.0025535384747435,0.0159328213910834,0.0144905396853109,10.496905971273494,6.076581806167938,10
2025,4,4,10,7,26.3,30.8,58.0,1004.2,3.1,0.0,0,12.0,0,0.0156967512123944,0.0080990000552456,0.0150252056827356,10.497135024922606,6.076581690964661,10
2025,4,4,11,2,26.3,30.8,58.0,1004.2,3.1,0.0,0,9.0,0,0.0063945753401141,0.0118336003535716,0.0159854221679069,10.496942090100566,6.076581933303157,10
2025,4,4,12,4,26.3,30.8,58.0,1004.2,3.1,0.0,0,16.0,0,0.0113514441440282,0.021998784597536,0.0326255373938851,10.497946490259407,6.076582176967276,10
2025,4,4,14,7,26.3,30.8,58.0,1004.2,3.1,0.0,0,17.0,0,0.0127998798334836,0.0132699850836971,0.0188115138685813,10.498645818824613,6.076581656746137,10
2025,4,4,15,2,26.3,30.8,58.0,1004.2,3.1,0.0,0,3.0,0,0.0139868373707438,0.0059665211866748,0.0091002335071907,10.49625254930342,6.076581724161969,10
2025,4,4,18,5,26.3,30.8,58.0,1004.2,3.1,0.0,0,6.0,0,0.0,0.0017015634495332,0.0072889160465267,10.49557632322188,6.076581785551093,10
2025,4,4,19,3,26.3,30.8,58.0,1004.2,3.1,0.0,0,14.0,0,0.0105145701901206,0.0150820396663168,0.0173930122427601,10.499497572141735,6.076581654292791,10
2025,4,4,21,5,26.3,30.8,58.0,1004.2,3.1,0.0,0,1.0,0,0.0139908158448135,0.0,0.0,10.500096336682274,6.0765832472890375,11
2025,4,4,23,6,26.3,30.8,58.0,1004.2,3.1,0.0,0,2.0,0,0.0139868373707438,0.0058228827136622,0.0128865416930362,10.499815864689438,6.076581918801945,10
2025,4,4,24,9,26.3,30.8,58.0,1004.2,3.1,0.0,0,8.0,0,0.0139868373707438,0.0123529086790786,0.0157781026995176,10.497675727493661,6.076582132031135,10
2025,4,4,26,1,26.3,30.8,58.0,1004.2,3.1,0.0,0,19.0,0,0.0205141410239904,0.0207391856803492,0.0296466839796608,10.499131537739089,6.0765822018476285,10
2025,4,4,27,8,26.3,30.8,58.0,1004.2,3.1,0.0,0,10.0,0,0.0137333161666881,0.01678360311585,0.0362154376623093,10.497786960994873,6.076582342115096,10
2025,4,4,28,8,26.3,30.8,58.0,1004.2,3.1,0.0,0,7.0,0,0.0139868373707438,0.009115518479642,0.0150688518866071,10.497490945283149,6.076581682587723,10
2025,5,22,0,9,29.5,37.150000000000006,59.0,1006.3,0.9,0.0,0,11.0,0,0.0041125516870425,0.010796787021197,0.0102870075095153,10.268653050904597,6.3987249476598,10
2025,5,22,1,1,29.5,37.150000000000006,59.0,1006.3,0.9,0.0,0,13.0,0,0.0082587209628076,0.015804320980661,0.0159905816731246,10.326454428498861,6.398746035968216,10
2025,5,22,2,6,29.5,37.150000000000006,59.0,1006.3,0.9,0.0,0,5.0,0,0.0077880747206937,0.0110460307929351,0.0136017099292482,10.261860521371776,6.398804840773624,10
2025,5,22,3,3,29.5,37.150000000000006,59.0,1006.3,0.9,0.0,0,15.0,0,0.0151951501025335,0.01684661311702,0.0171450125158591,10.334268303308253,6.3988718678616126,10
2025,5,22,4,4,29.5,37.150000000000006,59.0,1006.3,0.9,0.0,0,20.0,0,0.0201593473705441,0.0122848096953721,0.0219570460286435,10.30738240237701,6.398795065528292,10
2025,5,22,8,0,29.5,37.150000000000006,59.0,1006.3,0.9,0.0,0,17.0,0,0.0105783345846547,0.0186366365685931,0.0161048817565635,10.347335613609806,6.398879300564311,10
2025,5,22,9,0,29.5,37.150000000000006,59.0,1006.3,0.9,0.0,0,9.0,0,0.0,0.0095052511131,0.0129844894786772,10.290375775888364,6.3988328276438144,10
2025,5,22,10,7,29.5,37.150000000000006,59.0,1006.3,0.9,0.0,0,14.0,0,0.0086509261645692,0.0117711035834457,0.0146304106801998,10.292709863796189,6.398696897804823,10
2025,5,22,11,2,29.5,37.150000000000006,59.0,1006.3,0.9,0.0,0,7.0,0,0.0064545770347044,0.012507505636308,0.0147561407719827,10.291815347139979,6.399390755373024,10
2025,5,22,12,4,29.5,37.150000000000006,59.0,1006.3,0.9,0.0,0,18.0,0,0.0075863691883592,0.0104908969377004,0.0197853444433013,10.284964314143757,6.398819542203182,10
2025,5,22,14,7,29.5,37.150000000000006,59.0,1006.3,0.9,0.0,0,12.0,0,0.007485516422192,0.0138330293314602,0.0156819714478391,10.309958929039356,6.398718356717806,10
2025,5,22,15,2,29.5,37.150000000000006,59.0,1006.3,0.9,0.0,0,4.0,0,0.000784410403523,0.005460704453533,0.010092697367669,10.179290436747586,6.398842576253402,10
2025,5,22,18,5,29.5,37.150000000000006,59.0,1006.3,0.9,0.0,0,10.0,0,7.844104035220914e-05,0.0,0.0,10.198240995218397,6.398998154891613,10
2025,5,22,19,3,29.5,37.150000000000006,59.0,1006.3,0.9,0.0,0,19.0,0,0.0200584946043769,0.019848867640228,0.0211112254111944,10.359213919057138,6.398918623311038,10
2025,5,22,21,5,29.5,37.150000000000006,59.0,1006.3,0.9,0.0,0,2.0,0,0.0011429980165621,0.0018466697633318,0.0002743202002537,10.316643038684623,6.399460999110922,10
2025,5,22,23,6,29.5,37.150000000000006,59.0,1006.3,0.9,0.0,0,3.0,0,0.0042470220419322,0.0079984592203202,0.007166615231629,10.22379992661021,6.39884654790741,10
2025,5,22,24,9,29.5,37.150000000000006,59.0,1006.3,0.9,0.0,0,6.0,0,0.0060511659700354,0.0076472520874165,0.0123558390197623,10.253226855815798,6.398705299114184,10
2025,5,22,26,1,29.5,37.150000000000006,59.0,1006.3,0.9,0.0,0,16.0,0,0.0150606797476439,0.0197129164920073,0.0227342865960291,10.369590408177029,6.398923995043978,10
2025,5,22,27,8,29.5,37.150000000000006,59.0,1006.3,0.9,0.0,0,8.0,0,0.0065218122121493,0.0078851665968028,0.013498839854153,10.258622930650517,6.398699075809033,10
2025,5,22,28,8,29.5,37.150000000000006,59.0,1006.3,0.9,0.0,0,1.0,0,0.0064881946234269,0.0031721934584839,0.0096583570506006,10.423020290046779,6.3991494944146945,10
2025,6,20,0,9,27.8,39.7,63.5,1013.5,2.7,0.0,0,7.0,1,0.0094917822054907,0.0122848096953721,0.0082213639832566,10.338983050847459,5.503909669739941,10
2025,6,20,1,1,27.8,39.7,63.5,1013.5,2.7,0.0,0,17.0,1,0.0127972637957946,0.0122848096953721,0.0148470201891723,10.338983050847459,5.503909669739941,10
2025,6,20,2,6,27.8,39.7,63.5,1013.5,2.7,0.0,0,3.0,1,0.0126136259296667,0.0122848096953721,0.0,10.338983050847459,5.503909669739941,10
2025,6,20,3,3,27.8,39.7,63.5,1013.5,2.7,0.0,0,20.0,1,0.0214397208704434,0.0122848096953721,0.0386554427510927,10.338983050847459,5.503909669739941,10
2025,6,20,4,4,27.8,39.7,63.5,1013.5,2.7,0.0,0,13.0,1,0.0188573133780185,0.0122848096953721,0.0327235725353252,10.338983050847459,5.503909669739941,10
2025,6,20,8,0,27.8,39.7,63.5,1013.5,2.7,0.0,0,14.0,1,0.0255830502249563,0.0122848096953721,0.0310931754584769,10.338983050847459,5.503909669739941,10
2025,6,20,9,0,27.8,39.7,63.5,1013.5,2.7,0.0,0,18.0,1,0.0224497291341474,0.0122848096953721,0.0194838232233297,10.338983050847459,5.503909669739941,10
2025,6,20,10,7,27.8,39.7,63.5,1013.5,2.7,0.0,0,11.0,1,0.0096409879717198,0.0122848096953721,0.0122684489257881,10.338983050847459,5.503909669739941,10
2025,6,20,11,2,27.8,39.7,63.5,1013.5,2.7,0.0,0,12.0,1,0.0163896795519235,0.0122848096953721,0.0063365787100206,10.338983050847459,5.503909669739941,10
2025,6,20,12,4,27.8,39.7,63.5,1013.5,2.7,0.0,0,16.0,1,0.0165847947846845,0.0122848096953721,0.0158183205753797,10.338983050847459,5.503909669739941,10
2025,6,20,14,7,27.8,39.7,63.5,1013.5,2.7,0.0,0,15.0,1,0.0143007988247176,0.0122848096953721,0.0218889479891769,10.338983050847459,5.503909669739941,10
2025,6,20,15,2,27.8,39.7,63.5,1013.5,2.7,0.0,0,8.0,1,0.0040859425213478,0.0122848096953721,0.0037695705464721,10.338983050847459,5.503909669739941,10
2025,6,20,18,5,27.8,39.7,63.5,1013.5,2.7,0.0,0,2.0,1,0.0144959140574787,0.0122848096953721,0.0011563099835803,10.338983050847459,5.503909669739941,10
2025,6,20,19,3,27.8,39.7,63.5,1013.5,2.7,0.0,0,9.0,1,0.0235400789642824,0.0122848096953721,0.0183622025392566,10.338983050847459,5.503909669739941,10
2025,6,20,21,5,27.8,39.7,63.5,1013.5,2.7,0.0,0,4.0,1,0.0,0.0122848096953721,0.0005203394926111,10.338983050847459,5.503909669739941,10
2025,6,20,23,6,27.8,39.7,63.5,1013.5,2.7,0.0,0,5.0,1,0.0106739509686898,0.0122848096953721,0.0035729978492634,10.338983050847459,5.503909669739941,10
2025,6,20,24,9,27.8,39.7,63.5,1013.5,2.7,0.0,0,6.0,1,0.0063125516481498,0.0122848096953721,0.0163849124673342,10.338983050847459,5.503909669739941,10
2025,6,20,26,1,27.8,39.7,63.5,1013.5,2.7,0.0,0,19.0,1,0.0256404370581213,0.0122848096953721,0.029439652181957,10.338983050847459,5.503909669739941,10
2025,6,20,27,8,27.8,39.7,63.5,1013.5,2.7,0.0,0,10.0,1,0.0117872555320907,0.0122848096953721,0.0319604079461621,10.338983050847459,5.503909669739941,10
2025,6,20,28,8,27.8,39.7,63.5,1013.5,2.7,0.0,0,1.0,1,0.0049352676521899,0.0122848096953721,0.0029485904581299,10.338983050847459,5.503909669739941,10
2025,7,11,0,9,22.9,39.5,30.0,1008.6,2.0,0.0,0,7.0,0,0.0049252073943431,0.0082743415722575,0.0111486441379493,7.844081496225423,3.8626723769144924,8
2025,7,11,1,1,22.9,39.5,30.0,1008.6,2.0,0.0,0,5.0,0,0.0075249853027629,0.0123119015047878,0.0123102393954363,9.94159116297615,3.9985565977878887,10
2025,7,11,2,6,22.9,39.5,30.0,1008.6,2.0,0.0,0,13.0,0,0.0071722516166959,0.0147822506740334,0.0067025381523958,5.3731359730764865,3.896946963992568,5
2025,7,11,3,3,22.9,39.5,30.0,1008.6,2.0,0.0,0,19.0,0,0.0117708537461623,0.0095095161568803,0.0139791980987222,11.067178321923965,3.8558069279165963,11
2025,7,11,4,4,22.9,39.5,30.0,1008.6,2.0,0.0,0,14.0,0,0.0049644000261283,0.0138923937152191,0.0153410684006035,11.13545542185226,3.870347945221473,11
2025,7,11,6,0,22.9,39.5,30.0,1008.6,2.0,0.0,0,15.0,0,0.0108171663727219,0.0099743668070071,0.0175307422193143,13.76563591637942,3.865575491295794,14
2025,7,11,9,0,22.9,39.5,30.0,1008.6,2.0,0.0,0,10.0,0,0.0019726957998562,0.0036656794124287,0.0145933749015312,8.935041604758752,4.2270004757066335,9
2025,7,11,10,7,22.9,39.5,30.0,1008.6,2.0,0.0,0,9.0,0,0.014318374812202,0.0066274421260939,0.008157870141661,6.603162526669431,4.214401331610274,7
2025,7,11,11,2,22.9,39.5,30.0,1008.6,2.0,0.0,0,12.0,0,0.0012541642171272,0.0086329406452125,0.0118829859673952,6.042489672134153,4.500753502633839,6
2025,7,11,12,4,22.9,39.5,30.0,1008.6,2.0,0.0,0,17.0,0,0.0059180873995689,0.0149549094869375,0.0179045889688504,9.704914648620118,5.292514797643588,10
2025,7,11,14,7,22.9,39.5,30.0,1008.6,2.0,0.0,0,16.0,0,0.0096805800509504,0.0127767521549146,0.0144198031963896,8.382774679943,3.888735054525684,8
2025,7,11,15,2,22.9,39.5,30.0,1008.6,2.0,0.0,0,11.0,0,0.0069501600365797,0.0063086873945784,0.0073968249729627,5.69271348996754,3.882996665064304,6
2025,7,11,18,5,22.9,39.5,30.0,1008.6,2.0,0.0,0,4.0,0,0.0004180547390423,0.0003320361786619,0.0,3.379789120144232,4.007351715650496,3
2025,7,11,19,3,22.9,39.5,30.0,1008.6,2.0,0.0,0,18.0,0,0.0145927232346986,0.0149681909340841,0.0198939877431672,15.768714858716072,3.876917845377826,16
2025,7,11,21,5,22.9,39.5,30.0,1008.6,2.0,0.0,0,1.0,0,0.0,0.0,0.0013351669626286,3.456750850821141,3.9820401940366446,3
2025,7,11,23,6,22.9,39.5,30.0,1008.6,2.0,0.0,0,3.0,0,0.000705467372134,0.0053125788585923,0.0102140272641093,7.577721555495074,3.8982921019085524,8
2025,7,11,24,9,22.9,39.5,30.0,1008.6,2.0,0.0,0,6.0,0,0.0006793389509437,0.0085134076208942,0.0074769349907204,6.084445922342037,3.917959901626298,6
2025,7,11,26,1,22.9,39.5,30.0,1008.6,2.0,0.0,0,8.0,0,0.0063622705598013,0.013918956609512,0.0143930998571369,11.412557402730412,3.905422789107149,11
2025,7,11,28,8,22.9,39.5,30.0,1008.6,2.0,0.0,0,2.0,0,0.0047031158142269,0.0058703996387445,0.0024166522023578,1.5452859001084391,4.544009272737465,2
2025,8,14,0,9,21.1,40.5,59.0,1014.9,0.8,0.0,0,10.0,0,0.0048635428825523,0.0078901268306355,0.0100770932871055,10.856908832974339,5.436613895723411,11
2025,8,14,1,1,21.1,40.5,59.0,1014.9,0.8,0.0,0,7.0,0,0.0106025234839642,0.0074977226543339,0.0161797246064295,9.275015467681182,5.474740258099863,9
2025,8,14,2,6,21.1,40.5,59.0,1014.9,0.8,0.0,0,15.0,0,0.0111305652826413,0.0090673393595402,0.0149394669710935,8.741153590165148,5.428303474846651,9
2025,8,14,3,3,21.1,40.5,59.0,1014.9,0.8,0.0,0,17.0,0,0.0189678172419542,0.0126690491205941,0.018293800121207,14.853723154484175,5.426205985536169,15
2025,8,14,4,4,21.1,40.5,59.0,1014.9,0.8,0.0,0,16.0,0,0.0209271302317825,0.0123186882488962,0.0232266429890208,13.978291725637245,5.476899672021242,14
2025,8,14,6,0,21.1,40.5,59.0,1014.9,0.8,0.0,0,20.0,0,0.0257906731143348,0.0288697358279027,0.0267501021803164,13.571231285415742,5.546406719311558,14
2025,8,14,9,0,21.1,40.5,59.0,1014.9,0.8,0.0,0,18.0,0,0.0097965649491412,0.0147011421764416,0.0174904514255915,13.070265017081024,5.463648084758721,13
2025,8,14,10,7,21.1,40.5,59.0,1014.9,0.8,0.0,0,6.0,0,0.0169946084153187,0.006825029780674,0.0185756768565106,9.089816537310039,5.638224532574022,9
2025,8,14,11,2,21.1,40.5,59.0,1014.9,0.8,0.0,0,4.0,0,0.0100883775220943,0.0014715156611308,0.0079348300987978,6.2284826116364105,5.42626694631979,6
2025,8,14,12,4,21.1,40.5,59.0,1014.9,0.8,0.0,0,13.0,0,0.0141042743594019,0.0127110924251979,0.0165179766887939,12.976749658822563,5.455787560894954,13
2025,8,14,14,7,21.1,40.5,59.0,1014.9,0.8,0.0,0,9.0,0,0.0203574009226836,0.0065587555181835,0.012134793454822,8.971424691115441,5.607046260048289,9
2025,8,14,15,2,21.1,40.5,59.0,1014.9,0.8,0.0,0,2.0,0,0.0,0.0,0.0,4.644492661815086,5.435645104178294,5
2025,8,14,18,5,21.1,40.5,59.0,1014.9,0.8,0.0,0,1.0,0,0.0045300427991774,0.0045126480274683,0.0041435880089636,6.718712065275876,5.424180325838162,7
2025,8,14,19,3,21.1,40.5,59.0,1014.9,0.8,0.0,0,8.0,0,0.0198710466344284,0.0166211197533458,0.0217890716389721,15.512584314928402,5.446587332980133,16
2025,8,14,21,5,21.1,40.5,59.0,1014.9,0.8,0.0,0,3.0,0,0.0052526263131565,0.0005325485249806,0.0062717573605061,6.914936319543424,5.42952511831236,7
2025,8,14,23,6,21.1,40.5,59.0,1014.9,0.8,0.0,0,14.0,0,0.0071980434661775,0.0103286384976525,0.0156864403196482,12.93397282802135,5.493137945957622,13
2025,8,14,24,9,21.1,40.5,59.0,1014.9,0.8,0.0,0,11.0,0,0.0079206269801568,0.0111554901548593,0.0132482065592715,11.689392644218534,5.4584916166584465,12
2025,8,14,26,1,21.1,40.5,59.0,1014.9,0.8,0.0,0,19.0,0,0.0510116169195709,0.0162147011421763,0.0176032021197129,8.041896935663136,5.57356168457017,8
2025,8,14,27,8,21.1,40.5,59.0,1014.9,0.8,0.0,0,12.0,0,0.0176199210716469,0.0100483498002942,0.0140797429284173,9.466961481694517,6.330344127033709,9
2025,8,14,28,8,21.1,40.5,59.0,1014.9,0.8,0.0,0,5.0,0,0.0022650213995886,0.0099922920608225,0.0039462742942511,6.460756311111528,5.414151363564659,6
2025,9,9,0,9,29.2,47.8,36.0,1005.5,1.7,0.0,0,11.0,0,0.0139868373707438,0.0148295766904891,0.0262754361971072,13.348552410423187,2.3967105461228426,13
2025,9,9,1,1,29.2,47.8,36.0,1005.5,1.7,0.0,0,10.0,0,0.0146504245910089,0.0074354040681692,0.0141876303756199,13.16839082439114,3.2966444219601385,13
2025,9,9,2,6,29.2,47.8,36.0,1005.5,1.7,0.0,0,6.0,0,0.0223961583331071,0.0073941726223199,0.0140632986585989,10.363667795811565,1.9696824827760897,10
2025,9,9,3,3,29.2,47.8,36.0,1005.5,1.7,0.0,0,15.0,0,0.0119238177921266,0.0187740516767454,0.0286377388205063,14.914775591924684,2.7456919861436595,15
2025,9,9,4,4,29.2,47.8,36.0,1005.5,1.7,0.0,0,12.0,0,0.0194932038308146,0.0164788345244639,0.0184425380247833,12.897615560599423,1.7688304377918942,13
2025,9,9,6,0,29.2,47.8,36.0,1005.5,1.7,0.0,0,19.0,0,0.0245801568138039,0.021206706981858,0.0234572506112975,10.506728290236698,4.492853166018042,11
2025,9,9,9,0,29.2,47.8,36.0,1005.5,1.7,0.0,0,8.0,0,0.0139450337773676,0.0085898845519516,0.0216475333968805,9.143509436995616,4.199623443708419,9
2025,9,9,10,7,29.2,47.8,36.0,1005.5,1.7,0.0,0,9.0,0,0.0120323394557638,0.0087960417811984,0.0137455620484341,10.639004383608752,1.8661962329141513,11
2025,9,9,11,2,29.2,47.8,36.0,1005.5,1.7,0.0,0,5.0,0,0.0051276486068531,0.0106239692138537,0.0157486841559948,10.835531506675437,3.526862935151159,11
2025,9,9,12,4,29.2,47.8,36.0,1005.5,1.7,0.0,0,16.0,0,0.0155592935239696,0.0114348543155579,0.0185944990122536,10.555722516384902,3.297403878250505,11
2025,9,9,14,7,29.2,47.8,36.0,1005.5,1.7,0.0,0,13.0,0,0.00842399413983,0.0100879604178119,0.0172682940306961,11.56714139569327,1.847886909380127,12
2025,9,9,15,2,29.2,47.8,36.0,1005.5,1.7,0.0,0,7.0,0,0.0070539081364116,0.0068719076415612,0.0102642739718457,9.261484227709898,3.532794548809037,9
2025,9,9,18,5,29.2,47.8,36.0,1005.5,1.7,0.0,0,2.0,0,0.0,0.0042605827377678,0.0072664981281168,4.737391954272678,3.823727517443661,5
2025,9,9,19,3,29.2,47.8,36.0,1005.5,1.7,0.0,0,17.0,0,0.0139868373707438,0.0171110500274874,0.0241894262781991,14.206066124986625,1.9220388025897646,14
2025,9,9,21,5,29.2,47.8,36.0,1005.5,1.7,0.0,0,1.0,0,0.0078135597818713,0.0,0.0,2.375575489353464,2.965616813346611,2
2025,9,9,23,6,29.2,47.8,36.0,1005.5,1.7,0.0,0,4.0,0,0.014012859817141,0.003930731170973,0.0103886056888667,8.950009728290864,2.13838110201465,9
2025,9,9,24,9,29.2,47.8,36.0,1005.5,1.7,0.0,0,18.0,0,0.0165088580807943,0.0132078064870807,0.0189398648928674,6.210004015458531,5.290561437245291,6
2025,9,9,26,1,29.2,47.8,36.0,1005.5,1.7,0.0,0,14.0,0,0.0144876420955532,0.0148295766904891,0.0209568016356527,17.939674622739936,1.882387647035984,18
2025,9,9,27,8,29.2,47.8,36.0,1005.5,1.7,0.0,0,20.0,0,0.01254781735804,0.0126855415063221,0.020791026012958,12.51858441825355,1.786417489324362,13
2025,9,9,28,8,29.2,47.8,36.0,1005.5,1.7,0.0,0,3.0,0,0.0049784313193519,0.0042605827377678,0.0136488596018622,9.60630861520263,2.220189360651729,10
2025,10,15,0,9,21.3,43.1,31.0,1018.9,2.3,0.0,0,10.0,0,0.0005328378396841,0.0044645952054128,0.0107800944302843,10.503237653921111,6.213876295913969,11
2025,10,15,1,1,21.3,43.1,31.0,1018.9,2.3,0.0,0,6.0,0,0.0106430942849725,0.0046448428379295,0.0062396412206297,10.49670751095213,6.21388429096674,10
2025,10,15,2,6,21.3,43.1,31.0,1018.9,2.3,0.0,0,4.0,0,0.011052969546268,0.0039931783203693,0.0076463460493877,10.49785149988262,6.213870692060618,10
2025,10,15,3,3,21.3,43.1,31.0,1018.9,2.3,0.0,0,14.0,0,0.01813014905797,0.0132689987937272,0.0142898926168887,10.479165994537928,6.21385845425615,10
2025,10,15,4,4,21.3,43.1,31.0,1018.9,2.3,0.0,0,16.0,0,0.0154522973508395,0.0107178015334913,0.0191228290087604,10.483781116579756,6.213859781704968,10
2025,10,15,6,0,21.3,43.1,31.0,1018.9,2.3,0.0,0,12.0,0,0.0198379626467011,0.0246107344397763,0.017562918703603,10.47923982022554,6.213861442050597,10
2025,10,15,9,0,21.3,43.1,31.0,1018.9,2.3,0.0,0,20.0,0,0.0085254054349459,0.010412767078463,0.0123260769648601,10.503082936529271,6.213884324316944,11
2025,10,15,10,7,21.3,43.1,31.0,1018.9,2.3,0.0,0,9.0,0,0.005984178814914,0.009372876890867,0.0118664605356619,10.516937655074637,6.213869677213524,11
2025,10,15,11,2,21.3,43.1,31.0,1018.9,2.3,0.0,0,5.0,0,0.0058338912191057,0.0073485573256797,0.0034958704160223,10.47996430319816,6.213858909500725,10
2025,10,15,12,4,21.3,43.1,31.0,1018.9,2.3,0.0,0,13.0,0,0.0222425641796346,0.0109673751785144,0.0177300519505842,10.4963991606314,6.213884655766528,10
2025,10,15,14,7,21.3,43.1,31.0,1018.9,2.3,0.0,0,19.0,0,0.0074324047381579,0.0087073471708054,0.0138163484171087,10.516822966556479,6.213869889851205,11
2025,10,15,15,2,21.3,43.1,31.0,1018.9,2.3,0.0,0,8.0,0,0.0094544560272158,0.0122848096953721,0.0010863661053773,10.479588248809831,6.213859436603122,10
2025,10,15,18,5,21.3,43.1,31.0,1018.9,2.3,0.0,0,7.0,0,0.0062574289891109,0.0003882256700357,0.0,10.50882094376567,6.213868940157048,11
2025,10,15,19,3,21.3,43.1,31.0,1018.9,2.3,0.0,0,15.0,0,0.0192914622983073,0.0145861930313491,0.0143177481580522,10.490891345770962,6.213865885803322,10
2025,10,15,21,5,21.3,43.1,31.0,1018.9,2.3,0.0,0,3.0,0,0.0137308212533984,0.0060868238980629,0.0100279948188693,10.509154803916791,6.213867262871752,11
2025,10,15,23,6,21.3,43.1,31.0,1018.9,2.3,0.0,0,1.0,0,0.0046725779787684,0.0,0.0021030933578461,10.4991363373937,6.213871772335822,10
2025,10,15,24,9,21.3,43.1,31.0,1018.9,2.3,0.0,0,17.0,0,0.0011203257142077,0.0070435228706514,0.0100279948188693,10.480202680862709,6.213858870833127,10
2025,10,15,26,1,21.3,43.1,31.0,1018.9,2.3,0.0,0,18.0,0,0.0137991337969478,0.5148149688726202,0.013858131728854,10.5,6.213885026809466,10
2025,10,15,27,8,21.3,43.1,31.0,1018.9,2.3,0.0,0,11.0,0,0.0100282813930295,0.0113140052410463,0.0247078650120473,10.479746283974839,6.213858324690469,10
2025,10,15,28,8,21.3,43.1,31.0,1018.9,2.3,0.0,0,2.0,0,0.0,0.0075288049581963,0.0038022813688212,10.4850433804374,6.213869477863558,10
2025,11,2,0,9,27.8,47.2,34.0,945.3,1.3,0.0,0,12.0,0,0.0061639864514356,0.0183493341591824,0.0153908339033641,10.645327066622375,4.68848728610429,11
2025,11,2,1,1,27.8,47.2,34.0,945.3,1.3,0.0,0,11.0,0,0.0095816423056971,0.0135800557448125,0.0142870468254461,10.884203370812235,4.081275016456868,11
2025,11,2,2,6,27.8,47.2,34.0,945.3,1.3,0.0,0,9.0,0,0.008971346617436,0.0148188293589347,0.01133325041975,8.835067497140612,4.081469202069776,9
2025,11,2,3,3,27.8,47.2,34.0,945.3,1.3,0.0,0,15.0,0,0.0182478410790027,0.0194332610715391,0.0161992413407126,10.91684637922699,4.075007355251824,11
2025,11,2,4,4,27.8,47.2,34.0,945.3,1.3,0.0,0,8.0,0,0.0050654542125658,0.0128677609166925,0.013338722716249,9.932416846999946,4.0850113850803575,10
2025,11,2,6,0,27.8,47.2,34.0,945.3,1.3,0.0,0,14.0,0,0.0107412041133928,0.0247135336017343,0.018997574777688,10.685086807524137,4.30707794036684,11
2025,11,2,9,0,27.8,47.2,34.0,945.3,1.3,0.0,0,10.0,0,0.0036312593451527,0.0159956642923505,0.0161992413407126,11.927411808875137,4.072667477427178,12
2025,11,2,10,7,27.8,47.2,34.0,945.3,1.3,0.0,0,13.0,0,0.0086661987733056,0.0149736760606998,0.0264131583856725,11.305232881783393,4.074916143373132,11
2025,11,2,11,2,27.8,47.2,34.0,945.3,1.3,0.0,0,4.0,0,0.0084983674590339,0.0144162279343449,0.0072445743423917,6.6576642585140995,4.213896676790767,7
2025,11,2,12,4,27.8,47.2,34.0,945.3,1.3,0.0,0,20.0,0,0.0091239205395013,0.0207184886961908,0.0149088987003296,10.5,4.937424637367807,10
2025,11,2,14,7,27.8,47.2,34.0,945.3,1.3,0.0,0,6.0,0,0.0098715327576209,0.0149117373799939,0.013338722716249,12.666250712057732,4.218988203744462,13
2025,11,2,15,2,27.8,47.2,34.0,945.3,1.3,0.0,0,2.0,0,0.0139868373707438,0.0094456488076803,0.0038865742180212,5.92541613155702,4.099249749322473,6
2025,11,2,18,5,27.8,47.2,34.0,945.3,1.3,0.0,0,1.0,0,0.0139868373707438,0.0,0.0,5.39565067667371,4.065723680057019,5
2025,11,2,19,3,27.8,47.2,34.0,945.3,1.3,0.0,0,17.0,0,0.0147691556559153,0.0173118612573551,0.0185778247621417,11.157043662566744,4.333436195921362,11
2025,11,2,21,5,27.8,47.2,34.0,945.3,1.3,0.0,0,3.0,0,0.0023648957920112,0.0024310932177144,0.0018344630309059,8.146206661503316,4.1022533638266285,8
2025,11,2,23,6,27.8,47.2,34.0,945.3,1.3,0.0,0,5.0,0,0.0,0.0100495509445648,0.010789130029227,8.552576427816891,4.080153935045882,9
2025,11,2,24,9,27.8,47.2,34.0,945.3,1.3,0.0,0,19.0,0,0.0072472612980988,0.019108082997832,0.0155773894658291,11.470922733103656,4.121130862370138,11
2025,11,2,26,1,27.8,47.2,34.0,945.3,1.3,0.0,0,16.0,0,0.0094290683836317,0.0068442242180242,0.0114731670915987,11.12541866926029,4.153747944419389,11
2025,11,2,27,8,27.8,47.2,34.0,945.3,1.3,0.0,0,18.0,0,0.0109853223886973,0.011025085165686,0.0126702319507492,9.558490186917965,4.084091382539028,10
2025,11,2,28,8,27.8,47.2,34.0,945.3,1.3,0.0,0,7.0,0,0.000991730493424,0.0049241251161349,0.0032647223431379,5.785093399360577,4.063264887237711,6
2025,12,6,0,9,19.9,27.4,76.0,994.9,4.0,0.0,0,14.0,0,0.0047415182065093,0.0119325067586464,0.0072633277971413,7.998524748878313,4.622372120523445,8
2025,12,6,1,1,19.9,27.4,76.0,994.9,4.0,0.0,0,9.0,0,0.0090457119182433,0.01235200894938,0.0163278673185337,10.449837678274905,4.82659820143384,10
2025,12,6,2,6,19.9,27.4,76.0,994.9,4.0,0.0,0,7.0,0,0.0054665561846891,0.0066071595040551,0.010807270345505,5.2343694933819735,4.709965094560249,5
2025,12,6,3,3,19.9,27.4,76.0,994.9,4.0,0.0,0,8.0,0,0.0144432168669153,0.0164305024704017,0.0071814545369481,11.96877966654094,4.6032118136055225,12
2025,12,6,4,4,19.9,27.4,76.0,994.9,4.0,0.0,0,17.0,0,0.0173203517009622,0.0126782884310617,0.0117312685676857,12.101744503353999,4.660720625783018,12
2025,12,6,6,0,19.9,27.4,76.0,994.9,4.0,0.0,0,20.0,0,0.0137411959674078,0.0171646313041856,0.0245502818779385,16.214991937351932,4.749683634533043,16
2025,12,6,9,0,19.9,27.4,76.0,994.9,4.0,0.0,0,10.0,0,0.0165722966441099,0.0158245548615643,0.027836908465695,16.976826519349554,4.706265750084485,17
2025,12,6,10,7,19.9,27.4,76.0,994.9,4.0,0.0,0,13.0,0,0.0037402752842609,0.0082502097510953,0.0073802895974174,8.5388279560874,4.662225780055642,9
2025,12,6,11,2,19.9,27.4,76.0,994.9,4.0,0.0,0,5.0,0,0.0,0.0035075044280787,0.0097546141430207,7.163798550388604,4.684097174273666,7
2025,12,6,12,4,19.9,27.4,76.0,994.9,4.0,0.0,0,19.0,0,0.0139868373707438,0.0157196793138809,0.0117078762076304,11.620800120049788,4.71392491998498,12
2025,12,6,14,7,19.9,27.4,76.0,994.9,4.0,0.0,0,16.0,0,0.00528241955531,0.0094154936142443,0.008865704460923,8.961019887005799,4.6413437767947,9
2025,12,6,15,2,19.9,27.4,76.0,994.9,4.0,0.0,0,6.0,0,0.002336233485246,0.0025869301761908,0.0,12.097255772008944,4.968125895143911,12
2025,12,6,18,5,19.9,27.4,76.0,994.9,4.0,0.0,0,3.0,0,0.0002646964047324,0.0,0.001263187442981,6.849149552132202,4.777684521959817,7
2025,12,6,19,3,19.9,27.4,76.0,994.9,4.0,0.0,0,15.0,0,0.0134074483266584,0.0131094434604269,0.0102809422442629,10.13490819974657,4.578877396706346,10
2025,12,6,21,5,19.9,27.4,76.0,994.9,4.0,0.0,0,2.0,0,0.0017262809004281,0.0054768341568005,0.0007953402418769,8.0613732517818,4.790050281305004,8
2025,12,6,23,6,19.9,27.4,76.0,994.9,4.0,0.0,0,4.0,0,0.0031188141601068,0.0082385569124638,0.007333504877307,4.942822018166089,4.69092381331997,5
2025,12,6,24,9,19.9,27.4,76.0,994.9,4.0,0.0,0,11.0,0,0.0117041845049027,0.0156497622820919,0.0097546141430207,10.231954898685121,4.649527599907659,10
2025,12,6,26,1,19.9,27.4,76.0,994.9,4.0,0.0,0,18.0,0,0.0109561294480504,0.0071548429197352,0.0245853704180213,9.128355374258158,4.709863192470195,9
2025,12,6,27,8,19.9,27.4,76.0,994.9,4.0,0.0,0,12.0,0,0.0139868373707438,0.0135639041670551,0.0070878850967273,10.407749852421588,4.591255435978076,10
2025,12,6,28,8,19.9,27.4,76.0,994.9,4.0,0.0,0,1.0,0,0.0062146112415412,0.0058031136384822,0.0010175676624013,6.111695724151779,4.668006831994262,6
2025,13,5,0,9,22.6,37.3,55.0,967.8,1.3,0.0,0,5.0,1,0.0121444394346316,0.0122848096953721,0.0268828972241567,8.975181251291243,4.851473230331519,9
2025,13,5,1,1,22.6,37.3,55.0,967.8,1.3,0.0,0,19.0,1,0.0107623845837172,0.0122848096953721,0.0190727290816834,9.866829244448226,5.341198768487564,10
2025,13,5,2,6,22.6,37.3,55.0,967.8,1.3,0.0,0,18.0,1,0.0093803297328026,0.0122848096953721,0.0485921798825987,9.843829392369642,4.87440788642607,10
2025,13,5,3,3,22.6,37.3,55.0,967.8,1.3,0.0,0,12.0,1,0.0299445217698142,0.0122848096953721,0.0134016515769574,9.987820189980987,4.996771864172832,10
2025,13,5,4,4,22.6,37.3,55.0,967.8,1.3,0.0,0,10.0,1,0.0121542412420849,0.0122848096953721,0.0138394189632871,9.066222409467708,4.848739620825508,9
2025,13,5,6,0,22.6,37.3,55.0,967.8,1.3,0.0,0,17.0,1,0.0276901060555565,0.0122848096953721,0.0306138692667396,11.034262243377523,5.102645773723775,11
2025,13,5,9,0,22.6,37.3,55.0,967.8,1.3,0.0,0,13.0,1,0.0186920468134323,0.0122848096953721,0.0143169833847377,11.056379806845191,5.044867317233328,11
2025,13,5,10,7,22.6,37.3,55.0,967.8,1.3,0.0,0,8.0,1,0.0107819881986237,0.0122848096953721,0.0145358670779026,8.743220137335975,4.831859228883597,9
2025,13,5,11,2,22.6,37.3,55.0,967.8,1.3,0.0,0,16.0,1,0.0104193213228518,0.0122848096953721,0.02883295194508,9.678991867436237,4.843896305087587,10
2025,13,5,12,4,22.6,37.3,55.0,967.8,1.3,0.0,0,14.0,1,0.0141930171923702,0.0122848096953721,0.0269326435180578,9.860873255366476,4.8555458061778065,10
2025,13,5,14,7,22.6,37.3,55.0,967.8,1.3,0.0,0,9.0,1,0.0142714316519965,0.0122848096953721,0.0165058203163863,8.863261229934992,4.832501337208927,9
2025,13,5,15,2,22.6,37.3,55.0,967.8,1.3,0.0,0,3.0,1,0.0088804375526846,0.0122848096953721,0.0076410307432096,8.351198364443157,4.833033655408475,8
2025,13,5,18,5,22.6,37.3,55.0,967.8,1.3,0.0,0,1.0,1,0.0049401109564602,0.0122848096953721,0.0061486419261764,9.91087209838108,4.861159087069405,10
2025,13,5,19,3,22.6,37.3,55.0,967.8,1.3,0.0,0,11.0,1,0.0151731979376995,0.0122848096953721,0.0104964680131329,10.379918652351236,5.609779641152983,10
2025,13,5,21,5,22.6,37.3,55.0,967.8,1.3,0.0,0,2.0,1,0.0,0.0122848096953721,0.0,9.438183966048394,4.869453295297059,9
2025,13,5,23,6,22.6,37.3,55.0,967.8,1.3,0.0,0,6.0,1,0.0056458410930975,0.0122848096953721,0.0181076509800019,8.90919221310524,4.850582574224272,9
2025,13,5,24,9,22.6,37.3,55.0,967.8,1.3,0.0,0,15.0,1,0.0117131599066867,0.0122848096953721,0.0124465227340562,5.22823707310242,4.91327955266269,5
2025,13,5,26,1,22.6,37.3,55.0,967.8,1.3,0.0,0,20.0,1,0.0106839701240907,0.0122848096953721,0.0221470500447716,11.551367901536965,4.991133867213975,12
2025,13,5,27,8,22.6,37.3,55.0,967.8,1.3,0.0,0,7.0,1,0.0242104644096371,0.0122848096953721,0.0166550591980896,12.247905482497059,5.111127404490922,12
2025,13,5,28,8,22.6,37.3,55.0,967.8,1.3,0.0,0,4.0,1,0.0039599302111308,0.0122848096953721,0.0047457964381652,7.896168313637726,4.837309307434848,8
2025,14,17,0,9,28.3,41.0,36.0,983.4,1.9,0.0,0,20.0,0,0.0122547730500182,0.0184729715434254,0.021544129424956,8.460141895952994,6.2640117742848345,8
2025,14,17,1,1,28.3,41.0,36.0,983.4,1.9,0.0,0,5.0,0,0.0139868373707438,0.0080529990479214,0.0117197928346414,9.386628209700913,6.279128890091221,9
2025,14,17,2,6,28.3,41.0,36.0,983.4,1.9,0.0,0,15.0,0,0.0108872876452951,0.0118480905532635,0.0110657269475146,10.493219907123793,7.012676024340799,10
2025,14,17,3,3,28.3,41.0,36.0,983.4,1.9,0.0,0,11.0,0,0.0108609898490505,0.0124695863746958,0.0161647712104223,7.567161707821515,6.223584880144249,8
2025,14,17,4,4,28.3,41.0,36.0,983.4,1.9,0.0,0,7.0,0,0.0210382369957396,0.0174812228922035,0.01417587698222,8.790622300696239,6.213000175141198,9
2025,14,17,6,0,28.3,41.0,36.0,983.4,1.9,0.0,0,14.0,0,0.0185662441487402,0.0202977890616736,0.0177665652197127,11.029403240683644,6.458227906583876,11
2025,14,17,9,0,28.3,41.0,36.0,983.4,1.9,0.0,0,17.0,0,0.0140824698890232,0.0187638844811172,0.022078060761386,12.11152451811018,6.256596762240842,12
2025,14,17,10,7,28.3,41.0,36.0,983.4,1.9,0.0,0,10.0,0,0.00827065691895,0.0106183222257485,0.0272304981579369,8.254178016787629,6.297358104141242,8
2025,14,17,11,2,28.3,41.0,36.0,983.4,1.9,0.0,0,12.0,0,0.0089675485194339,0.0093224373214852,0.0102514816594586,10.429346334048512,7.012753973652929,10
2025,14,17,12,4,28.3,41.0,36.0,983.4,1.9,0.0,0,19.0,0,0.0139868373707438,0.0139638210092035,0.0148032463025256,7.840375912956869,6.222444335912178,8
2025,14,17,14,7,28.3,41.0,36.0,983.4,1.9,0.0,0,9.0,0,0.0148845526744857,0.0157092986353538,0.0194217523626461,9.004819747588282,6.28196613415405,9
2025,14,17,15,2,28.3,41.0,36.0,983.4,1.9,0.0,0,1.0,0,0.0028533108925471,0.0052761028245001,0.0053259650808906,6.813078358903441,6.247386538777118,7
2025,14,17,18,5,28.3,41.0,36.0,983.4,1.9,0.0,0,3.0,0,0.0,0.0,0.000427145069144,6.580994093273806,6.260204333322349,7
2025,14,17,19,3,28.3,41.0,36.0,983.4,1.9,0.0,0,18.0,0,0.0125177510124651,0.0142811805775943,0.0215574777083668,7.750307498080339,6.220679862588449,8
2025,14,17,21,5,28.3,41.0,36.0,983.4,1.9,0.0,0,2.0,0,0.0002498290643242,0.0038479847667408,0.0,7.676610070245513,6.245675377377783,8
2025,14,17,23,6,28.3,41.0,36.0,983.4,1.9,0.0,0,4.0,0,0.0114789880608003,0.0104860890722522,0.0123338138715362,12.61063426696661,6.299251980996936,13
2025,14,17,24,9,28.3,41.0,36.0,983.4,1.9,0.0,0,13.0,0,0.0150291905538314,0.0165291441870305,0.0203694804848096,8.79022826832326,6.25888017302648,9
2025,14,17,26,1,28.3,41.0,36.0,983.4,1.9,0.0,0,6.0,0,0.0119129016988375,0.0065455410980641,0.0121736344706071,12.187966807009222,6.254783268048885,12
2025,14,17,27,8,28.3,41.0,36.0,983.4,1.9,0.0,0,16.0,0,0.0176326723820543,0.0113852745160267,0.0261893320518981,8.359197369472707,6.21485878314498,8
2025,14,17,28,8,28.3,41.0,36.0,983.4,1.9,0.0,0,8.0,0,0.0116762215326354,0.0154316090130117,0.0166319611297988,7.483798032231342,6.237306757119539,7
2025,15,8,0,9,20.6,34.2,64.0,1006.1,4.0,0.0,0,15.0,0,0.0127066791883662,0.0266990985834883,0.01633996404338,11.527963972755524,2.540279619410372,12
2025,15,8,1,1,20.6,34.2,64.0,1006.1,4.0,0.0,0,10.0,0,0.008011041862318,0.0012448132780083,0.0182682827814186,3.5827603931380363,1.3552209926996752,4
2025,15,8,2,6,20.6,34.2,64.0,1006.1,4.0,0.0,0,11.0,0,0.0568741284612538,0.0185291171841465,0.0250101490459898,11.165118869835368,1.4945390521756436,11
2025,15,8,3,3,20.6,34.2,64.0,1006.1,4.0,0.0,0,19.0,0,0.0325279603858958,0.0174989268851051,0.0235312880589225,15.294210094963747,1.7846627806406832,15
2025,15,8,4,4,20.6,34.2,64.0,1006.1,4.0,0.0,0,13.0,0,0.0175161501465607,0.0204607239948489,0.0201386069709448,17.39011180706971,1.2487988460316433,17
2025,15,8,6,0,20.6,34.2,64.0,1006.1,4.0,0.0,0,16.0,0,0.0284299496286176,0.0152668479038488,0.030186162500725,15.957802159196248,1.429981478781671,16
2025,15,8,9,0,20.6,34.2,64.0,1006.1,4.0,0.0,0,14.0,0,0.0189959873644667,0.0319358992702818,0.0288667865220669,10.243959256767353,4.101580556947299,10
2025,15,8,10,7,20.6,34.2,64.0,1006.1,4.0,0.0,0,4.0,0,0.0212584308033808,0.0122848096953721,0.0173113727309633,12.365925402797266,1.425057225293267,12
2025,15,8,11,2,20.6,34.2,64.0,1006.1,4.0,0.0,0,7.0,0,0.0239335211588262,0.0121333524109314,0.0203125906164822,10.186440677966102,5.18526302842397,10
2025,15,8,12,4,20.6,34.2,64.0,1006.1,4.0,0.0,0,17.0,0,0.0227240388172684,0.0170267563313778,0.023589282607435,17.6556650223022,1.2395598049792433,18
2025,15,8,14,7,20.6,34.2,64.0,1006.1,4.0,0.0,0,8.0,0,0.0209880759270325,0.0207325797682071,0.01925419010613,16.047831245927025,2.9783753484882802,16
2025,15,8,15,2,20.6,34.2,64.0,1006.1,4.0,0.0,0,6.0,0,0.0238054583226612,0.0135069394763199,0.0140056834657543,6.056666881123526,1.7891240791695715,6
2025,15,8,18,5,20.6,34.2,64.0,1006.1,4.0,0.0,0,2.0,0,0.0,0.0,0.0,0.6931354425443406,1.403543494639217,1
2025,15,8,19,3,20.6,34.2,64.0,1006.1,4.0,0.0,0,18.0,0,0.0265516946981985,0.0210473601373587,0.0265180073073132,15.844203778210105,1.7203240004344422,16
2025,15,8,21,5,20.6,34.2,64.0,1006.1,4.0,0.0,0,1.0,0,0.0041549275733513,0.0012734296752038,0.0035086701850026,1.2431914191477063,1.2995381292962116,1
2025,15,8,23,6,20.6,34.2,64.0,1006.1,4.0,0.0,0,5.0,0,0.0157659580523064,0.0054943482615538,0.0128457924955055,3.533571071885855,1.1898692012513787,4
2025,15,8,24,9,20.6,34.2,64.0,1006.1,4.0,0.0,0,9.0,0,0.016790460741626,0.0256402918872514,0.0136432175375515,12.205035220023507,1.6309458083193744,12
2025,15,8,26,1,20.6,34.2,64.0,1006.1,4.0,0.0,0,20.0,0,0.0071288312131818,0.0298325940764056,0.0163979585918923,13.51215669891632,2.115384022459945,14
2025,15,8,27,8,20.6,34.2,64.0,1006.1,4.0,0.0,0,12.0,0,0.0262955690258686,0.0129489197310058,0.0199646233254075,1.558939916459467,2.3146766350422134,2
2025,15,8,28,8,20.6,34.2,64.0,1006.1,4.0,0.0,0,3.0,0,0.0133754517772275,0.0084132207755042,0.0138172011830888,0.46636204994196184,1.7465329359844834,0
2025,16,12,0,9,26.6,42.45,36.0,998.6,1.5,0.0,0,14.0,0,0.0119325486476027,0.0037682465760284,0.0049035055652896,2.9160493830269463,0.41249288443538057,3
2025,16,12,1,1,26.6,42.45,36.0,998.6,1.5,0.0,0,9.0,0,0.0124443002109414,0.0096021432684843,0.0066808687650477,10.253225973210155,1.5566813425405381,10
2025,16,12,2,6,26.6,42.45,36.0,998.6,1.5,0.0,0,7.0,0,0.0102724765031141,0.0186409274143068,0.0046009756589478,8.802568821856152,2.0253489327509997,9
2025,16,12,3,3,26.6,42.45,36.0,998.6,1.5,0.0,0,11.0,0,0.024227067913177,0.0091264177871253,0.0110675524070035,14.816156931968386,1.3378593017274587,15
2025,16,12,4,4,26.6,42.45,36.0,998.6,1.5,0.0,0,8.0,0,0.0131682414468838,0.0074738976939832,0.0028614286974827,3.702538392476752,0.6351475687635195,4
2025,16,12,6,0,26.6,42.45,36.0,998.6,1.5,0.0,0,18.0,0,0.0139868373707438,0.021107188462405,0.0088616051732614,17.207953028962574,3.2114348936868957,17
2025,16,12,9,0,26.6,42.45,36.0,998.6,1.5,0.0,0,19.0,0,0.0191719610070272,0.015323368136408,0.0115465580920446,11.27942362493337,0.7921563709352628,11
2025,16,12,10,7,26.6,42.45,36.0,998.6,1.5,0.0,0,16.0,0,0.0129934970106219,0.0063221412654297,0.0034286722718734,16.11384467440839,4.168884166618048,16
2025,16,12,11,2,26.6,42.45,36.0,998.6,1.5,0.0,0,5.0,0,0.0,0.0024036655900247,0.0033656452080522,4.896648978666608,1.8133547541165493,5
2025,16,12,12,4,26.6,42.45,36.0,998.6,1.5,0.0,0,12.0,0,0.0132556136650148,0.0045444302561406,0.0051177975822817,4.53896765078205,3.371320906990624,5
2025,16,12,14,7,26.6,42.45,36.0,998.6,1.5,0.0,0,20.0,0,0.013530212064855,0.0116803124765267,0.010096935624157,15.194567830604353,2.3763225974315483,15
2025,16,12,15,2,26.6,42.45,36.0,998.6,1.5,0.0,0,4.0,0,0.0021094149805908,0.0010390846040211,0.000264713668049,1.8632137086357101,0.38488413528820575,2
2025,16,12,18,5,26.6,42.45,36.0,998.6,1.5,0.0,0,2.0,0,0.0112834978843441,0.0,0.0,-0.06857828531270549,0.8935239559963564,0
2025,16,12,19,3,26.6,42.45,36.0,998.6,1.5,0.0,0,15.0,0,0.0190346618071069,0.0097148150930168,0.0122650666196064,15.047118795634715,1.121489616927033,15
2025,16,12,21,5,26.6,42.45,36.0,998.6,1.5,0.0,0,3.0,0,0.0139868373707438,0.0022659555822629,0.0020798931060996,0.5086198128577468,0.8301256734809189,1
2025,16,12,23,6,26.6,42.45,36.0,998.6,1.5,0.0,0,6.0,0,0.0123943732291523,0.0049825984626555,0.0023193959486203,1.545974435205217,0.7267242994603197,2
2025,16,12,24,9,26.6,42.45,36.0,998.6,1.5,0.0,0,13.0,0,0.006652770323402,0.0012018327950124,0.0072607177522027,3.2423964140477706,0.431775482712444,3
2025,16,12,26,1,26.6,42.45,36.0,998.6,1.5,0.0,0,17.0,0,0.0147034961368997,0.0081374095495631,0.0115465580920446,14.597662867773954,1.6151575397541253,15
2025,16,12,27,8,26.6,42.45,36.0,998.6,1.5,0.0,0,10.0,0,0.0146660509005578,0.0048949648213526,0.0091767404923673,4.8706633014477205,1.563728732357245,5
2025,16,12,28,8,26.6,42.45,36.0,998.6,1.5,0.0,0,1.0,0,0.0071770036321877,0.0024912992313277,0.0021051039316282,2.156875002530917,0.3522341983242783,2
2025,17,3,0,9,20.8,26.7,60.0,1013.6,2.1,0.0,0,19.0,0,0.0083638417198941,0.0087271578490122,0.0075081750195114,10.25,4.863838291749347,10
2025,17,3,1,1,20.8,26.7,60.0,1013.6,2.1,0.0,0,11.0,0,0.0139721919302072,0.0165263147502788,0.0135147150351204,10.25,4.863838291749347,10
2025,17,3,2,6,20.8,26.7,60.0,1013.6,2.1,0.0,0,4.0,0,0.0124727371864777,0.004797962346855,0.0064511030101854,10.25,4.863838291749347,10
2025,17,3,3,3,20.8,26.7,60.0,1013.6,2.1,0.0,0,15.0,0,0.0140890325595887,0.0059036656037435,0.0075279333748258,10.25,4.863838291749347,10
2025,17,3,4,4,20.8,26.7,60.0,1013.6,2.1,0.0,0,13.0,0,0.0134658825362206,0.0125181404440583,0.0181480493563716,10.25,4.863838291749347,10
2025,17,3,6,0,20.8,26.7,60.0,1013.6,2.1,0.0,0,16.0,0,0.0252667861037546,0.0200309991805948,0.0154707922112563,10.25,4.863838291749347,10
2025,17,3,9,0,20.8,26.7,60.0,1013.6,2.1,0.0,0,18.0,0,0.0264254556784547,0.0136337160514546,0.0207363939025715,10.25,4.863838291749347,10
2025,17,3,10,7,20.8,26.7,60.0,1013.6,2.1,0.0,0,8.0,0,0.0123753699953263,0.0113532030841222,0.0103138614741708,10.25,4.863838291749347,10
2025,17,3,11,2,20.8,26.7,60.0,1013.6,2.1,0.0,0,12.0,0,0.0134658825362206,0.0,0.0027266530334014,10.25,4.863838291749347,10
2025,17,3,12,4,20.8,26.7,60.0,1013.6,2.1,0.0,0,17.0,0,0.0124824739055928,0.0150750792256126,0.0119044090769884,10.25,4.863838291749347,10
2025,17,3,14,7,20.8,26.7,60.0,1013.6,2.1,0.0,0,3.0,0,0.0116743262190373,0.0068711559535209,0.0091184809776434,10.25,4.863838291749347,10
2025,17,3,15,2,20.8,26.7,60.0,1013.6,2.1,0.0,0,10.0,0,0.0053746689515501,0.0007305539375869,0.0097408691700503,10.25,4.863838291749347,10
2025,17,3,18,5,20.8,26.7,60.0,1013.6,2.1,0.0,0,7.0,0,0.0,0.0089443495601867,0.0,10.25,4.863838291749347,10
2025,17,3,19,3,20.8,26.7,60.0,1013.6,2.1,0.0,0,20.0,0,0.0168932076647452,0.0086284343439328,0.0162512472461791,10.25,4.863838291749347,10
2025,17,3,21,5,20.8,26.7,60.0,1013.6,2.1,0.0,0,9.0,0,0.0030183829256893,0.0098920952089482,0.002509311124942,10.25,4.863838291749347,10
2025,17,3,23,6,20.8,26.7,60.0,1013.6,2.1,0.0,0,5.0,0,0.0053844056706653,0.0047091111922836,0.0073204706440235,10.25,4.863838291749347,10
2025,17,3,24,9,20.8,26.7,60.0,1013.6,2.1,0.0,0,2.0,0,0.0112459105779716,0.0094972011886308,0.012477401381109,10.25,4.863838291749347,10
2025,17,3,26,1,20.8,26.7,60.0,1013.6,2.1,0.0,0,14.0,0,0.0158221685620813,0.014591334050724,0.0210130108769745,10.25,4.863838291749347,10
2025,17,3,27,8,20.8,26.7,60.0,1013.6,2.1,0.0,0,6.0,0,0.0100677675650413,0.0113630754346301,0.0159746302717762,10.25,4.863838291749347,10
2025,17,3,28,8,20.8,26.7,60.0,1013.6,2.1,0.0,0,1.0,0,0.010574076959028,0.0060122614593307,0.0021931774399098,10.25,4.863838291749347,10
2025,18,23,0,9,29.8,34.849999999999994,69.0,1011.4,1.65,0.0,0,19.0,0,0.2843957153518591,0.0148378420089512,0.0057682921418113,10.500003575301296,6.125224701299764,11
2025,18,23,1,1,29.8,34.849999999999994,69.0,1011.4,1.65,0.0,0,10.0,0,0.0,0.0017968560530898,0.0085969738651995,6.70044183694837,3.3240318416229915,7
2025,18,23,2,6,29.8,34.849999999999994,69.0,1011.4,1.65,0.0,0,4.0,0,0.0140809517538083,0.0221024318186828,0.0009872653858099,3.8274188366679045,2.5303736778778827,4
2025,18,23,3,3,29.8,34.849999999999994,69.0,1011.4,1.65,0.0,0,9.0,0,0.0156064796523113,0.0109905857971206,0.0072214580467676,7.304956778793647,2.305447379119865,7
2025,18,23,4,4,29.8,34.849999999999994,69.0,1011.4,1.65,0.0,0,14.0,0,0.0164076561745467,0.0176929691117137,0.0060899853574123,6.624965321547165,2.292622040161442,7
2025,18,23,6,0,29.8,34.849999999999994,69.0,1011.4,1.65,0.0,0,16.0,0,0.0242328460424074,0.0267323676610004,0.0099724896836313,10.817224977774524,3.3814862169506625,11
2025,18,23,9,0,29.8,34.849999999999994,69.0,1011.4,1.65,0.0,0,18.0,0,0.013850476315905,0.0192252574023855,0.0165838399077073,16.480616167160537,2.5163203283162163,16
2025,18,23,10,7,29.8,34.849999999999994,69.0,1011.4,1.65,0.0,0,8.0,0,0.0070130383247727,0.0014551226932998,0.0037826685006878,14.567153286669882,4.735968041413698,15
2025,18,23,11,2,29.8,34.849999999999994,69.0,1011.4,1.65,0.0,0,6.0,0,0.0039949075903244,0.0085653813082875,0.0045591693659315,3.0711684595719824,3.2368125979937,3
2025,18,23,12,4,29.8,34.849999999999994,69.0,1011.4,1.65,0.0,0,11.0,0,0.0131590500021949,0.014937054919858,0.0054244131872033,7.401690913088785,4.100049950713451,7
2025,18,23,14,7,29.8,34.849999999999994,69.0,1011.4,1.65,0.0,0,12.0,0,0.0147614030466657,0.0212866812178935,0.0386031858721214,10.349925461042288,5.842802058694835,10
2025,18,23,15,2,29.8,34.849999999999994,69.0,1011.4,1.65,0.0,0,7.0,0,0.001646253127881,0.0082897898891019,0.005579713360252,7.551263008392783,2.392844470225939,8
2025,18,23,18,5,29.8,34.849999999999994,69.0,1011.4,1.65,0.0,0,5.0,0,0.0063874621361779,0.0053244262186653,0.0009872653858099,2.3815650654135645,2.8078689071225034,2
2025,18,23,19,3,29.8,34.849999999999994,69.0,1011.4,1.65,0.0,0,17.0,0,0.0111067211027701,0.006437815552175,0.0070550650042154,7.211602870761994,2.334671418943921,7
2025,18,23,21,5,29.8,34.849999999999994,69.0,1011.4,1.65,0.0,0,3.0,0,0.0040058826111769,0.0,0.0001885787815593,3.5406599310209392,2.8932597542942795,4
2025,18,23,23,6,29.8,34.849999999999994,69.0,1011.4,1.65,0.0,0,1.0,0,0.0112274463321479,0.0277465440836033,0.0005435506056707,3.694540594584348,2.6191621205875184,4
2025,18,23,24,9,29.8,34.849999999999994,69.0,1011.4,1.65,0.0,0,20.0,0,0.0076386145133675,0.0064488392089424,0.0027066601588498,5.339114959592298,2.6436981253221017,5
2025,18,23,26,1,29.8,34.849999999999994,69.0,1011.4,1.65,0.0,0,15.0,0,0.021050089995171,0.0056000176378507,0.0123352708878733,14.95613454465282,3.5465111353900234,15
2025,18,23,27,8,29.8,34.849999999999994,69.0,1011.4,1.65,0.0,0,13.0,0,0.0081654155142894,0.0109575148268183,0.0143319873985002,10.5,6.12522470130132,10
2025,18,23,28,8,29.8,34.849999999999994,69.0,1011.4,1.65,0.0,0,2.0,0,0.0030291057553008,0.0015763829177414,0.0,4.271997526528781,3.5285419437209224,4
2025,19,24,0,9,34.0,45.7,36.0,989.4,1.8,0.0,0,19.0,1,0.0139868373707438,0.0122848096953721,0.0134689908416667,15.081003611140705,2.327489257005996,15
2025,19,24,1,1,34.0,45.7,36.0,989.4,1.8,0.0,0,10.0,1,0.0139868373707438,0.0122848096953721,0.0134689908416667,13.861492220481718,1.9976728201882157,14
2025,19,24,2,6,34.0,45.7,36.0,989.4,1.8,0.0,0,7.0,1,0.0139868373707438,0.0122848096953721,0.0134689908416667,8.38717905875015,2.010328753972213,8
2025,19,24,3,3,34.0,45.7,36.0,989.4,1.8,0.0,0,8.0,1,0.0139868373707438,0.0122848096953721,0.0134689908416667,12.95833195996709,2.411317920584203,13
2025,19,24,4,4,34.0,45.7,36.0,989.4,1.8,0.0,0,16.0,1,0.0139868373707438,0.0122848096953721,0.0134689908416667,9.500126481306735,1.9153113002930218,10
2025,19,24,6,0,34.0,45.7,36.0,989.4,1.8,0.0,0,15.0,1,0.0139868373707438,0.0122848096953721,0.0134689908416667,9.159629464673529,2.01788784452314,9
2025,19,24,9,0,34.0,45.7,36.0,989.4,1.8,0.0,0,14.0,1,0.0139868373707438,0.0122848096953721,0.0134689908416667,9.159628438945857,2.017878673799769,9
2025,19,24,11,2,34.0,45.7,36.0,989.4,1.8,0.0,0,5.0,1,0.0139868373707438,0.0122848096953721,0.0134689908416667,7.053780661504399,3.8812946990869306,7
2025,19,24,12,4,34.0,45.7,36.0,989.4,1.8,0.0,0,11.0,1,0.0139868373707438,0.0122848096953721,0.0134689908416667,10.849125522896008,2.5969610537385095,11
2025,19,24,14,7,34.0,45.7,36.0,989.4,1.8,0.0,0,12.0,1,0.0139868373707438,0.0122848096953721,0.0134689908416667,11.190485652475804,2.3288633137357477,11
2025,19,24,15,2,34.0,45.7,36.0,989.4,1.8,0.0,0,3.0,1,0.0139868373707438,0.0122848096953721,0.0134689908416667,9.500125720252,1.9153116643115453,10
2025,19,24,18,5,34.0,45.7,36.0,989.4,1.8,0.0,0,2.0,1,0.0139868373707438,0.0122848096953721,0.0134689908416667,7.773302993535125,2.150177009022419,8
2025,19,24,19,3,34.0,45.7,36.0,989.4,1.8,0.0,0,17.0,1,0.0139868373707438,0.0122848096953721,0.0134689908416667,13.436184472187973,3.9977773160366055,13
2025,19,24,21,5,34.0,45.7,36.0,989.4,1.8,0.0,0,6.0,1,0.0139868373707438,0.0122848096953721,0.0134689908416667,9.587644898577995,4.17191246360499,10
2025,19,24,23,6,34.0,45.7,36.0,989.4,1.8,0.0,0,4.0,1,0.0139868373707438,0.0122848096953721,0.0134689908416667,8.387175271647589,2.0103270925122976,8
2025,19,24,24,9,34.0,45.7,36.0,989.4,1.8,0.0,0,9.0,1,0.0139868373707438,0.0122848096953721,0.0134689908416667,16.263702643063834,3.7151239253783475,16
2025,19,24,26,1,34.0,45.7,36.0,989.4,1.8,0.0,0,18.0,1,0.0139868373707438,0.0122848096953721,0.0134689908416667,10.790809784329715,2.5285550524008875,11
2025,19,24,27,8,34.0,45.7,36.0,989.4,1.8,0.0,0,13.0,1,0.0139868373707438,0.0122848096953721,0.0134689908416667,11.674653248964892,2.3439205113520103,12
2025,19,24,28,8,34.0,45.7,36.0,989.4,1.8,0.0,0,1.0,1,0.0139868373707438,0.0122848096953721,0.0134689908416667,11.67465575311539,2.3439217614832124,12
2025,20,10,0,9,26.2,45.9,27.0,780.5,2.0,0.0,0,17.0,0,0.0128093901505486,0.0189037626628076,0.0177599728576462,16.799591809825255,4.411219369418575,17
2025,20,10,1,1,26.2,45.9,27.0,780.5,2.0,0.0,0,14.0,0,0.0139321255422301,0.00705499276411,0.0258113345425601,15.300110223069222,2.1791201597354175,15
2025,20,10,2,6,26.2,45.9,27.0,780.5,2.0,0.0,0,6.0,0,0.0013651441694309,0.0022482943973538,0.0080905093106103,6.156156524393143,1.298136826838309,6
2025,20,10,3,3,26.2,45.9,27.0,780.5,2.0,0.0,0,10.0,0,0.0139868373707438,0.0135672937771345,0.0184385317030523,14.273760786751446,1.6509259269298386,14
2025,20,10,4,4,26.2,45.9,27.0,780.5,2.0,0.0,0,16.0,0,0.0068384792038785,0.0120296671490593,0.0116529432489919,9.54074339963797,1.2849410127070575,10
2025,20,10,6,0,26.2,45.9,27.0,780.5,2.0,0.0,0,20.0,0,0.012133197244195,0.0171723175522018,0.025419858285595,15.901277408522649,1.3055130503488876,16
2025,20,10,9,0,26.2,45.9,27.0,780.5,2.0,0.0,0,18.0,0,0.0139868373707438,0.0232840603679967,0.0232145420380255,11.469968840380078,1.7725165786410455,11
2025,20,10,10,7,26.2,45.9,27.0,780.5,2.0,0.0,0,9.0,0,0.01312834906864,0.011486975397974,0.0099565461354769,9.206476726707406,1.3000072792416204,9
2025,20,10,11,2,26.2,45.9,27.0,780.5,2.0,0.0,0,3.0,0,0.0139868373707438,0.0038763696506098,0.0045019769550976,4.973841524295929,3.5312335100737346,5
2025,20,10,12,4,26.2,45.9,27.0,780.5,2.0,0.0,0,13.0,0,0.0048481755549886,0.0123526979532768,0.013453734031031,8.716308175753902,2.3170780121905974,9
2025,20,10,14,7,26.2,45.9,27.0,780.5,2.0,0.0,0,15.0,0,0.0139868373707438,0.0106729377713459,0.0119922226716951,9.613265375220852,1.280657837898889,10
2025,20,10,15,2,26.2,45.9,27.0,780.5,2.0,0.0,0,2.0,0,0.0,0.0019769485218111,0.0073858520480733,3.665695145572861,2.7070190272454266,4
2025,20,10,18,5,26.2,45.9,27.0,780.5,2.0,0.0,0,1.0,0,0.0139868373707438,0.0032432292743436,0.0,16.762464413394664,3.7843915587070898,17
2025,20,10,19,3,26.2,45.9,27.0,780.5,2.0,0.0,0,12.0,0,0.0083949987241643,0.0112931569154435,0.012279305260136,10.435085075009356,2.6072362227202044,10
2025,20,10,21,5,26.2,45.9,27.0,780.5,2.0,0.0,0,8.0,0,0.0051543761163563,0.0108538350217077,0.0078164759307348,7.128990231485089,1.5235538885866264,7
2025,20,10,23,6,26.2,45.9,27.0,780.5,2.0,0.0,0,4.0,0,0.0139868373707438,0.0056465784577216,0.0066811947855362,6.710023356895205,1.2556198589096006,7
2025,20,10,24,9,26.2,45.9,27.0,780.5,2.0,0.0,0,7.0,0,0.0139868373707438,0.0070679139962786,0.0152414756045046,10.697930016970819,1.3897712717839914,11
2025,20,10,26,1,26.2,45.9,27.0,780.5,2.0,0.0,0,19.0,0,0.0139868373707438,0.0072617324788091,0.012592486265708,16.119939244066366,1.8683133236493963,16
2025,20,10,27,8,26.2,45.9,27.0,780.5,2.0,0.0,0,11.0,0,0.0090584332737944,0.0063443249948315,0.0102044810982215,14.82152624108738,1.924196314772788,15
2025,20,10,28,8,26.2,45.9,27.0,780.5,2.0,0.0,0,5.0,0,0.0139868373707438,0.0,0.0079469680163899,8.671831613527289,1.2800598398644105,9
2025,21,16,0,9,26.0,39.6,56.0,918.4,1.4,0.0,0,12.0,1,0.0118899607002502,0.0122848096953721,0.0082318790347039,7.9546591203235995,4.571421957024772,8
2025,21,16,1,1,26.0,39.6,56.0,918.4,1.4,0.0,0,11.0,1,0.0090175062522329,0.0122848096953721,0.0012564446947706,12.255598278117226,5.385612775985818,12
2025,21,16,2,6,26.0,39.6,56.0,918.4,1.4,0.0,0,2.0,1,0.0109896391568418,0.0122848096953721,0.0014008636252041,3.2845541680895236,1.225615487239948,3
2025,21,16,3,3,26.0,39.6,56.0,918.4,1.4,0.0,0,8.0,1,0.0140907466952483,0.0122848096953721,0.0101526508094681,11.070800937522671,2.741508075974323,11
2025,21,16,6,0,26.0,39.6,56.0,918.4,1.4,0.0,0,18.0,1,0.0169346195069668,0.0122848096953721,0.0173013878659215,16.020579468379825,4.75485034211776,16
2025,21,16,9,0,26.0,39.6,56.0,918.4,1.4,0.0,0,9.0,1,0.0100893176134334,0.0122848096953721,0.0087951128633942,6.853889847944665,2.0831473873375526,7
2025,21,16,10,7,26.0,39.6,56.0,918.4,1.4,0.0,0,5.0,1,0.0104608788853161,0.0122848096953721,0.0052712909608192,15.661542762722998,1.2267673163820332,16
2025,21,16,11,2,26.0,39.6,56.0,918.4,1.4,0.0,0,13.0,1,0.0221650589496248,0.0122848096953721,0.0082029952486173,8.18589335529378,1.3311280418482765,8
2025,21,16,12,4,26.0,39.6,56.0,918.4,1.4,0.0,0,10.0,1,0.0088460164344408,0.0122848096953721,0.0071054113773234,7.471452660785731,0.8445874228003465,7
2025,21,16,14,7,26.0,39.6,56.0,918.4,1.4,0.0,0,7.0,1,0.0117041800643087,0.0122848096953721,0.020550813800673,19.480834112174275,3.4816692125309805,19
2025,21,16,15,2,26.0,39.6,56.0,918.4,1.4,0.0,0,3.0,1,0.0216934619506966,0.0122848096953721,0.0069609924468899,2.5116041229888273,0.9525621512224314,3
2025,21,16,18,5,26.0,39.6,56.0,918.4,1.4,0.0,0,1.0,1,0.0,0.0122848096953721,0.0,6.380269601542125,1.2599273931332666,6
2025,21,16,19,3,26.0,39.6,56.0,918.4,1.4,0.0,0,17.0,1,0.0133047516970348,0.0122848096953721,0.0235258437676011,10.5,6.251642725287447,10
2025,21,16,21,5,26.0,39.6,56.0,918.4,1.4,0.0,0,4.0,1,0.0003286888174349,0.0122848096953721,0.0024984474964978,5.4069817638000375,1.6989001961764385,5
2025,21,16,23,6,26.0,39.6,56.0,918.4,1.4,0.0,0,6.0,1,0.0095748481600571,0.0122848096953721,0.002036306919111,5.084555025716003,0.9614383475831243,5
2025,21,16,24,9,26.0,39.6,56.0,918.4,1.4,0.0,0,15.0,1,0.0101607717041802,0.0122848096953721,0.0271074332423495,19.767675601434377,0.7932176561856534,20
2025,21,16,26,1,26.0,39.6,56.0,918.4,1.4,0.0,0,14.0,1,0.0156484458735262,0.0122848096953721,0.0058345247895095,11.850032804558364,4.52883334685201,12
2025,21,16,27,8,26.0,39.6,56.0,918.4,1.4,0.0,0,19.0,1,0.0255519828510183,0.0122848096953721,0.0209263030197998,19.63412806951861,0.8424756285353484,20
2025,21,16,28,8,26.0,39.6,56.0,918.4,1.4,0.0,0,16.0,1,0.0199071096820293,0.0122848096953721,0.0048669179556056,2.86547269090027,1.1290464418531008,3
2025,22,19,0,9,11.7,12.6,65.0,946.0,1.6,0.0,0,16.0,0,0.0017510179110145,0.0049678425674663,0.0087290280051884,10.48135087702769,6.108550156636892,10
2025,22,19,1,1,11.7,12.6,65.0,946.0,1.6,0.0,0,7.0,0,0.0099575958313114,0.0150637806884467,0.015799434367491,10.515846171479879,6.108522156033166,11
2025,22,19,2,6,11.7,12.6,65.0,946.0,1.6,0.0,0,17.0,0,0.0077635492922089,0.0003098224396914,0.0141514449146235,10.497235967220604,6.108526138497348,10
2025,22,19,3,3,11.7,12.6,65.0,946.0,1.6,0.0,0,14.0,0,0.0125313811944894,0.0147860088459648,0.0162885151083419,10.513400531120682,6.108519477197246,11
2025,22,19,4,4,11.7,12.6,65.0,946.0,1.6,0.0,0,18.0,0,0.0168350878673444,0.0202666609687826,0.0179046079911539,10.519168330727384,6.108520802693563,11
2025,22,19,6,0,11.7,12.6,65.0,946.0,1.6,0.0,0,15.0,0,0.0206324761080988,0.0130552765966538,0.0239330597316435,10.5,6.108614385258748,10
2025,22,19,9,0,11.7,12.6,65.0,946.0,1.6,0.0,0,10.0,0,0.0083015126263158,0.0082370034828315,0.0160333425478979,10.47366598882354,6.108552976447797,10
2025,22,19,10,7,11.7,12.6,65.0,946.0,1.6,0.0,0,8.0,0,0.0052425054323748,0.0031089079293177,0.0118548918706274,10.500344598819353,6.108523583165712,11
2025,22,19,11,2,11.7,12.6,65.0,946.0,1.6,0.0,0,20.0,0,0.0080061602075905,0.0056088545116556,0.0129181108724775,10.501795349681531,6.108563602187853,11
2025,22,19,12,4,11.7,12.6,65.0,946.0,1.6,0.0,0,11.0,0,0.0144300753148667,0.0029593384756736,0.027601165288026,10.499635427005646,6.108525161947256,10
2025,22,19,14,7,11.7,12.6,65.0,946.0,1.6,0.0,0,6.0,0,0.0095673087065673,0.0031943761885428,0.0147255831756224,10.500319007847569,6.108523245935818,11
2025,22,19,15,2,11.7,12.6,65.0,946.0,1.6,0.0,0,9.0,0,0.0,0.0017200487169077,0.019712080294299,10.483813567555925,6.108528319010971,10
2025,22,19,18,5,11.7,12.6,65.0,946.0,1.6,0.0,0,1.0,0,0.0048100251049554,0.0,0.0325132370765729,10.49658316797088,6.10852962120565,10
2025,22,19,19,3,11.7,12.6,65.0,946.0,1.6,0.0,0,13.0,0,0.0139343051834349,0.0173714236875279,0.0187445510026154,10.516054515463418,6.108519763747754,11
2025,22,19,21,5,11.7,12.6,65.0,946.0,1.6,0.0,0,5.0,0,0.0068352988333579,0.0095190273712099,0.0315669721649264,10.509309768942256,6.108523828416224,11
2025,22,19,23,6,11.7,12.6,65.0,946.0,1.6,0.0,0,4.0,0,0.0077213560895339,0.0046473365953719,0.0,10.468038528372876,6.1085525041749404,10
2025,22,19,24,9,11.7,12.6,65.0,946.0,1.6,0.0,0,3.0,0,0.0039767093521233,0.008899382491827,0.017096561549748,10.48159371019516,6.108548378049489,10
2025,22,19,26,1,11.7,12.6,65.0,946.0,1.6,0.0,0,12.0,0,0.0115187443302883,0.0062926005854575,0.0157250090373615,10.506080628515058,6.108523518642685,11
2025,22,19,27,8,11.7,12.6,65.0,946.0,1.6,0.0,0,19.0,0,0.0028374928798969,0.0116450503194375,0.0277819125183405,10.51716941523666,6.10852951695771,11
2025,22,19,28,8,11.7,12.6,65.0,946.0,1.6,0.0,0,2.0,0,0.0032383283053098,0.0053738167987863,0.0024135071341995,10.465063388515542,6.108547910115562,10
2025,23,21,0,9,20.5,25.6,75.0,1016.6,0.8,0.0,0,15.0,1,0.008464732341456,0.0122848096953721,0.0091562051089874,9.953079321407007,6.098147032146568,10
2025,23,21,1,1,20.5,25.6,75.0,1016.6,0.8,0.0,0,8.0,1,0.0047699075675942,0.0122848096953721,0.0049341078008868,9.218678907231249,6.114458465525286,9
2025,23,21,2,6,20.5,25.6,75.0,1016.6,0.8,0.0,0,5.0,1,0.0095645296821707,0.0122848096953721,0.0059584035975265,9.531774548018962,6.099204792579657,10
2025,23,21,3,3,20.5,25.6,75.0,1016.6,0.8,0.0,0,13.0,1,0.0123819880381592,0.0122848096953721,0.0179751420898131,10.512516940222987,6.103735676420967,11
2025,23,21,4,4,20.5,25.6,75.0,1016.6,0.8,0.0,0,14.0,1,0.0123819880381592,0.0122848096953721,0.0188870151770655,10.762036594794052,6.096930740447853,11
2025,23,21,6,0,20.5,25.6,75.0,1016.6,0.8,0.0,0,20.0,1,0.0321906974445157,0.0122848096953721,0.0288426706639185,11.381313794147681,6.105257925873673,11
2025,23,21,9,0,20.5,25.6,75.0,1016.6,0.8,0.0,0,9.0,1,0.0185359102367653,0.0122848096953721,0.0256948348010741,11.232463546580277,6.101522618093234,11
2025,23,21,10,7,20.5,25.6,75.0,1016.6,0.8,0.0,0,6.0,1,0.0071548613513913,0.0122848096953721,0.0152645056523639,10.346968307948408,6.1016204420361495,10
2025,23,21,11,2,20.5,25.6,75.0,1016.6,0.8,0.0,0,18.0,1,0.0107508279373237,0.0122848096953721,0.0248329273624383,11.183736445183735,6.10069910392656,11
2025,23,21,12,4,20.5,25.6,75.0,1016.6,0.8,0.0,0,11.0,1,0.0106148979289208,0.0122848096953721,0.015889076260071,11.690850989701886,6.127639908254838,12
2025,23,21,14,7,20.5,25.6,75.0,1016.6,0.8,0.0,0,12.0,1,0.0202412139785476,0.0122848096953721,0.0224345762288425,11.425783147036594,6.1317625799340325,11
2025,23,21,15,2,20.5,25.6,75.0,1016.6,0.8,0.0,0,10.0,1,0.0091938114774356,0.0122848096953721,0.0070826306913995,9.679182915494568,6.096799488576293,10
2025,23,21,18,5,20.5,25.6,75.0,1016.6,0.8,0.0,0,2.0,1,0.0007167218624881,0.0122848096953721,0.0028730247954529,9.285530156155025,6.102951500450113,9
2025,23,21,19,3,20.5,25.6,75.0,1016.6,0.8,0.0,0,17.0,1,0.0144827245316592,0.0122848096953721,0.0201236649803259,10.886094171856547,6.107047830805105,11
2025,23,21,21,5,20.5,25.6,75.0,1016.6,0.8,0.0,0,1.0,1,0.0,0.0122848096953721,0.0,9.117196358377068,6.102820301846591,9
2025,23,21,23,6,20.5,25.6,75.0,1016.6,0.8,0.0,0,4.0,1,0.0111215461420591,0.0122848096953721,0.0003997251889325,9.100451915958738,6.103544547407914,9
2025,23,21,24,9,20.5,25.6,75.0,1016.6,0.8,0.0,0,7.0,1,0.0059314912757647,0.0122848096953721,0.006083317719068,9.764778101793754,6.106617013703219,10
2025,23,21,26,1,20.5,25.6,75.0,1016.6,0.8,0.0,0,19.0,1,0.0092061687509266,0.0122848096953721,0.0218849540940602,10.992343210353138,6.098438555751206,11
2025,23,21,27,8,20.5,25.6,75.0,1016.6,0.8,0.0,0,16.0,1,0.0107755424843062,0.0122848096953721,0.0057960152395228,9.22209346580391,6.102775312916426,9
2025,23,21,28,8,20.5,25.6,75.0,1016.6,0.8,0.0,0,3.0,1,0.0071672186248825,0.0122848096953721,0.0059084379489101,9.229738521707386,6.102716056180582,9
2025,24,0,0,9,25.1,29.0,77.0,1017.2,1.1,0.0,0,17.0,0,0.0139868373707438,0.0104353477847454,0.0046559627522978,10.066464091468818,3.1077873827977767,10
2025,24,0,1,1,25.1,29.0,77.0,1017.2,1.1,0.0,0,6.0,0,0.0139868373707438,0.0075225978840436,0.0030119759041926,1.4380555783003377,2.7229101157639026,1
2025,24,0,2,6,25.1,29.0,77.0,1017.2,1.1,0.0,0,14.0,0,0.001455879741966,0.0080281164618514,0.0044759641922863,3.3436152310718015,1.367098280708122,3
2025,24,0,3,3,25.1,29.0,77.0,1017.2,1.1,0.0,0,11.0,0,0.003243179262591,0.0050311134648484,0.003299973600211,1.9603051756911682,0.7437674335995964,2
2025,24,0,4,4,25.1,29.0,77.0,1017.2,1.1,0.0,0,7.0,0,0.0030419601112624,0.0058616082712467,0.0054839561283508,9.92976551100903,4.045437507074173,10
2025,24,0,6,0,25.1,29.0,77.0,1017.2,1.1,0.0,0,20.0,0,0.0043794756465645,0.0203170323652251,0.0140038879688962,6.827784362210649,3.0636119672896407,7
2025,24,0,9,0,25.1,29.0,77.0,1017.2,1.1,0.0,0,19.0,0,0.0139868373707438,0.0226279744352032,0.0088559291525667,6.281150354365971,2.061046321180044,6
2025,24,0,10,7,25.1,29.0,77.0,1017.2,1.1,0.0,0,9.0,0,0.0058235189678641,0.0069087538967056,0.0077399380804953,6.525933267841262,0.6902960739553808,7
2025,24,0,11,2,25.1,29.0,77.0,1017.2,1.1,0.0,0,16.0,0,0.0139868373707438,0.0103029500619861,0.0136318909448723,16.189505736598967,4.582510122029697,16
2025,24,0,12,4,25.1,29.0,77.0,1017.2,1.1,0.0,0,18.0,0,0.0017044445759602,0.0056208851389574,0.0064319485444116,10.5,6.13460015922911,10
2025,24,0,14,7,25.1,29.0,77.0,1017.2,1.1,0.0,0,13.0,0,0.0139868373707438,0.0167422938507276,0.0073559411524707,5.977091229140937,0.6868591769909028,6
2025,24,0,15,2,25.1,29.0,77.0,1017.2,1.1,0.0,0,5.0,0,0.0001893827306623,0.0069207900533202,0.0040919672642618,13.644833360352859,2.6602295312216127,14
2025,24,0,18,5,25.1,29.0,77.0,1017.2,1.1,0.0,0,2.0,0,0.0,0.0,4.7999616002960106e-05,1.4081182413624571,1.135290865083032,1
2025,24,0,19,3,25.1,29.0,77.0,1017.2,1.1,0.0,0,8.0,0,0.0139868373707438,0.0105316370376611,0.0032519739842081,10.5,6.13460015922911,10
2025,24,0,21,5,25.1,29.0,77.0,1017.2,1.1,0.0,0,3.0,0,0.0139868373707438,0.0081845864978395,0.0031079751361989,1.8861648068796626,0.7490025795249176,2
2025,24,0,23,6,25.1,29.0,77.0,1017.2,1.1,0.0,0,4.0,0,0.0029354323252648,0.0045617033568841,0.0,2.865509320431398,1.8137350093323423,3
2025,24,0,24,9,25.1,29.0,77.0,1017.2,1.1,0.0,0,12.0,0,0.0033852163105876,0.0094965275688167,0.0057239542083663,10.89340950047403,2.725240103633508,11
2025,24,0,26,1,25.1,29.0,77.0,1017.2,1.1,0.0,0,15.0,0,0.0139868373707438,0.0090150813042378,0.0067319461444307,5.2646150671848115,0.7670946484270756,5
2025,24,0,27,8,25.1,29.0,77.0,1017.2,1.1,0.0,0,10.0,0,0.0139868373707438,0.0146841110696532,0.0163078695370436,14.261276945754645,1.9403424615423759,14
2025,24,0,28,8,25.1,29.0,77.0,1017.2,1.1,0.0,0,1.0,0,9.46913653310714e-05,0.0043691248510525,0.0014879880960951,4.3609704118665045,1.9959523481541865,4
