year,Round,Circuit,Driver,Team,GridPosition,circuit_layout,circuit_speed,circuit_character,track_length_km,num_corners,elevation_change_m,FP1_s_Delta_pct,FP2_s_Delta_pct,FP3_s_Delta_pct,pred_quali_position,pred_std,pred_quali_position_int
2025,1,1,0,9,6.0,0,0,0,5.278,14,10,0.0059674830425102,0.0112900482737871,0.0044388245676425,9.709154582009711,5.9855704516110455,10
2025,1,1,1,1,12.0,0,0,0,5.278,14,10,0.0062652099622017,0.0116563534321485,0.0177684698568247,11.087700080096829,5.984961320814036,11
2025,1,1,2,6,16.0,0,0,0,5.278,14,10,0.0147310102003832,0.0156333808657885,0.0037539020824277,9.482753827518437,5.98419582986658,9
2025,1,1,4,4,15.0,0,0,0,5.278,14,10,0.0153523533371305,0.0184199165347532,0.010352866795748,10.43312710399889,5.980001609383328,10
2025,1,1,8,0,14.0,0,0,0,5.278,14,10,0.0126857557085901,0.0124936223655465,0.0141199404644299,10.312412157281678,5.979497256058402,10
2025,1,1,9,0,9.0,0,0,0,5.278,14,10,0.0162196447988401,0.0137887727468962,0.0105109258307976,9.940945633403318,5.980428488797334,10
2025,1,1,10,7,11.0,0,0,0,5.278,14,10,0.0077020659659296,0.0075877497089183,0.0106821564521014,9.592296593560093,5.980663487060356,10
2025,1,1,11,2,8.0,0,0,0,5.278,14,10,0.0106016672707503,0.0054945773754235,0.0060194149181385,9.54631460417282,5.982059344033533,10
2025,1,1,12,4,17.0,0,0,0,5.278,14,10,0.0172681613421012,0.0094454401548948,0.0161351931613123,10.848729665572,5.983273593505738,11
2025,1,1,14,8,18.0,0,0,0,5.278,14,10,0.0155724123647284,0.0157118748282945,0.4075288787028621,10.338983050847459,6.04904377618783,10
2025,1,1,15,2,7.0,0,0,0,5.278,14,10,0.0027054315745871,0.0,0.0035168135298533,9.39886243419345,5.98471327485599,9
2025,1,1,18,5,1.0,0,0,0,5.278,14,10,0.0,0.0018446081188922,0.0089039923077934,9.197406364394823,5.987714237648488,9
2025,1,1,19,3,19.0,0,0,0,5.278,14,10,0.024426552063377,0.0208663116995252,0.0191251432410004,11.279002422859534,5.978663232894245,11
2025,1,1,21,5,2.0,0,0,0,5.278,14,10,0.0054108631491742,0.0016222085584585,0.0,9.399632548996962,5.989684545926371,9
2025,1,1,23,6,4.0,0,0,0,5.278,14,10,0.0060063169885569,0.0110284017321001,0.000513691863911,10.123472640609686,5.993753477825165,10
2025,1,1,24,9,10.0,0,0,0,5.278,14,10,0.0019287526536529,0.0112900482737871,0.0043597950501177,9.687054263735837,5.981639211892865,10
2025,1,1,26,1,13.0,0,0,0,5.278,14,10,0.010420442189199,0.0109891547508471,0.0135272190829939,10.191246812655084,6.034098792078047,10
2025,1,1,27,7,5.0,0,0,0,5.278,14,10,0.010472220783928,0.004513402844098,0.0070336270597066,9.609686107797048,5.999745645715026,10
2025,1,1,28,8,3.0,0,0,0,5.278,14,10,0.0057474240149122,0.0081633721006293,0.0010668984865845,9.23079291628172,5.982012558284617,9
2025,2,7,0,9,10.0,1,2,0,5.451,16,10,0.0129283965728273,0.0122848096953721,0.0075950203084238,10.482009782134268,5.343976256542361,10
2025,2,7,1,1,13.0,1,2,0,5.451,16,10,0.0137917468088826,0.0122848096953721,0.0106330284317933,10.488224012864075,5.343914116992679,10
2025,2,7,2,6,8.0,1,2,0,5.451,16,10,0.0149720230809581,0.0122848096953721,0.0068905546566279,10.499999810824901,5.34403163215715,10
2025,2,7,3,3,17.0,1,2,0,5.451,16,10,0.0159883720930231,0.0122848096953721,0.0124272143887108,10.512836306393814,5.343911493610141,11
2025,2,7,4,4,19.0,1,2,0,5.451,16,10,0.0253322259136212,0.0122848096953721,0.0186022961177337,10.498296746832409,5.3440002642277635,10
2025,2,7,8,0,18.0,1,2,0,5.451,16,10,0.0264360027976918,0.0122848096953721,0.0189985580468689,10.52571657906005,5.343913640678223,11
2025,2,7,9,0,16.0,1,2,0,5.451,16,10,0.0176932155971323,0.0122848096953721,0.019714030974474,10.52729559280354,5.343912585094298,11
2025,2,7,10,7,7.0,1,2,0,5.451,16,10,0.0205564784053156,0.0122848096953721,0.0145516186199077,10.527305825708057,5.343912340145941,11
2025,2,7,11,2,5.0,1,2,0,5.451,16,10,0.0075515824444831,0.0122848096953721,0.0,10.5,5.344031632157165,10
2025,2,7,12,4,12.0,1,2,0,5.451,16,10,0.0109612694527015,0.0122848096953721,0.0200992856277999,10.498535600491174,5.34400844506662,10
2025,2,7,14,8,20.0,1,2,0,5.451,16,10,0.0232448854694876,0.0122848096953721,0.0206936785215026,10.55534907574012,5.343912290174266,11
2025,2,7,15,2,6.0,1,2,0,5.451,16,10,0.0049615317363174,0.0122848096953721,0.0022895133683364,10.470899906138497,5.343911100073116,10
2025,2,7,18,5,3.0,1,2,0,5.451,16,10,0.0,0.0122848096953721,0.0035773646380257,10.45109919485921,5.343910833055698,10
2025,2,7,19,3,11.0,1,2,0,5.451,16,10,0.0169610071690854,0.0122848096953721,0.0198351110083764,10.540806961831866,5.3439231696602905,11
2025,2,7,21,5,1.0,1,2,0,5.451,16,10,0.0070925861164539,0.0122848096953721,0.0008805820647447,10.456183665739003,5.343912273174445,10
2025,2,7,23,6,2.0,1,2,0,5.451,16,10,0.0095405665326104,0.0122848096953721,0.0035223282589791,10.484334395369949,5.343925490761455,10
2025,2,7,24,9,15.0,1,2,0,5.451,16,10,0.0179336422451476,0.0122848096953721,0.0162467390945414,10.53736048235728,5.343912941815785,11
2025,2,7,26,1,14.0,1,2,0,5.451,16,10,0.016174156321035,0.0122848096953721,0.0098294972977137,10.493517395777152,5.3439109123413555,10
2025,2,7,27,7,9.0,1,2,0,5.451,16,10,0.015627732121,0.0122848096953721,0.0101707228478023,10.49609697118347,5.34391095132241,10
2025,2,7,28,8,4.0,1,2,0,5.451,16,10,0.0194527015212449,0.0122848096953721,0.0001981309645675,10.437399874439464,5.343911117115019,10
2025,3,18,0,9,9.0,1,0,2,5.807,18,40,0.0095201526838246,0.0103161813105748,0.0066958449383277,5.383243625005277,1.3203617898239142,5
2025,3,18,1,1,13.0,1,0,2,5.807,18,40,0.0076003116918315,0.0211544136005627,0.0205422611265844,9.603184117464131,1.635161997493575,10
2025,3,18,2,6,6.0,1,0,2,5.807,18,40,0.0083004889947938,0.0183739246884717,0.0131984311942249,8.022564990166448,1.8456645288948446,8
2025,3,18,3,3,10.0,1,0,2,5.807,18,40,0.0172559825633264,0.0174773588760014,0.0240891263570738,19.314796294773732,2.2955993385979974,19
2025,3,18,4,4,17.0,1,0,2,5.807,18,40,0.0180465053247354,0.0138570488231153,0.0246575342465753,12.999677106853293,1.3111730760994815,13
2025,3,18,8,0,19.0,1,0,2,5.807,18,40,0.0139868373707438,0.0402319722178087,0.0204854203376342,11.839310608862409,1.1099058298294644,12
2025,3,18,9,0,11.0,1,0,2,5.807,18,40,0.0112705959412301,0.0072973647774474,0.0072528846700391,5.089419311098764,0.9943555195801391,5
2025,3,18,10,7,7.0,1,0,2,5.807,18,40,0.007634191238749,0.0045849694713665,0.0093332575456147,6.1635411632129,1.009824741227615,6
2025,3,18,11,2,8.0,1,0,2,5.807,18,40,0.0056691775175326,0.0048800417640782,0.0063548002046268,4.301325845980375,1.4300204304464212,4
2025,3,18,12,4,16.0,1,0,2,5.807,18,40,0.0166461507188109,0.0107587897496424,0.0301938270903199,11.236951853212325,2.5809567212183833,11
2025,3,18,14,7,14.0,1,0,2,5.807,18,40,0.0111463709358659,0.0050502757791042,0.0129483317228442,8.800890435317694,1.0184191953123203,9
2025,3,18,15,2,4.0,1,0,2,5.807,18,40,0.0046979638392302,0.005356697006151,0.0051043028477235,3.4453334659775274,0.9997402160926592,3
2025,3,18,18,5,2.0,1,0,2,5.807,18,40,0.0,0.0005560977824181,0.0,1.5458133039730217,1.099479293656639,2
2025,3,18,19,3,18.0,1,0,2,5.807,18,40,0.0177754689493952,0.0158090655287468,0.0252145739782868,19.22558628460385,2.8477468993649837,19
2025,3,18,21,5,3.0,1,0,2,5.807,18,40,0.0130887982924707,0.0,0.0002955721025407,1.0612186138132973,1.2244157888210263,1
2025,3,18,23,6,5.0,1,0,2,5.807,18,40,0.0018407887158522,0.0051410672537847,0.0012732336724833,9.128730167748277,1.7240667583310934,9
2025,3,18,24,9,12.0,1,0,2,5.807,18,40,0.00885385492778,0.0081485348525772,0.0100153470130165,6.723125606228004,1.0012246962610845,7
2025,3,18,26,1,20.0,1,0,2,5.807,18,40,0.0136534574077628,0.030993939669065,0.0261694992326492,14.446046816795583,2.35902789691398,14
2025,3,18,27,8,15.0,1,0,2,5.807,18,40,0.0070356525765394,0.0284971741153505,0.0093218893878246,9.601765237199606,1.6884736734891093,10
2025,3,18,28,8,1.0,1,0,2,5.807,18,40,0.0058272820698143,0.0063100074902966,0.0060478599442959,3.9953505163645264,0.9966111894548982,4
2025,4,4,0,9,15.0,1,2,0,5.412,15,15,0.007767906956783,0.0131594939506104,0.0229906378892695,10.662893179777793,5.593712904825379,11
2025,4,4,1,1,13.0,1,2,0,5.412,15,15,0.0139868373707438,0.0145848295674272,0.0207537699408594,10.660406043632706,5.593755827774339,11
2025,4,4,2,6,4.0,1,2,0,5.412,15,15,0.0520042058280761,0.0079774598088504,0.0138576697291752,10.765711907198197,5.592589422578068,11
2025,4,4,3,3,20.0,1,2,0,5.412,15,15,0.0139868373707438,0.0119219932600409,0.0293411605525608,10.535298543783192,5.594363218230388,11
2025,4,4,4,4,18.0,1,2,0,5.412,15,15,0.0152783142354406,0.0139992265620685,0.0313379743796783,10.517111173465468,5.594568435453927,11
2025,4,4,8,0,11.0,1,2,0,5.412,15,15,0.0127891506802283,0.0141760123750069,0.0185605481963205,10.786874595475721,5.592910786526737,11
2025,4,4,9,0,5.0,1,2,0,5.412,15,15,0.0025535384747435,0.0159328213910834,0.0144905396853109,10.84042029981215,5.592947218175312,11
2025,4,4,10,7,12.0,1,2,0,5.412,15,15,0.0156967512123944,0.0080990000552456,0.0150252056827356,10.801273006986776,5.592440859215167,11
2025,4,4,11,2,9.0,1,2,0,5.412,15,15,0.0063945753401141,0.0118336003535716,0.0159854221679069,10.806032823078196,5.592540488826446,11
2025,4,4,12,4,16.0,1,2,0,5.412,15,15,0.0113514441440282,0.021998784597536,0.0326255373938851,10.509220433142097,5.59474134641723,11
2025,4,4,14,7,17.0,1,2,0,5.412,15,15,0.0127998798334836,0.0132699850836971,0.0188115138685813,10.782625240586787,5.592952506596651,11
2025,4,4,15,2,3.0,1,2,0,5.412,15,15,0.0139868373707438,0.0059665211866748,0.0091002335071907,10.651440681008363,5.592198800957269,11
2025,4,4,18,5,6.0,1,2,0,5.412,15,15,0.0,0.0017015634495332,0.0072889160465267,10.581325017600857,5.592375605522636,11
2025,4,4,19,3,14.0,1,2,0,5.412,15,15,0.0105145701901206,0.0150820396663168,0.0173930122427601,10.801282705844484,5.592727254471444,11
2025,4,4,21,5,1.0,1,2,0,5.412,15,15,0.0139908158448135,0.0,0.0,10.384537718313366,5.593366902604863,10
2025,4,4,23,6,2.0,1,2,0,5.412,15,15,0.0139868373707438,0.0058228827136622,0.0128865416930362,10.747471360825893,5.592528651243742,11
2025,4,4,24,9,8.0,1,2,0,5.412,15,15,0.0139868373707438,0.0123529086790786,0.0157781026995176,10.791503322886559,5.592581618722254,11
2025,4,4,26,1,19.0,1,2,0,5.412,15,15,0.0205141410239904,0.0207391856803492,0.0296466839796608,10.532238545506384,5.594440541370644,11
2025,4,4,27,8,10.0,1,2,0,5.412,15,15,0.0137333161666881,0.01678360311585,0.0362154376623093,10.501483999997719,5.594851411254357,11
2025,4,4,28,8,7.0,1,2,0,5.412,15,15,0.0139868373707438,0.009115518479642,0.0150688518866071,10.801625610443054,5.5924448685040336,11
2025,5,22,0,9,11.0,2,0,1,6.174,27,5,0.0041125516870425,0.010796787021197,0.0102870075095153,10.314315265485552,5.140377881041519,10
2025,5,22,1,1,13.0,2,0,1,6.174,27,5,0.0082587209628076,0.015804320980661,0.0159905816731246,10.56134378861993,5.140432346521299,11
2025,5,22,2,6,5.0,2,0,1,6.174,27,5,0.0077880747206937,0.0110460307929351,0.0136017099292482,10.329563856533161,5.1411767112165965,10
2025,5,22,3,3,15.0,2,0,1,6.174,27,5,0.0151951501025335,0.01684661311702,0.0171450125158591,10.541999897653483,5.1407125436046055,11
2025,5,22,4,4,20.0,2,0,1,6.174,27,5,0.0201593473705441,0.0122848096953721,0.0219570460286435,10.44804287921964,5.1406681372451235,10
2025,5,22,8,0,17.0,2,0,1,6.174,27,5,0.0105783345846547,0.0186366365685931,0.0161048817565635,10.565551961001983,5.140724355317813,11
2025,5,22,9,0,9.0,2,0,1,6.174,27,5,0.0,0.0095052511131,0.0129844894786772,10.38849290041388,5.140975618592904,10
2025,5,22,10,7,14.0,2,0,1,6.174,27,5,0.0086509261645692,0.0117711035834457,0.0146304106801998,10.397320552692737,5.140329855775686,10
2025,5,22,11,2,7.0,2,0,1,6.174,27,5,0.0064545770347044,0.012507505636308,0.0147561407719827,10.30106342678627,5.14216729618226,10
2025,5,22,12,4,18.0,2,0,1,6.174,27,5,0.0075863691883592,0.0104908969377004,0.0197853444433013,10.350542293632987,5.1407206306688025,10
2025,5,22,14,7,12.0,2,0,1,6.174,27,5,0.007485516422192,0.0138330293314602,0.0156819714478391,10.506139059634394,5.14032739335102,11
2025,5,22,15,2,4.0,2,0,1,6.174,27,5,0.000784410403523,0.005460704453533,0.010092697367669,10.034975011657888,5.140476040282634,10
2025,5,22,18,5,10.0,2,0,1,6.174,27,5,7.844104035220914e-05,0.0,0.0,10.130258303358099,5.140672856709967,10
2025,5,22,19,3,19.0,2,0,1,6.174,27,5,0.0200584946043769,0.019848867640228,0.0211112254111944,10.535386002256091,5.141141692169828,11
2025,5,22,21,5,2.0,2,0,1,6.174,27,5,0.0011429980165621,0.0018466697633318,0.0002743202002537,10.307559059890293,5.142766486157594,10
2025,5,22,23,6,3.0,2,0,1,6.174,27,5,0.0042470220419322,0.0079984592203202,0.007166615231629,10.161477763448666,5.140825301393074,10
2025,5,22,24,9,6.0,2,0,1,6.174,27,5,0.0060511659700354,0.0076472520874165,0.0123558390197623,10.160921577304395,5.1402809951191735,10
2025,5,22,26,1,16.0,2,0,1,6.174,27,5,0.0150606797476439,0.0197129164920073,0.0227342865960291,10.503712537508179,5.141712964086535,11
2025,5,22,27,8,8.0,2,0,1,6.174,27,5,0.0065218122121493,0.0078851665968028,0.013498839854153,10.177211960662383,5.140297374802469,10
2025,5,22,28,8,1.0,2,0,1,6.174,27,5,0.0064881946234269,0.0031721934584839,0.0096583570506006,10.10208381171568,5.14075151535352,10
2025,6,20,0,9,7.0,0,2,0,5.412,19,5,0.0094917822054907,0.0122848096953721,0.0082213639832566,11.014458347327704,5.2970743162101055,11
2025,6,20,1,1,17.0,0,2,0,5.412,19,5,0.0127972637957946,0.0122848096953721,0.0148470201891723,11.293124778319589,5.275222483227837,11
2025,6,20,2,6,3.0,0,2,0,5.412,19,5,0.0126136259296667,0.0122848096953721,0.0,8.3734537731946,5.130407822821126,8
2025,6,20,3,3,20.0,0,2,0,5.412,19,5,0.0214397208704434,0.0122848096953721,0.0386554427510927,10.337527236620309,5.390656484585366,10
2025,6,20,4,4,13.0,0,2,0,5.412,19,5,0.0188573133780185,0.0122848096953721,0.0327235725353252,11.398410116561987,5.292208806812655,11
2025,6,20,8,0,14.0,0,2,0,5.412,19,5,0.0255830502249563,0.0122848096953721,0.0310931754584769,11.652507986064718,5.25527253978707,12
2025,6,20,9,0,18.0,0,2,0,5.412,19,5,0.0224497291341474,0.0122848096953721,0.0194838232233297,11.06105317514787,5.131943375811285,11
2025,6,20,10,7,11.0,0,2,0,5.412,19,5,0.0096409879717198,0.0122848096953721,0.0122684489257881,10.245390658402538,5.128346376306246,10
2025,6,20,11,2,12.0,0,2,0,5.412,19,5,0.0163896795519235,0.0122848096953721,0.0063365787100206,9.692789977087617,5.178477396314739,10
2025,6,20,12,4,16.0,0,2,0,5.412,19,5,0.0165847947846845,0.0122848096953721,0.0158183205753797,11.26016155914686,5.1317459122555915,11
2025,6,20,14,7,15.0,0,2,0,5.412,19,5,0.0143007988247176,0.0122848096953721,0.0218889479891769,12.374698060810461,5.128874488952135,12
2025,6,20,15,2,8.0,0,2,0,5.412,19,5,0.0040859425213478,0.0122848096953721,0.0037695705464721,7.850080650136829,5.132055147778292,8
2025,6,20,18,5,2.0,0,2,0,5.412,19,5,0.0144959140574787,0.0122848096953721,0.0011563099835803,8.629964043573777,5.127818821812686,9
2025,6,20,19,3,9.0,0,2,0,5.412,19,5,0.0235400789642824,0.0122848096953721,0.0183622025392566,10.338986163178502,5.390659716633845,10
2025,6,20,21,5,4.0,0,2,0,5.412,19,5,0.0,0.0122848096953721,0.0005203394926111,8.627767525368299,5.128127528604488,9
2025,6,20,23,6,5.0,0,2,0,5.412,19,5,0.0106739509686898,0.0122848096953721,0.0035729978492634,8.469053716432779,5.12790009179456,8
2025,6,20,24,9,6.0,0,2,0,5.412,19,5,0.0063125516481498,0.0122848096953721,0.0163849124673342,11.41018594748115,5.1322042572066415,11
2025,6,20,26,1,19.0,0,2,0,5.412,19,5,0.0256404370581213,0.0122848096953721,0.029439652181957,10.351916683644516,5.389616284374853,10
2025,6,20,27,8,10.0,0,2,0,5.412,19,5,0.0117872555320907,0.0122848096953721,0.0319604079461621,11.516145495252303,5.275385616851844,12
2025,6,20,28,8,1.0,0,2,0,5.412,19,5,0.0049352676521899,0.0122848096953721,0.0029485904581299,7.595744900104808,5.1341384617459855,8
2025,7,11,0,9,7.0,1,2,2,4.909,19,20,0.0049252073943431,0.0082743415722575,0.0111486441379493,10.5,7.249223479841538,10
2025,7,11,1,1,5.0,1,2,2,4.909,19,20,0.0075249853027629,0.0123119015047878,0.0123102393954363,10.5,7.249223479841538,10
2025,7,11,2,6,13.0,1,2,2,4.909,19,20,0.0071722516166959,0.0147822506740334,0.0067025381523958,10.5,7.249223479841538,10
2025,7,11,3,3,19.0,1,2,2,4.909,19,20,0.0117708537461623,0.0095095161568803,0.0139791980987222,10.5,7.249223479841538,10
2025,7,11,4,4,14.0,1,2,2,4.909,19,20,0.0049644000261283,0.0138923937152191,0.0153410684006035,10.5,7.249223479841538,10
2025,7,11,6,0,15.0,1,2,2,4.909,19,20,0.0108171663727219,0.0099743668070071,0.0175307422193143,10.5,7.249223479841538,10
2025,7,11,9,0,10.0,1,2,2,4.909,19,20,0.0019726957998562,0.0036656794124287,0.0145933749015312,10.5,7.249223479841538,10
2025,7,11,10,7,9.0,1,2,2,4.909,19,20,0.014318374812202,0.0066274421260939,0.008157870141661,10.5,7.249223479841538,10
2025,7,11,11,2,12.0,1,2,2,4.909,19,20,0.0012541642171272,0.0086329406452125,0.0118829859673952,10.5,7.249223479841538,10
2025,7,11,12,4,17.0,1,2,2,4.909,19,20,0.0059180873995689,0.0149549094869375,0.0179045889688504,10.5,7.249223479841538,10
2025,7,11,14,7,16.0,1,2,2,4.909,19,20,0.0096805800509504,0.0127767521549146,0.0144198031963896,10.5,7.249223479841538,10
2025,7,11,15,2,11.0,1,2,2,4.909,19,20,0.0069501600365797,0.0063086873945784,0.0073968249729627,10.5,7.249223479841538,10
2025,7,11,18,5,4.0,1,2,2,4.909,19,20,0.0004180547390423,0.0003320361786619,0.0,10.5,7.249223479841538,10
2025,7,11,19,3,18.0,1,2,2,4.909,19,20,0.0145927232346986,0.0149681909340841,0.0198939877431672,10.5,7.249223479841538,10
2025,7,11,21,5,1.0,1,2,2,4.909,19,20,0.0,0.0,0.0013351669626286,10.5,7.249223479841538,10
2025,7,11,23,6,3.0,1,2,2,4.909,19,20,0.000705467372134,0.0053125788585923,0.0102140272641093,10.5,7.249223479841538,10
2025,7,11,24,9,6.0,1,2,2,4.909,19,20,0.0006793389509437,0.0085134076208942,0.0074769349907204,10.5,7.249223479841538,10
2025,7,11,26,1,8.0,1,2,2,4.909,19,20,0.0063622705598013,0.013918956609512,0.0143930998571369,10.5,7.249223479841538,10
2025,7,11,28,8,2.0,1,2,2,4.909,19,20,0.0047031158142269,0.0058703996387445,0.0024166522023578,10.5,7.249223479841538,10
2025,8,14,0,9,10.0,2,1,2,3.337,19,42,0.0048635428825523,0.0078901268306355,0.0100770932871055,5.452662662164767,3.5698589565015144,5
2025,8,14,1,1,7.0,2,1,2,3.337,19,42,0.0106025234839642,0.0074977226543339,0.0161797246064295,15.323092219675802,1.7672885680783053,15
2025,8,14,2,6,15.0,2,1,2,3.337,19,42,0.0111305652826413,0.0090673393595402,0.0149394669710935,5.797588277039466,1.6315764782388977,6
2025,8,14,3,3,17.0,2,1,2,3.337,19,42,0.0189678172419542,0.0126690491205941,0.018293800121207,14.982796926327282,1.5113411188875052,15
2025,8,14,4,4,16.0,2,1,2,3.337,19,42,0.0209271302317825,0.0123186882488962,0.0232266429890208,14.401671889027229,2.072153180007565,14
2025,8,14,6,0,20.0,2,1,2,3.337,19,42,0.0257906731143348,0.0288697358279027,0.0267501021803164,11.987062448814353,1.9631324464938318,12
2025,8,14,9,0,18.0,2,1,2,3.337,19,42,0.0097965649491412,0.0147011421764416,0.0174904514255915,11.2210505212856,1.756889394180237,11
2025,8,14,10,7,6.0,2,1,2,3.337,19,42,0.0169946084153187,0.006825029780674,0.0185756768565106,5.246095507040362,2.1618143160032255,5
2025,8,14,11,2,4.0,2,1,2,3.337,19,42,0.0100883775220943,0.0014715156611308,0.0079348300987978,5.820924115264617,1.7525793836526604,6
2025,8,14,12,4,13.0,2,1,2,3.337,19,42,0.0141042743594019,0.0127110924251979,0.0165179766887939,12.692483003519339,3.7931646306904665,13
2025,8,14,14,7,9.0,2,1,2,3.337,19,42,0.0203574009226836,0.0065587555181835,0.012134793454822,4.3231183386810095,3.0125584119914715,4
2025,8,14,15,2,2.0,2,1,2,3.337,19,42,0.0,0.0,0.0,1.1608534682290141,1.3703295378642775,1
2025,8,14,18,5,1.0,2,1,2,3.337,19,42,0.0045300427991774,0.0045126480274683,0.0041435880089636,3.5088786215031282,1.4919991699878532,4
2025,8,14,19,3,8.0,2,1,2,3.337,19,42,0.0198710466344284,0.0166211197533458,0.0217890716389721,15.48414794278598,1.7564706852895544,15
2025,8,14,21,5,3.0,2,1,2,3.337,19,42,0.0052526263131565,0.0005325485249806,0.0062717573605061,3.9170591074245023,1.4922313850775821,4
2025,8,14,23,6,14.0,2,1,2,3.337,19,42,0.0071980434661775,0.0103286384976525,0.0156864403196482,5.1356681707695735,1.7201866744338783,5
2025,8,14,24,9,11.0,2,1,2,3.337,19,42,0.0079206269801568,0.0111554901548593,0.0132482065592715,6.212850707456992,3.2100332026264113,6
2025,8,14,26,1,19.0,2,1,2,3.337,19,42,0.0510116169195709,0.0162147011421763,0.0176032021197129,13.829744113880633,5.371034260219883,14
2025,8,14,27,8,12.0,2,1,2,3.337,19,42,0.0176199210716469,0.0100483498002942,0.0140797429284173,8.847026532019385,2.0220333127141012,9
2025,8,14,28,8,5.0,2,1,2,3.337,19,42,0.0022650213995886,0.0099922920608225,0.0039462742942511,3.27334569568462,1.2855382544478917,3
2025,9,9,0,9,11.0,1,2,0,4.657,14,30,0.0139868373707438,0.0148295766904891,0.0262754361971072,15.947668988494968,2.1614823516117987,16
2025,9,9,1,1,10.0,1,2,0,4.657,14,30,0.0146504245910089,0.0074354040681692,0.0141876303756199,11.097120325109184,5.0307663091713835,11
2025,9,9,2,6,6.0,1,2,0,4.657,14,30,0.0223961583331071,0.0073941726223199,0.0140632986585989,13.622394510980445,2.073547860324022,14
2025,9,9,3,3,15.0,1,2,0,4.657,14,30,0.0119238177921266,0.0187740516767454,0.0286377388205063,15.09985492973647,3.7839593865506216,15
2025,9,9,4,4,12.0,1,2,0,4.657,14,30,0.0194932038308146,0.0164788345244639,0.0184425380247833,16.391765270616,1.2089486054955383,16
2025,9,9,6,0,19.0,1,2,0,4.657,14,30,0.0245801568138039,0.021206706981858,0.0234572506112975,7.979013567014645,4.6442194418666825,8
2025,9,9,9,0,8.0,1,2,0,4.657,14,30,0.0139450337773676,0.0085898845519516,0.0216475333968805,7.4639028586760805,2.9627870535825442,7
2025,9,9,10,7,9.0,1,2,0,4.657,14,30,0.0120323394557638,0.0087960417811984,0.0137455620484341,14.010513507131943,0.2998309684635067,14
2025,9,9,11,2,5.0,1,2,0,4.657,14,30,0.0051276486068531,0.0106239692138537,0.0157486841559948,11.405963636217693,2.707243832512333,11
2025,9,9,12,4,16.0,1,2,0,4.657,14,30,0.0155592935239696,0.0114348543155579,0.0185944990122536,8.379722958224228,3.0197714790190866,8
2025,9,9,14,7,13.0,1,2,0,4.657,14,30,0.00842399413983,0.0100879604178119,0.0172682940306961,14.44519072402694,2.3064244250990167,14
2025,9,9,15,2,7.0,1,2,0,4.657,14,30,0.0070539081364116,0.0068719076415612,0.0102642739718457,20.84001449450269,2.037044759280315,21
2025,9,9,18,5,2.0,1,2,0,4.657,14,30,0.0,0.0042605827377678,0.0072664981281168,9.88145236187127,4.159087632061186,10
2025,9,9,19,3,17.0,1,2,0,4.657,14,30,0.0139868373707438,0.0171110500274874,0.0241894262781991,18.6233178617345,2.885726109962953,19
2025,9,9,21,5,1.0,1,2,0,4.657,14,30,0.0078135597818713,0.0,0.0,2.3846835964882374,3.1369768861609755,2
2025,9,9,23,6,4.0,1,2,0,4.657,14,30,0.014012859817141,0.003930731170973,0.0103886056888667,17.47212039094897,1.8250075377770445,17
2025,9,9,24,9,18.0,1,2,0,4.657,14,30,0.0165088580807943,0.0132078064870807,0.0189398648928674,12.343003678528573,5.298449239075977,12
2025,9,9,26,1,14.0,1,2,0,4.657,14,30,0.0144876420955532,0.0148295766904891,0.0209568016356527,17.363647883223848,3.3218904986452467,17
2025,9,9,27,8,20.0,1,2,0,4.657,14,30,0.01254781735804,0.0126855415063221,0.020791026012958,14.958035124135469,1.704892072965129,15
2025,9,9,28,8,3.0,1,2,0,4.657,14,30,0.0049784313193519,0.0042605827377678,0.0136488596018622,10.893306978315817,2.0683545041332487,11
2025,10,15,0,9,10.0,0,2,0,4.361,14,5,0.0005328378396841,0.0044645952054128,0.0107800944302843,9.422220232037137,5.035261682045808,9
2025,10,15,1,1,6.0,0,2,0,4.361,14,5,0.0106430942849725,0.0046448428379295,0.0062396412206297,8.603785784911482,4.547827302186658,9
2025,10,15,2,6,4.0,0,2,0,4.361,14,5,0.011052969546268,0.0039931783203693,0.0076463460493877,3.9934412452252,4.363407807133954,4
2025,10,15,3,3,14.0,0,2,0,4.361,14,5,0.01813014905797,0.0132689987937272,0.0142898926168887,13.411210170961013,4.18859443429035,13
2025,10,15,4,4,16.0,0,2,0,4.361,14,5,0.0154522973508395,0.0107178015334913,0.0191228290087604,13.672434484399243,5.085415151466399,14
2025,10,15,6,0,12.0,0,2,0,4.361,14,5,0.0198379626467011,0.0246107344397763,0.017562918703603,12.616782301731748,4.23504000401594,13
2025,10,15,9,0,20.0,0,2,0,4.361,14,5,0.0085254054349459,0.010412767078463,0.0123260769648601,12.473823922159154,5.8720917185879,12
2025,10,15,10,7,9.0,0,2,0,4.361,14,5,0.005984178814914,0.009372876890867,0.0118664605356619,5.641683514187029,4.299546413145376,6
2025,10,15,11,2,5.0,0,2,0,4.361,14,5,0.0058338912191057,0.0073485573256797,0.0034958704160223,9.259972850724925,5.062811523722465,9
2025,10,15,12,4,13.0,0,2,0,4.361,14,5,0.0222425641796346,0.0109673751785144,0.0177300519505842,13.25155979462492,5.332151752589417,13
2025,10,15,14,7,19.0,0,2,0,4.361,14,5,0.0074324047381579,0.0087073471708054,0.0138163484171087,5.867839746882002,4.376590110511056,6
2025,10,15,15,2,8.0,0,2,0,4.361,14,5,0.0094544560272158,0.0122848096953721,0.0010863661053773,10.781629559694888,4.6425255044952545,11
2025,10,15,18,5,7.0,0,2,0,4.361,14,5,0.0062574289891109,0.0003882256700357,0.0,8.842111376283668,5.806585802426125,9
2025,10,15,19,3,15.0,0,2,0,4.361,14,5,0.0192914622983073,0.0145861930313491,0.0143177481580522,10.5,6.1522743625662795,10
2025,10,15,21,5,3.0,0,2,0,4.361,14,5,0.0137308212533984,0.0060868238980629,0.0100279948188693,9.508248279098863,4.919460522905638,10
2025,10,15,23,6,1.0,0,2,0,4.361,14,5,0.0046725779787684,0.0,0.0021030933578461,4.06322666189123,4.654544206188952,4
2025,10,15,24,9,17.0,0,2,0,4.361,14,5,0.0011203257142077,0.0070435228706514,0.0100279948188693,9.613293000507843,4.840811440215061,10
2025,10,15,26,1,18.0,0,2,0,4.361,14,5,0.0137991337969478,0.5148149688726202,0.013858131728854,10.5,6.1522743625662795,10
2025,10,15,27,8,11.0,0,2,0,4.361,14,5,0.0100282813930295,0.0113140052410463,0.0247078650120473,11.276220946528142,4.449665900061082,11
2025,10,15,28,8,2.0,0,2,0,4.361,14,5,0.0,0.0075288049581963,0.0038022813688212,9.299643534431931,5.039658761897593,9
2025,11,2,0,9,12.0,1,0,1,4.318,10,65,0.0061639864514356,0.0183493341591824,0.0153908339033641,9.283531293326336,4.008630467811036,9
2025,11,2,1,1,11.0,1,0,1,4.318,10,65,0.0095816423056971,0.0135800557448125,0.0142870468254461,9.47948057500256,2.1152900434594475,9
2025,11,2,2,6,9.0,1,0,1,4.318,10,65,0.008971346617436,0.0148188293589347,0.01133325041975,5.756269754623054,3.079258151179132,6
2025,11,2,3,3,15.0,1,0,1,4.318,10,65,0.0182478410790027,0.0194332610715391,0.0161992413407126,12.255619064920113,2.001519471982292,12
2025,11,2,4,4,8.0,1,0,1,4.318,10,65,0.0050654542125658,0.0128677609166925,0.013338722716249,8.146344253765065,2.116229867549259,8
2025,11,2,6,0,14.0,1,0,1,4.318,10,65,0.0107412041133928,0.0247135336017343,0.018997574777688,10.148430301686584,2.8696134720973823,10
2025,11,2,9,0,10.0,1,0,1,4.318,10,65,0.0036312593451527,0.0159956642923505,0.0161992413407126,12.577985117732117,2.3835754984653916,13
2025,11,2,10,7,13.0,1,0,1,4.318,10,65,0.0086661987733056,0.0149736760606998,0.0264131583856725,20.008892373563732,2.645911751624415,20
2025,11,2,11,2,4.0,1,0,1,4.318,10,65,0.0084983674590339,0.0144162279343449,0.0072445743423917,6.16297932414698,3.712070213429118,6
2025,11,2,12,4,20.0,1,0,1,4.318,10,65,0.0091239205395013,0.0207184886961908,0.0149088987003296,8.771320284153122,3.4545343211794703,9
2025,11,2,14,7,6.0,1,0,1,4.318,10,65,0.0098715327576209,0.0149117373799939,0.013338722716249,8.146351118890493,2.1162355850592975,8
2025,11,2,15,2,2.0,1,0,1,4.318,10,65,0.0139868373707438,0.0094456488076803,0.0038865742180212,3.3738874964900267,2.1272170175379714,3
2025,11,2,18,5,1.0,1,0,1,4.318,10,65,0.0139868373707438,0.0,0.0,2.6921039978550185,2.140042963256857,3
2025,11,2,19,3,17.0,1,0,1,4.318,10,65,0.0147691556559153,0.0173118612573551,0.0185778247621417,15.879847837819252,1.9638735633863835,16
2025,11,2,21,5,3.0,1,0,1,4.318,10,65,0.0023648957920112,0.0024310932177144,0.0018344630309059,6.976311417639534,2.656968244890149,7
2025,11,2,23,6,5.0,1,0,1,4.318,10,65,0.0,0.0100495509445648,0.010789130029227,5.474747576805821,2.9920644820733577,5
2025,11,2,24,9,19.0,1,0,1,4.318,10,65,0.0072472612980988,0.019108082997832,0.0155773894658291,11.277004504341459,2.0276801116558985,11
2025,11,2,26,1,16.0,1,0,1,4.318,10,65,0.0094290683836317,0.0068442242180242,0.0114731670915987,6.319471728174377,2.1727990964310546,6
2025,11,2,27,8,18.0,1,0,1,4.318,10,65,0.0109853223886973,0.011025085165686,0.0126702319507492,7.84628376435031,2.9760547365261862,8
2025,11,2,28,8,7.0,1,0,1,4.318,10,65,0.000991730493424,0.0049241251161349,0.0032647223431379,3.1975753579343236,2.110885801693426,3
2025,12,6,0,9,14.0,1,0,0,5.891,18,25,0.0047415182065093,0.0119325067586464,0.0072633277971413,6.228502252616234,3.358206779396131,6
2025,12,6,1,1,9.0,1,0,0,5.891,18,25,0.0090457119182433,0.01235200894938,0.0163278673185337,10.506062442217166,3.7347554133318566,11
2025,12,6,2,6,7.0,1,0,0,5.891,18,25,0.0054665561846891,0.0066071595040551,0.010807270345505,4.4248977077128835,3.4202808603032677,4
2025,12,6,3,3,8.0,1,0,0,5.891,18,25,0.0144432168669153,0.0164305024704017,0.0071814545369481,11.148107003080584,3.2137135161730286,11
2025,12,6,4,4,17.0,1,0,0,5.891,18,25,0.0173203517009622,0.0126782884310617,0.0117312685676857,10.997919642899605,3.204778017545999,11
2025,12,6,6,0,20.0,1,0,0,5.891,18,25,0.0137411959674078,0.0171646313041856,0.0245502818779385,19.107835893575505,3.494859688687403,19
2025,12,6,9,0,10.0,1,0,0,5.891,18,25,0.0165722966441099,0.0158245548615643,0.027836908465695,20.479657081935947,3.4089065896526587,20
2025,12,6,10,7,13.0,1,0,0,5.891,18,25,0.0037402752842609,0.0082502097510953,0.0073802895974174,7.855908350357826,3.4562658922635,8
2025,12,6,11,2,5.0,1,0,0,5.891,18,25,0.0,0.0035075044280787,0.0097546141430207,6.682040653809442,3.3035015065865934,7
2025,12,6,12,4,19.0,1,0,0,5.891,18,25,0.0139868373707438,0.0157196793138809,0.0117078762076304,10.258041093992261,3.2095538568042445,10
2025,12,6,14,7,16.0,1,0,0,5.891,18,25,0.00528241955531,0.0094154936142443,0.008865704460923,8.250941522672274,3.3896391298542268,8
2025,12,6,15,2,6.0,1,0,0,5.891,18,25,0.002336233485246,0.0025869301761908,0.0,13.188817148231061,3.909013848215056,13
2025,12,6,18,5,3.0,1,0,0,5.891,18,25,0.0002646964047324,0.0,0.001263187442981,6.20999823706779,3.663472451141923,6
2025,12,6,19,3,15.0,1,0,0,5.891,18,25,0.0134074483266584,0.0131094434604269,0.0102809422442629,9.047994801506325,3.2355092160408554,9
2025,12,6,21,5,2.0,1,0,0,5.891,18,25,0.0017262809004281,0.0054768341568005,0.0007953402418769,8.372132816876706,3.562330976520335,8
2025,12,6,23,6,4.0,1,0,0,5.891,18,25,0.0031188141601068,0.0082385569124638,0.007333504877307,4.02447639871228,3.4054582713006365,4
2025,12,6,24,9,11.0,1,0,0,5.891,18,25,0.0117041845049027,0.0156497622820919,0.0097546141430207,8.100288161860812,3.371020574696059,8
2025,12,6,26,1,18.0,1,0,0,5.891,18,25,0.0109561294480504,0.0071548429197352,0.0245853704180213,7.178810049527605,3.267711177747559,7
2025,12,6,27,8,12.0,1,0,0,5.891,18,25,0.0139868373707438,0.0135639041670551,0.0070878850967273,8.728991151821342,3.435067265639932,9
2025,12,6,28,8,1.0,1,0,0,5.891,18,25,0.0062146112415412,0.0058031136384822,0.0010175676624013,5.074985871176819,3.33355177572406,5
2025,13,5,0,9,5.0,1,0,1,7.004,19,100,0.0121444394346316,0.0122848096953721,0.0268828972241567,8.186548294844876,1.1200658084481963,8
2025,13,5,1,1,19.0,1,0,1,7.004,19,100,0.0107623845837172,0.0122848096953721,0.0190727290816834,9.139320528539939,1.8557257929184616,9
2025,13,5,2,6,18.0,1,0,1,7.004,19,100,0.0093803297328026,0.0122848096953721,0.0485921798825987,5.959920009783071,1.726506866507245,6
2025,13,5,3,3,12.0,1,0,1,7.004,19,100,0.0299445217698142,0.0122848096953721,0.0134016515769574,11.872147322673106,0.9515534838903785,12
2025,13,5,4,4,10.0,1,0,1,7.004,19,100,0.0121542412420849,0.0122848096953721,0.0138394189632871,8.310895289608291,0.8031737099310642,8
2025,13,5,6,0,17.0,1,0,1,7.004,19,100,0.0276901060555565,0.0122848096953721,0.0306138692667396,11.871813542709202,2.349254798936942,12
2025,13,5,9,0,13.0,1,0,1,7.004,19,100,0.0186920468134323,0.0122848096953721,0.0143169833847377,11.970177889184505,1.209455772268086,12
2025,13,5,10,7,8.0,1,0,1,7.004,19,100,0.0107819881986237,0.0122848096953721,0.0145358670779026,8.156181813621426,0.8041990970766772,8
2025,13,5,11,2,16.0,1,0,1,7.004,19,100,0.0104193213228518,0.0122848096953721,0.02883295194508,6.859314455748994,2.33607448188755,7
2025,13,5,12,4,14.0,1,0,1,7.004,19,100,0.0141930171923702,0.0122848096953721,0.0269326435180578,9.835877563559732,0.8279967063899264,10
2025,13,5,14,7,9.0,1,0,1,7.004,19,100,0.0142714316519965,0.0122848096953721,0.0165058203163863,8.901718029698856,0.810753379805259,9
2025,13,5,15,2,3.0,1,0,1,7.004,19,100,0.0088804375526846,0.0122848096953721,0.0076410307432096,3.0168900300578025,1.4821232070752928,3
2025,13,5,18,5,1.0,1,0,1,7.004,19,100,0.0049401109564602,0.0122848096953721,0.0061486419261764,6.801254689737864,0.8838194498505373,7
2025,13,5,19,3,11.0,1,0,1,7.004,19,100,0.0151731979376995,0.0122848096953721,0.0104964680131329,10.500043356157445,5.725778404731502,11
2025,13,5,21,5,2.0,1,0,1,7.004,19,100,0.0,0.0122848096953721,0.0,6.0836907716052675,1.1345854275746903,6
2025,13,5,23,6,6.0,1,0,1,7.004,19,100,0.0056458410930975,0.0122848096953721,0.0181076509800019,7.568938848104527,1.1588775423848963,8
2025,13,5,24,9,15.0,1,0,1,7.004,19,100,0.0117131599066867,0.0122848096953721,0.0124465227340562,8.125205229337418,0.8089746705705024,8
2025,13,5,26,1,20.0,1,0,1,7.004,19,100,0.0106839701240907,0.0122848096953721,0.0221470500447716,14.405035149346947,0.9459217652860923,14
2025,13,5,27,8,7.0,1,0,1,7.004,19,100,0.0242104644096371,0.0122848096953721,0.0166550591980896,12.383795104557667,5.272406058419703,12
2025,13,5,28,8,4.0,1,0,1,7.004,19,100,0.0039599302111308,0.0122848096953721,0.0047457964381652,1.7619495378223355,1.2104630232719547,2
2025,14,17,0,9,20.0,1,1,2,4.381,14,35,0.0122547730500182,0.0184729715434254,0.021544129424956,10.799500392945982,6.044095924302458,11
2025,14,17,1,1,5.0,1,1,2,4.381,14,35,0.0139868373707438,0.0080529990479214,0.0117197928346414,10.386251653483251,6.044200369583587,10
2025,14,17,2,6,15.0,1,1,2,4.381,14,35,0.0108872876452951,0.0118480905532635,0.0110657269475146,10.501653175209574,6.050519796850173,11
2025,14,17,3,3,11.0,1,1,2,4.381,14,35,0.0108609898490505,0.0124695863746958,0.0161647712104223,10.394011044323975,6.042355752986142,10
2025,14,17,4,4,7.0,1,1,2,4.381,14,35,0.0210382369957396,0.0174812228922035,0.01417587698222,10.480464881975239,6.042028208855563,10
2025,14,17,6,0,14.0,1,1,2,4.381,14,35,0.0185662441487402,0.0202977890616736,0.0177665652197127,10.629184811991523,6.045371972541413,11
2025,14,17,9,0,17.0,1,1,2,4.381,14,35,0.0140824698890232,0.0187638844811172,0.022078060761386,10.675745140045755,6.0439825697224006,11
2025,14,17,10,7,10.0,1,1,2,4.381,14,35,0.00827065691895,0.0106183222257485,0.0272304981579369,10.42042699158574,6.043313669626234,10
2025,14,17,11,2,12.0,1,1,2,4.381,14,35,0.0089675485194339,0.0093224373214852,0.0102514816594586,10.491714959545256,6.0505210645653325,10
2025,14,17,12,4,19.0,1,1,2,4.381,14,35,0.0139868373707438,0.0139638210092035,0.0148032463025256,10.417283112420902,6.0422186408674925,10
2025,14,17,14,7,9.0,1,1,2,4.381,14,35,0.0148845526744857,0.0157092986353538,0.0194217523626461,10.469828558596678,6.043007118863837,10
2025,14,17,15,2,1.0,1,1,2,4.381,14,35,0.0028533108925471,0.0052761028245001,0.0053259650808906,10.350539460399467,6.042886688840742,10
2025,14,17,18,5,3.0,1,1,2,4.381,14,35,0.0,0.0,0.000427145069144,10.340897243189463,6.043144285638639,10
2025,14,17,19,3,18.0,1,1,2,4.381,14,35,0.0125177510124651,0.0142811805775943,0.0215574777083668,10.405935122476285,6.042278609429029,10
2025,14,17,21,5,2.0,1,1,2,4.381,14,35,0.0002498290643242,0.0038479847667408,0.0,10.341623548155647,6.043120231826257,10
2025,14,17,23,6,4.0,1,1,2,4.381,14,35,0.0114789880608003,0.0104860890722522,0.0123338138715362,10.753111057714952,6.044597285151342,11
2025,14,17,24,9,13.0,1,1,2,4.381,14,35,0.0150291905538314,0.0165291441870305,0.0203694804848096,10.824530975456831,6.043795922044068,11
2025,14,17,26,1,6.0,1,1,2,4.381,14,35,0.0119129016988375,0.0065455410980641,0.0121736344706071,10.67395515754396,6.043990787024618,11
2025,14,17,27,8,16.0,1,1,2,4.381,14,35,0.0176326723820543,0.0113852745160267,0.0261893320518981,10.448321135565305,6.0421015644089815,10
2025,14,17,28,8,8.0,1,1,2,4.381,14,35,0.0116762215326354,0.0154316090130117,0.0166319611297988,10.326651354755542,6.042910720939303,10
2025,15,8,0,9,15.0,1,2,2,4.259,14,30,0.0127066791883662,0.0266990985834883,0.01633996404338,11.040298273244666,2.695061904468975,11
2025,15,8,1,1,10.0,1,2,2,4.259,14,30,0.008011041862318,0.0012448132780083,0.0182682827814186,2.1876135046919813,2.2282562590315966,2
2025,15,8,2,6,11.0,1,2,2,4.259,14,30,0.0568741284612538,0.0185291171841465,0.0250101490459898,11.595507363798243,3.1733249699140464,12
2025,15,8,3,3,19.0,1,2,2,4.259,14,30,0.0325279603858958,0.0174989268851051,0.0235312880589225,12.840683154584852,2.8687383061010294,13
2025,15,8,4,4,13.0,1,2,2,4.259,14,30,0.0175161501465607,0.0204607239948489,0.0201386069709448,17.266773470962207,2.500621297124449,17
2025,15,8,6,0,16.0,1,2,2,4.259,14,30,0.0284299496286176,0.0152668479038488,0.030186162500725,15.911666394585573,2.828042417033543,16
2025,15,8,9,0,14.0,1,2,2,4.259,14,30,0.0189959873644667,0.0319358992702818,0.0288667865220669,15.244712842725828,3.739845917238277,15
2025,15,8,10,7,4.0,1,2,2,4.259,14,30,0.0212584308033808,0.0122848096953721,0.0173113727309633,12.75177270556755,2.815868891619493,13
2025,15,8,11,2,7.0,1,2,2,4.259,14,30,0.0239335211588262,0.0121333524109314,0.0203125906164822,12.948514549581482,3.2773157899146947,13
2025,15,8,12,4,17.0,1,2,2,4.259,14,30,0.0227240388172684,0.0170267563313778,0.023589282607435,17.378991996698623,2.5174100886352866,17
2025,15,8,14,7,8.0,1,2,2,4.259,14,30,0.0209880759270325,0.0207325797682071,0.01925419010613,17.919637409781327,3.592572362513881,18
2025,15,8,15,2,6.0,1,2,2,4.259,14,30,0.0238054583226612,0.0135069394763199,0.0140056834657543,6.430181424684262,2.1778606061872896,6
2025,15,8,18,5,2.0,1,2,2,4.259,14,30,0.0,0.0,0.0,1.2943371653905587,2.355684052154293,1
2025,15,8,19,3,18.0,1,2,2,4.259,14,30,0.0265516946981985,0.0210473601373587,0.0265180073073132,12.65564607627594,2.7056959283654867,13
2025,15,8,21,5,1.0,1,2,2,4.259,14,30,0.0041549275733513,0.0012734296752038,0.0035086701850026,1.810727378033672,2.271255445234252,2
2025,15,8,23,6,5.0,1,2,2,4.259,14,30,0.0157659580523064,0.0054943482615538,0.0128457924955055,3.7896578345869534,2.148185771914944,4
2025,15,8,24,9,9.0,1,2,2,4.259,14,30,0.016790460741626,0.0256402918872514,0.0136432175375515,11.346764874358854,2.6616741548757172,11
2025,15,8,26,1,20.0,1,2,2,4.259,14,30,0.0071288312131818,0.0298325940764056,0.0163979585918923,7.676804720847467,2.4586207064852674,8
2025,15,8,27,8,12.0,1,2,2,4.259,14,30,0.0262955690258686,0.0129489197310058,0.0199646233254075,2.5889800332448667,3.149784111039614,3
2025,15,8,28,8,3.0,1,2,2,4.259,14,30,0.0133754517772275,0.0084132207755042,0.0138172011830888,2.527344554727722,2.809103938579449,3
2025,16,12,0,9,14.0,1,0,1,5.793,11,7,0.0119325486476027,0.0037682465760284,0.0049035055652896,10.967278505551898,1.9863924865203948,11
2025,16,12,1,1,9.0,1,0,1,5.793,11,7,0.0124443002109414,0.0096021432684843,0.0066808687650477,13.324587688231894,1.316314654962908,13
2025,16,12,2,6,7.0,1,0,1,5.793,11,7,0.0102724765031141,0.0186409274143068,0.0046009756589478,13.993850592996761,1.4806124175954587,14
2025,16,12,3,3,11.0,1,0,1,5.793,11,7,0.024227067913177,0.0091264177871253,0.0110675524070035,14.590922929687672,1.3609185959574526,15
2025,16,12,4,4,8.0,1,0,1,5.793,11,7,0.0131682414468838,0.0074738976939832,0.0028614286974827,19.977724980500383,4.959389131903895,20
2025,16,12,6,0,18.0,1,0,1,5.793,11,7,0.0139868373707438,0.021107188462405,0.0088616051732614,20.811424184805016,2.4289743744191457,21
2025,16,12,9,0,19.0,1,0,1,5.793,11,7,0.0191719610070272,0.015323368136408,0.0115465580920446,16.32798664911421,1.2201359069395732,16
2025,16,12,10,7,16.0,1,0,1,5.793,11,7,0.0129934970106219,0.0063221412654297,0.0034286722718734,19.857548465743072,3.4298796036173607,20
2025,16,12,11,2,5.0,1,0,1,5.793,11,7,0.0,0.0024036655900247,0.0033656452080522,8.941965981760246,2.1203925936934733,9
2025,16,12,12,4,12.0,1,0,1,5.793,11,7,0.0132556136650148,0.0045444302561406,0.0051177975822817,20.66643220655647,4.397333802431289,21
2025,16,12,14,7,20.0,1,0,1,5.793,11,7,0.013530212064855,0.0116803124765267,0.010096935624157,17.298758149227787,1.9191571504406812,17
2025,16,12,15,2,4.0,1,0,1,5.793,11,7,0.0021094149805908,0.0010390846040211,0.000264713668049,6.981150778740373,1.3599563247360706,7
2025,16,12,18,5,2.0,1,0,1,5.793,11,7,0.0112834978843441,0.0,0.0,5.6099416623736165,1.4105360381925205,6
2025,16,12,19,3,15.0,1,0,1,5.793,11,7,0.0190346618071069,0.0097148150930168,0.0122650666196064,14.8324799942012,1.3560505578407898,15
2025,16,12,21,5,3.0,1,0,1,5.793,11,7,0.0139868373707438,0.0022659555822629,0.0020798931060996,6.451976849645,1.353242995411536,6
2025,16,12,23,6,6.0,1,0,1,5.793,11,7,0.0123943732291523,0.0049825984626555,0.0023193959486203,6.190993836788488,1.5320930499256413,6
2025,16,12,24,9,13.0,1,0,1,5.793,11,7,0.006652770323402,0.0012018327950124,0.0072607177522027,8.73016072586166,1.3366151839538334,9
2025,16,12,26,1,17.0,1,0,1,5.793,11,7,0.0147034961368997,0.0081374095495631,0.0115465580920446,17.984838246723058,1.4307998706174374,18
2025,16,12,27,8,10.0,1,0,1,5.793,11,7,0.0146660509005578,0.0048949648213526,0.0091767404923673,11.566533436880821,1.1272551758738807,12
2025,16,12,28,8,1.0,1,0,1,5.793,11,7,0.0071770036321877,0.0024912992313277,0.0021051039316282,8.356960560957285,1.2052346365511786,8
2025,17,3,0,9,19.0,2,0,1,6.003,20,15,0.0083638417198941,0.0087271578490122,0.0075081750195114,9.808578870725288,3.8864174816550507,10
2025,17,3,1,1,11.0,2,0,1,6.003,20,15,0.0139721919302072,0.0165263147502788,0.0135147150351204,9.058429359295985,4.1156753685607255,9
2025,17,3,2,6,4.0,2,0,1,6.003,20,15,0.0124727371864777,0.004797962346855,0.0064511030101854,7.622541188352692,3.871588891432359,8
2025,17,3,3,3,15.0,2,0,1,6.003,20,15,0.0140890325595887,0.0059036656037435,0.0075279333748258,7.1479947844525205,3.995593088048886,7
2025,17,3,4,4,13.0,2,0,1,6.003,20,15,0.0134658825362206,0.0125181404440583,0.0181480493563716,14.561401173887313,3.88819075679612,15
2025,17,3,6,0,16.0,2,0,1,6.003,20,15,0.0252667861037546,0.0200309991805948,0.0154707922112563,15.503211770254893,3.8790161308468876,16
2025,17,3,9,0,18.0,2,0,1,6.003,20,15,0.0264254556784547,0.0136337160514546,0.0207363939025715,13.322814565746091,4.043711755172494,13
2025,17,3,10,7,8.0,2,0,1,6.003,20,15,0.0123753699953263,0.0113532030841222,0.0103138614741708,11.583102156362573,3.8739558813095645,12
2025,17,3,11,2,12.0,2,0,1,6.003,20,15,0.0134658825362206,0.0,0.0027266530334014,5.304524769129897,3.8737790546091375,5
2025,17,3,12,4,17.0,2,0,1,6.003,20,15,0.0124824739055928,0.0150750792256126,0.0119044090769884,13.38180919398064,3.874209222247165,13
2025,17,3,14,7,3.0,2,0,1,6.003,20,15,0.0116743262190373,0.0068711559535209,0.0091184809776434,9.830019104713346,3.8747576225185534,10
2025,17,3,15,2,10.0,2,0,1,6.003,20,15,0.0053746689515501,0.0007305539375869,0.0097408691700503,9.499784163297907,3.8881515359564234,9
2025,17,3,18,5,7.0,2,0,1,6.003,20,15,0.0,0.0089443495601867,0.0,13.368866953701499,4.075471222493474,13
2025,17,3,19,3,20.0,2,0,1,6.003,20,15,0.0168932076647452,0.0086284343439328,0.0162512472461791,11.714847291989138,3.8810643075784417,12
2025,17,3,21,5,9.0,2,0,1,6.003,20,15,0.0030183829256893,0.0098920952089482,0.002509311124942,6.165309937069457,3.8885724491317686,6
2025,17,3,23,6,5.0,2,0,1,6.003,20,15,0.0053844056706653,0.0047091111922836,0.0073204706440235,9.161417231594198,4.0603073739752835,9
2025,17,3,24,9,2.0,2,0,1,6.003,20,15,0.0112459105779716,0.0094972011886308,0.012477401381109,12.448955334688788,3.8780899380660347,12
2025,17,3,26,1,14.0,2,0,1,6.003,20,15,0.0158221685620813,0.014591334050724,0.0210130108769745,11.3717862461894,4.638251753097998,11
2025,17,3,27,8,6.0,2,0,1,6.003,20,15,0.0100677675650413,0.0113630754346301,0.0159746302717762,14.104230449769759,3.8799918798587756,14
2025,17,3,28,8,1.0,2,0,1,6.003,20,15,0.010574076959028,0.0060122614593307,0.0021931774399098,7.25734795831654,3.887961688346506,7
2025,18,23,0,9,19.0,2,1,2,4.94,19,5,0.2843957153518591,0.0148378420089512,0.0057682921418113,10.500000683602611,5.82213698238148,11
2025,18,23,1,1,10.0,2,1,2,4.94,19,5,0.0,0.0017968560530898,0.0085969738651995,8.056525285065979,3.6761053774895673,8
2025,18,23,2,6,4.0,2,1,2,4.94,19,5,0.0140809517538083,0.0221024318186828,0.0009872653858099,3.5451295562058167,2.5319655395223104,4
2025,18,23,3,3,9.0,2,1,2,4.94,19,5,0.0156064796523113,0.0109905857971206,0.0072214580467676,7.563698258921476,4.554866865134323,8
2025,18,23,4,4,14.0,2,1,2,4.94,19,5,0.0164076561745467,0.0176929691117137,0.0060899853574123,5.678095016676063,2.1650336751606494,6
2025,18,23,6,0,16.0,2,1,2,4.94,19,5,0.0242328460424074,0.0267323676610004,0.0099724896836313,10.21439333970671,3.4821652564878,10
2025,18,23,9,0,18.0,2,1,2,4.94,19,5,0.013850476315905,0.0192252574023855,0.0165838399077073,16.208843808976955,2.3939016806106723,16
2025,18,23,10,7,8.0,2,1,2,4.94,19,5,0.0070130383247727,0.0014551226932998,0.0037826685006878,14.036579000240366,4.744619449632313,14
2025,18,23,11,2,6.0,2,1,2,4.94,19,5,0.0039949075903244,0.0085653813082875,0.0045591693659315,2.8549576501324214,3.40386240776385,3
2025,18,23,12,4,11.0,2,1,2,4.94,19,5,0.0131590500021949,0.014937054919858,0.0054244131872033,8.353025618412044,5.128353507912281,8
2025,18,23,14,7,12.0,2,1,2,4.94,19,5,0.0147614030466657,0.0212866812178935,0.0386031858721214,12.640108214564,4.776930661647843,13
2025,18,23,15,2,7.0,2,1,2,4.94,19,5,0.001646253127881,0.0082897898891019,0.005579713360252,7.06099903897127,2.3990701938278205,7
2025,18,23,18,5,5.0,2,1,2,4.94,19,5,0.0063874621361779,0.0053244262186653,0.0009872653858099,2.124716770498374,2.6165828337953485,2
2025,18,23,19,3,17.0,2,1,2,4.94,19,5,0.0111067211027701,0.006437815552175,0.0070550650042154,7.387064810892767,4.644226992226181,7
2025,18,23,21,5,3.0,2,1,2,4.94,19,5,0.0040058826111769,0.0,0.0001885787815593,3.4924928207803765,2.9826195798326505,3
2025,18,23,23,6,1.0,2,1,2,4.94,19,5,0.0112274463321479,0.0277465440836033,0.0005435506056707,3.589983801413349,2.678525502654628,4
2025,18,23,24,9,20.0,2,1,2,4.94,19,5,0.0076386145133675,0.0064488392089424,0.0027066601588498,5.121608133467832,2.7793549312568593,5
2025,18,23,26,1,15.0,2,1,2,4.94,19,5,0.021050089995171,0.0056000176378507,0.0123352708878733,11.642359729838743,3.5167217072221537,12
2025,18,23,27,8,13.0,2,1,2,4.94,19,5,0.0081654155142894,0.0109575148268183,0.0143319873985002,10.5,5.822136982381552,10
2025,18,23,28,8,2.0,2,1,2,4.94,19,5,0.0030291057553008,0.0015763829177414,0.0,3.4943414695434063,3.6435965997345456,3
2025,19,24,0,9,19.0,1,2,0,5.513,20,41,0.0139868373707438,0.0122848096953721,0.0134689908416667,13.769410282944104,5.312931866639829,14
2025,19,24,1,1,10.0,1,2,0,5.513,20,41,0.0139868373707438,0.0122848096953721,0.0134689908416667,12.133902701358544,4.830395559607686,12
2025,19,24,2,6,7.0,1,2,0,5.513,20,41,0.0139868373707438,0.0122848096953721,0.0134689908416667,15.18084538710537,4.694407931514676,15
2025,19,24,3,3,8.0,1,2,0,5.513,20,41,0.0139868373707438,0.0122848096953721,0.0134689908416667,14.479145135801943,4.854903518324694,14
2025,19,24,4,4,16.0,1,2,0,5.513,20,41,0.0139868373707438,0.0122848096953721,0.0134689908416667,15.126025486587476,4.684519005572706,15
2025,19,24,6,0,15.0,1,2,0,5.513,20,41,0.0139868373707438,0.0122848096953721,0.0134689908416667,15.124704937390186,4.68560529642166,15
2025,19,24,9,0,14.0,1,2,0,5.513,20,41,0.0139868373707438,0.0122848096953721,0.0134689908416667,9.773504218706856,4.804040775292223,10
2025,19,24,11,2,5.0,1,2,0,5.513,20,41,0.0139868373707438,0.0122848096953721,0.0134689908416667,21.282111812945303,5.249448495977895,21
2025,19,24,12,4,11.0,1,2,0,5.513,20,41,0.0139868373707438,0.0122848096953721,0.0134689908416667,15.93986290668834,4.7477371211321815,16
2025,19,24,14,7,12.0,1,2,0,5.513,20,41,0.0139868373707438,0.0122848096953721,0.0134689908416667,16.39055073313486,4.72873580853236,16
2025,19,24,15,2,3.0,1,2,0,5.513,20,41,0.0139868373707438,0.0122848096953721,0.0134689908416667,15.126024907047585,4.684519094806521,15
2025,19,24,18,5,2.0,1,2,0,5.513,20,41,0.0139868373707438,0.0122848096953721,0.0134689908416667,12.336863443738714,4.798163490126961,12
2025,19,24,19,3,17.0,1,2,0,5.513,20,41,0.0139868373707438,0.0122848096953721,0.0134689908416667,12.3310858727307,5.451468475877531,12
2025,19,24,21,5,6.0,1,2,0,5.513,20,41,0.0139868373707438,0.0122848096953721,0.0134689908416667,12.3368694136727,4.798163243331532,12
2025,19,24,23,6,4.0,1,2,0,5.513,20,41,0.0139868373707438,0.0122848096953721,0.0134689908416667,15.18141858874472,4.694542622469136,15
2025,19,24,24,9,9.0,1,2,0,5.513,20,41,0.0139868373707438,0.0122848096953721,0.0134689908416667,13.398372028271517,4.834517422878729,13
2025,19,24,26,1,18.0,1,2,0,5.513,20,41,0.0139868373707438,0.0122848096953721,0.0134689908416667,15.126023049314487,4.684518889093206,15
2025,19,24,27,8,13.0,1,2,0,5.513,20,41,0.0139868373707438,0.0122848096953721,0.0134689908416667,10.096237789134834,4.72155415961818,10
2025,19,24,28,8,1.0,1,2,0,5.513,20,41,0.0139868373707438,0.0122848096953721,0.0134689908416667,10.096236084027797,4.721554355984971,10
2025,20,10,0,9,17.0,1,2,0,4.304,17,8,0.0128093901505486,0.0189037626628076,0.0177599728576462,9.883625266060626,5.335905864952995,10
2025,20,10,1,1,14.0,1,2,0,4.304,17,8,0.0139321255422301,0.00705499276411,0.0258113345425601,12.414002888905976,5.29554224821759,12
2025,20,10,2,6,6.0,1,2,0,4.304,17,8,0.0013651441694309,0.0022482943973538,0.0080905093106103,7.1102441523823945,5.224002944021333,7
2025,20,10,3,3,10.0,1,2,0,4.304,17,8,0.0139868373707438,0.0135672937771345,0.0184385317030523,10.457705870591727,5.223640182686363,10
2025,20,10,4,4,16.0,1,2,0,4.304,17,8,0.0068384792038785,0.0120296671490593,0.0116529432489919,8.85622427435657,5.193748694734448,9
2025,20,10,6,0,20.0,1,2,0,4.304,17,8,0.012133197244195,0.0171723175522018,0.025419858285595,13.305720541138669,5.227621863526661,13
2025,20,10,9,0,18.0,1,2,0,4.304,17,8,0.0139868373707438,0.0232840603679967,0.0232145420380255,9.379707519132081,5.290060013588718,9
2025,20,10,10,7,9.0,1,2,0,4.304,17,8,0.01312834906864,0.011486975397974,0.0099565461354769,8.557244813397954,5.198713197519534,9
2025,20,10,11,2,3.0,1,2,0,4.304,17,8,0.0139868373707438,0.0038763696506098,0.0045019769550976,7.761348723173418,5.37389666404579,8
2025,20,10,12,4,13.0,1,2,0,4.304,17,8,0.0048481755549886,0.0123526979532768,0.013453734031031,9.330750115091805,5.234040587827442,9
2025,20,10,14,7,15.0,1,2,0,4.304,17,8,0.0139868373707438,0.0106729377713459,0.0119922226716951,9.51494313680004,5.19257469818399,10
2025,20,10,15,2,2.0,1,2,0,4.304,17,8,0.0,0.0019769485218111,0.0073858520480733,7.466170984372999,5.2750152372129575,7
2025,20,10,18,5,1.0,1,2,0,4.304,17,8,0.0139868373707438,0.0032432292743436,0.0,6.114570934946325,5.271154738202299,6
2025,20,10,19,3,12.0,1,2,0,4.304,17,8,0.0083949987241643,0.0112931569154435,0.012279305260136,7.8681101324542375,5.233363992483587,8
2025,20,10,21,5,8.0,1,2,0,4.304,17,8,0.0051543761163563,0.0108538350217077,0.0078164759307348,13.15500601120873,5.456380209770622,13
2025,20,10,23,6,4.0,1,2,0,4.304,17,8,0.0139868373707438,0.0056465784577216,0.0066811947855362,7.414476975177882,5.22433750904579,7
2025,20,10,24,9,7.0,1,2,0,4.304,17,8,0.0139868373707438,0.0070679139962786,0.0152414756045046,11.65210126842043,5.255291647504751,12
2025,20,10,26,1,19.0,1,2,0,4.304,17,8,0.0139868373707438,0.0072617324788091,0.012592486265708,9.584467703357888,5.317915741749933,10
2025,20,10,27,8,11.0,1,2,0,4.304,17,8,0.0090584332737944,0.0063443249948315,0.0102044810982215,10.242361496641898,5.262802795690872,10
2025,20,10,28,8,5.0,1,2,0,4.304,17,8,0.0139868373707438,0.0,0.0079469680163899,7.832998100589231,5.212372487853139,8
2025,21,16,0,9,12.0,1,2,0,4.309,15,43,0.0118899607002502,0.0122848096953721,0.0082318790347039,8.73055915707064,5.476569591436846,9
2025,21,16,1,1,11.0,1,2,0,4.309,15,43,0.0090175062522329,0.0122848096953721,0.0012564446947706,10.302313116140729,6.248096405768885,10
2025,21,16,2,6,2.0,1,2,0,4.309,15,43,0.0109896391568418,0.0122848096953721,0.0014008636252041,11.033375879318305,5.29691513357642,11
2025,21,16,3,3,8.0,1,2,0,4.309,15,43,0.0140907466952483,0.0122848096953721,0.0101526508094681,14.062501057037068,5.3270519860693435,14
2025,21,16,6,0,18.0,1,2,0,4.309,15,43,0.0169346195069668,0.0122848096953721,0.0173013878659215,13.659240757458468,5.331804060682507,14
2025,21,16,9,0,9.0,1,2,0,4.309,15,43,0.0100893176134334,0.0122848096953721,0.0087951128633942,12.5787066169019,5.297299433913294,13
2025,21,16,10,7,5.0,1,2,0,4.309,15,43,0.0104608788853161,0.0122848096953721,0.0052712909608192,10.22676605766259,6.214173881153865,10
2025,21,16,11,2,13.0,1,2,0,4.309,15,43,0.0221650589496248,0.0122848096953721,0.0082029952486173,12.633664581990999,5.313758918112474,13
2025,21,16,12,4,10.0,1,2,0,4.309,15,43,0.0088460164344408,0.0122848096953721,0.0071054113773234,12.570267024434184,5.256710355265698,13
2025,21,16,14,7,7.0,1,2,0,4.309,15,43,0.0117041800643087,0.0122848096953721,0.020550813800673,8.040290711680418,5.635157060944154,8
2025,21,16,15,2,3.0,1,2,0,4.309,15,43,0.0216934619506966,0.0122848096953721,0.0069609924468899,10.387251798580433,5.321461392613002,10
2025,21,16,18,5,1.0,1,2,0,4.309,15,43,0.0,0.0122848096953721,0.0,5.400786415501746,5.3651590340670685,5
2025,21,16,19,3,17.0,1,2,0,4.309,15,43,0.0133047516970348,0.0122848096953721,0.0235258437676011,8.552951252607842,6.081640999958704,9
2025,21,16,21,5,4.0,1,2,0,4.309,15,43,0.0003286888174349,0.0122848096953721,0.0024984474964978,11.291532879429804,5.282089311719182,11
2025,21,16,23,6,6.0,1,2,0,4.309,15,43,0.0095748481600571,0.0122848096953721,0.002036306919111,6.398164213489814,5.534600847202405,6
2025,21,16,24,9,15.0,1,2,0,4.309,15,43,0.0101607717041802,0.0122848096953721,0.0271074332423495,10.127383339180309,5.362354515468476,10
2025,21,16,26,1,14.0,1,2,0,4.309,15,43,0.0156484458735262,0.0122848096953721,0.0058345247895095,10.257539596718404,6.186996868489021,10
2025,21,16,27,8,19.0,1,2,0,4.309,15,43,0.0255519828510183,0.0122848096953721,0.0209263030197998,11.344880646984258,5.268733189375038,11
2025,21,16,28,8,16.0,1,2,0,4.309,15,43,0.0199071096820293,0.0122848096953721,0.0048669179556056,11.780750913660079,5.281301972560548,12
2025,22,19,0,9,16.0,2,0,1,6.201,17,3,0.0017510179110145,0.0049678425674663,0.0087290280051884,8.21594891898686,5.302949687378844,8
2025,22,19,1,1,7.0,2,0,1,6.201,17,3,0.0099575958313114,0.0150637806884467,0.015799434367491,10.401768932790983,2.731083489455402,10
2025,22,19,2,6,17.0,2,0,1,6.201,17,3,0.0077635492922089,0.0003098224396914,0.0141514449146235,9.89152744262904,5.973855752878464,10
2025,22,19,3,3,14.0,2,0,1,6.201,17,3,0.0125313811944894,0.0147860088459648,0.0162885151083419,10.488300339532316,2.7329167133178256,10
2025,22,19,4,4,18.0,2,0,1,6.201,17,3,0.0168350878673444,0.0202666609687826,0.0179046079911539,13.04251556823976,2.7452756538365604,13
2025,22,19,6,0,15.0,2,0,1,6.201,17,3,0.0206324761080988,0.0130552765966538,0.0239330597316435,12.523450816912112,2.9152379099880616,13
2025,22,19,9,0,10.0,2,0,1,6.201,17,3,0.0083015126263158,0.0082370034828315,0.0160333425478979,4.057167637371233,3.0227521880884307,4
2025,22,19,10,7,8.0,2,0,1,6.201,17,3,0.0052425054323748,0.0031089079293177,0.0118548918706274,6.707944859779888,4.220521028986809,7
2025,22,19,11,2,20.0,2,0,1,6.201,17,3,0.0080061602075905,0.0056088545116556,0.0129181108724775,10.499999999999966,6.204543232988738,10
2025,22,19,12,4,11.0,2,0,1,6.201,17,3,0.0144300753148667,0.0029593384756736,0.027601165288026,12.617579807315574,3.6246044836814795,13
2025,22,19,14,7,6.0,2,0,1,6.201,17,3,0.0095673087065673,0.0031943761885428,0.0147255831756224,7.03508510735504,4.187986813149331,7
2025,22,19,15,2,9.0,2,0,1,6.201,17,3,0.0,0.0017200487169077,0.019712080294299,6.076059224829016,3.267122778807512,6
2025,22,19,18,5,1.0,2,0,1,6.201,17,3,0.0048100251049554,0.0,0.0325132370765729,13.61996187553143,4.105935628666678,14
2025,22,19,19,3,13.0,2,0,1,6.201,17,3,0.0139343051834349,0.0173714236875279,0.0187445510026154,11.544512050731297,2.8504294816352127,12
2025,22,19,21,5,5.0,2,0,1,6.201,17,3,0.0068352988333579,0.0095190273712099,0.0315669721649264,15.873658337029681,3.0898824846360475,16
2025,22,19,23,6,4.0,2,0,1,6.201,17,3,0.0077213560895339,0.0046473365953719,0.0,2.3009376103850254,3.079617238880091,2
2025,22,19,24,9,3.0,2,0,1,6.201,17,3,0.0039767093521233,0.008899382491827,0.017096561549748,9.140575548931553,2.813716257130544,9
2025,22,19,26,1,12.0,2,0,1,6.201,17,3,0.0115187443302883,0.0062926005854575,0.0157250090373615,8.122135093061996,2.8731565097436174,8
2025,22,19,27,8,19.0,2,0,1,6.201,17,3,0.0028374928798969,0.0116450503194375,0.0277819125183405,9.39381580333498,4.121766736426154,9
2025,22,19,28,8,2.0,2,0,1,6.201,17,3,0.0032383283053098,0.0053738167987863,0.0024135071341995,6.086517854320867,4.6342783613367695,6
2025,23,21,0,9,15.0,1,0,0,5.38,16,6,0.008464732341456,0.0122848096953721,0.0091562051089874,9.810333539012635,3.864157535047493,10
2025,23,21,1,1,8.0,1,0,0,5.38,16,6,0.0047699075675942,0.0122848096953721,0.0049341078008868,5.325603796242572,4.42398474670003,5
2025,23,21,2,6,5.0,1,0,0,5.38,16,6,0.0095645296821707,0.0122848096953721,0.0059584035975265,7.287025554426867,3.804341693203117,7
2025,23,21,3,3,13.0,1,0,0,5.38,16,6,0.0123819880381592,0.0122848096953721,0.0179751420898131,10.617532895044446,4.076930006626499,11
2025,23,21,4,4,14.0,1,0,0,5.38,16,6,0.0123819880381592,0.0122848096953721,0.0188870151770655,14.016887517209298,3.806930083601502,14
2025,23,21,6,0,20.0,1,0,0,5.38,16,6,0.0321906974445157,0.0122848096953721,0.0288426706639185,16.25092533121548,3.8311537569963536,16
2025,23,21,9,0,9.0,1,0,0,5.38,16,6,0.0185359102367653,0.0122848096953721,0.0256948348010741,15.899632133877459,3.80322985720282,16
2025,23,21,10,7,6.0,1,0,0,5.38,16,6,0.0071548613513913,0.0122848096953721,0.0152645056523639,13.558636841425999,4.0819916598877946,14
2025,23,21,11,2,18.0,1,0,0,5.38,16,6,0.0107508279373237,0.0122848096953721,0.0248329273624383,15.747896977688983,3.7997549370523878,16
2025,23,21,12,4,11.0,1,0,0,5.38,16,6,0.0106148979289208,0.0122848096953721,0.015889076260071,14.9857123198822,4.768010355802811,15
2025,23,21,14,7,12.0,1,0,0,5.38,16,6,0.0202412139785476,0.0122848096953721,0.0224345762288425,14.41561582775234,4.407097541305805,14
2025,23,21,15,2,10.0,1,0,0,5.38,16,6,0.0091938114774356,0.0122848096953721,0.0070826306913995,8.132065206962734,3.780067652221075,8
2025,23,21,18,5,2.0,1,0,0,5.38,16,6,0.0007167218624881,0.0122848096953721,0.0028730247954529,5.400812478144052,3.8558234258213444,5
2025,23,21,19,3,17.0,1,0,0,5.38,16,6,0.0144827245316592,0.0122848096953721,0.0201236649803259,12.493038405153161,4.178046017705524,12
2025,23,21,21,5,1.0,1,0,0,5.38,16,6,0.0,0.0122848096953721,0.0,4.605523507274049,3.8381911658823307,5
2025,23,21,23,6,4.0,1,0,0,5.38,16,6,0.0111215461420591,0.0122848096953721,0.0003997251889325,4.509025522852301,3.8333905001733695,5
2025,23,21,24,9,7.0,1,0,0,5.38,16,6,0.0059314912757647,0.0122848096953721,0.006083317719068,8.040526159557965,3.9131317423110428,8
2025,23,21,26,1,19.0,1,0,0,5.38,16,6,0.0092061687509266,0.0122848096953721,0.0218849540940602,15.041778613126887,3.7912937291461812,15
2025,23,21,27,8,16.0,1,0,0,5.38,16,6,0.0107755424843062,0.0122848096953721,0.0057960152395228,6.231266619511941,4.052382747135511,6
2025,23,21,28,8,3.0,1,0,0,5.38,16,6,0.0071672186248825,0.0122848096953721,0.0059084379489101,5.033379286520916,3.8499188493573726,5
2025,24,0,0,9,17.0,1,2,0,5.281,16,5,0.0139868373707438,0.0104353477847454,0.0046559627522978,10.739910329354132,2.614538607661645,11
2025,24,0,1,1,6.0,1,2,0,5.281,16,5,0.0139868373707438,0.0075225978840436,0.0030119759041926,0.7880967698927552,1.5976126268347168,1
2025,24,0,2,6,14.0,1,2,0,5.281,16,5,0.001455879741966,0.0080281164618514,0.0044759641922863,2.8491590861601255,0.5327357973430591,3
2025,24,0,3,3,11.0,1,2,0,5.281,16,5,0.003243179262591,0.0050311134648484,0.003299973600211,2.9504161096772226,2.375639661630909,3
2025,24,0,4,4,7.0,1,2,0,5.281,16,5,0.0030419601112624,0.0058616082712467,0.0054839561283508,10.238327569976292,3.9712193842077497,10
2025,24,0,6,0,20.0,1,2,0,5.281,16,5,0.0043794756465645,0.0203170323652251,0.0140038879688962,7.358057735419701,1.3513469339886277,7
2025,24,0,9,0,19.0,1,2,0,5.281,16,5,0.0139868373707438,0.0226279744352032,0.0088559291525667,4.4505643074851235,1.4169990469906322,4
2025,24,0,10,7,9.0,1,2,0,5.281,16,5,0.0058235189678641,0.0069087538967056,0.0077399380804953,6.119184404906509,0.7733612948485628,6
2025,24,0,11,2,16.0,1,2,0,5.281,16,5,0.0139868373707438,0.0103029500619861,0.0136318909448723,18.441240937576605,4.051218472701216,18
2025,24,0,12,4,18.0,1,2,0,5.281,16,5,0.0017044445759602,0.0056208851389574,0.0064319485444116,10.5,6.460434586874552,10
2025,24,0,14,7,13.0,1,2,0,5.281,16,5,0.0139868373707438,0.0167422938507276,0.0073559411524707,5.685938648399434,0.766938281729503,6
2025,24,0,15,2,5.0,1,2,0,5.281,16,5,0.0001893827306623,0.0069207900533202,0.0040919672642618,14.697143179298912,2.181910214432828,15
2025,24,0,18,5,2.0,1,2,0,5.281,16,5,0.0,0.0,4.7999616002960106e-05,0.9731326603780239,0.7861043855866955,1
2025,24,0,19,3,8.0,1,2,0,5.281,16,5,0.0139868373707438,0.0105316370376611,0.0032519739842081,11.98125258414395,6.032540047787208,12
2025,24,0,21,5,3.0,1,2,0,5.281,16,5,0.0139868373707438,0.0081845864978395,0.0031079751361989,2.1920701677493,0.5357903887711616,2
2025,24,0,23,6,4.0,1,2,0,5.281,16,5,0.0029354323252648,0.0045617033568841,0.0,3.187234062928778,1.4221145275468388,3
2025,24,0,24,9,12.0,1,2,0,5.281,16,5,0.0033852163105876,0.0094965275688167,0.0057239542083663,11.267229327331135,2.26986435719642,11
2025,24,0,26,1,15.0,1,2,0,5.281,16,5,0.0139868373707438,0.0090150813042378,0.0067319461444307,10.384974502332215,3.1830129202751802,10
2025,24,0,27,8,10.0,1,2,0,5.281,16,5,0.0139868373707438,0.0146841110696532,0.0163078695370436,14.771022322427285,2.071894383840223,15
2025,24,0,28,8,1.0,1,2,0,5.281,16,5,9.46913653310714e-05,0.0043691248510525,0.0014879880960951,4.377244237335697,1.5719252028814152,4
