year,Round,Circuit,Driver,Team,AirTemp_C,TrackTemp_C,Humidity_pct,Pressure_hPa,WindSpeed_ms,Rainfall,Wet,GridPosition,IsSprintWeekend,circuit_layout,circuit_speed,circuit_character,track_length_km,num_corners,elevation_change_m,FP1_s_Delta_pct,FP2_s_Delta_pct,FP3_s_Delta_pct,pred_quali_position,pred_std,pred_quali_position_int
2025,1,1,0,9,30.1,40.7,48.0,1009.4,0.7,0.0,0,6.0,0,0,0,0,5.278,14,10,0.0059674830425102,0.0112900482737871,0.0044388245676425,13.332100865581207,3.9071173826701435,13
2025,1,1,1,1,30.1,40.7,48.0,1009.4,0.7,0.0,0,12.0,0,0,0,0,5.278,14,10,0.0062652099622017,0.0116563534321485,0.0177684698568247,9.783322442893585,3.660020205418861,10
2025,1,1,2,6,30.1,40.7,48.0,1009.4,0.7,0.0,0,16.0,0,0,0,0,5.278,14,10,0.0147310102003832,0.0156333808657885,0.0037539020824277,9.543432037489293,4.5722712747689505,10
2025,1,1,4,4,30.1,40.7,48.0,1009.4,0.7,0.0,0,15.0,0,0,0,0,5.278,14,10,0.0153523533371305,0.0184199165347532,0.010352866795748,15.529217362740035,3.9434345094688203,16
2025,1,1,8,0,30.1,40.7,48.0,1009.4,0.7,0.0,0,14.0,0,0,0,0,5.278,14,10,0.0126857557085901,0.0124936223655465,0.0141199404644299,15.903933984646933,4.24081526145206,16
2025,1,1,9,0,30.1,40.7,48.0,1009.4,0.7,0.0,0,9.0,0,0,0,0,5.278,14,10,0.0162196447988401,0.0137887727468962,0.0105109258307976,15.639375880082717,3.916536587129363,16
2025,1,1,10,7,30.1,40.7,48.0,1009.4,0.7,0.0,0,11.0,0,0,0,0,5.278,14,10,0.0077020659659296,0.0075877497089183,0.0106821564521014,15.511686466123496,4.257962716978396,16
2025,1,1,11,2,30.1,40.7,48.0,1009.4,0.7,0.0,0,8.0,0,0,0,0,5.278,14,10,0.0106016672707503,0.0054945773754235,0.0060194149181385,7.884354322575325,5.0538329214145215,8
2025,1,1,12,4,30.1,40.7,48.0,1009.4,0.7,0.0,0,17.0,0,0,0,0,5.278,14,10,0.0172681613421012,0.0094454401548948,0.0161351931613123,13.611111568736021,4.891217653452663,14
2025,1,1,14,8,30.1,40.7,48.0,1009.4,0.7,0.0,0,18.0,0,0,0,0,5.278,14,10,0.0155724123647284,0.0157118748282945,0.4075288787028621,9.74044070468036,5.3014154519842895,10
2025,1,1,15,2,30.1,40.7,48.0,1009.4,0.7,0.0,0,7.0,0,0,0,0,5.278,14,10,0.0027054315745871,0.0,0.0035168135298533,4.945262173410046,3.8756642924728197,5
2025,1,1,18,5,30.1,40.7,48.0,1009.4,0.7,0.0,0,1.0,0,0,0,0,5.278,14,10,0.0,0.0018446081188922,0.0089039923077934,6.724896256787369,4.339385946908475,7
2025,1,1,19,3,30.1,40.7,48.0,1009.4,0.7,0.0,0,19.0,0,0,0,0,5.278,14,10,0.024426552063377,0.0208663116995252,0.0191251432410004,11.805362421607962,5.014074167040441,12
2025,1,1,21,5,30.1,40.7,48.0,1009.4,0.7,0.0,0,2.0,0,0,0,0,5.278,14,10,0.0054108631491742,0.0016222085584585,0.0,6.0907541071001,3.68971361537717,6
2025,1,1,23,6,30.1,40.7,48.0,1009.4,0.7,0.0,0,4.0,0,0,0,0,5.278,14,10,0.0060063169885569,0.0110284017321001,0.000513691863911,8.66361765005398,3.959365449176177,9
2025,1,1,24,9,30.1,40.7,48.0,1009.4,0.7,0.0,0,10.0,0,0,0,0,5.278,14,10,0.0019287526536529,0.0112900482737871,0.0043597950501177,13.004488652278713,4.248436102115047,13
2025,1,1,26,1,30.1,40.7,48.0,1009.4,0.7,0.0,0,13.0,0,0,0,0,5.278,14,10,0.010420442189199,0.0109891547508471,0.0135272190829939,13.355021269430384,3.6295318350229633,13
2025,1,1,27,7,30.1,40.7,48.0,1009.4,0.7,0.0,0,5.0,0,0,0,0,5.278,14,10,0.010472220783928,0.004513402844098,0.0070336270597066,9.795099132144061,4.024707234003732,10
2025,1,1,28,8,30.1,40.7,48.0,1009.4,0.7,0.0,0,3.0,0,0,0,0,5.278,14,10,0.0057474240149122,0.0081633721006293,0.0010668984865845,4.667776838079045,3.9480116408981636,5
2025,2,7,0,9,26.1,38.7,14.0,1015.1,2.3,0.0,0,10.0,1,1,2,0,5.451,16,10,0.0129283965728273,0.0122848096953721,0.0075950203084238,14.392215645839217,3.7400946689641246,14
2025,2,7,1,1,26.1,38.7,14.0,1015.1,2.3,0.0,0,13.0,1,1,2,0,5.451,16,10,0.0137917468088826,0.0122848096953721,0.0106330284317933,9.366323676229278,4.58536167393367,9
2025,2,7,2,6,26.1,38.7,14.0,1015.1,2.3,0.0,0,8.0,1,1,2,0,5.451,16,10,0.0149720230809581,0.0122848096953721,0.0068905546566279,11.149671800594946,4.788492441508726,11
2025,2,7,3,3,26.1,38.7,14.0,1015.1,2.3,0.0,0,17.0,1,1,2,0,5.451,16,10,0.0159883720930231,0.0122848096953721,0.0124272143887108,10.75865490679564,4.666595824926746,11
2025,2,7,4,4,26.1,38.7,14.0,1015.1,2.3,0.0,0,19.0,1,1,2,0,5.451,16,10,0.0253322259136212,0.0122848096953721,0.0186022961177337,11.8728362392559,3.8105267051603064,12
2025,2,7,8,0,26.1,38.7,14.0,1015.1,2.3,0.0,0,18.0,1,1,2,0,5.451,16,10,0.0264360027976918,0.0122848096953721,0.0189985580468689,15.165478745485874,4.348217468211926,15
2025,2,7,9,0,26.1,38.7,14.0,1015.1,2.3,0.0,0,16.0,1,1,2,0,5.451,16,10,0.0176932155971323,0.0122848096953721,0.019714030974474,14.438283785258816,3.8143552085568926,14
2025,2,7,10,7,26.1,38.7,14.0,1015.1,2.3,0.0,0,7.0,1,1,2,0,5.451,16,10,0.0205564784053156,0.0122848096953721,0.0145516186199077,14.976265017731837,4.323610851228724,15
2025,2,7,11,2,26.1,38.7,14.0,1015.1,2.3,0.0,0,5.0,1,1,2,0,5.451,16,10,0.0075515824444831,0.0122848096953721,0.0,8.771581248965958,5.077316139570499,9
2025,2,7,12,4,26.1,38.7,14.0,1015.1,2.3,0.0,0,12.0,1,1,2,0,5.451,16,10,0.0109612694527015,0.0122848096953721,0.0200992856277999,11.52555917317594,4.8717089313376984,12
2025,2,7,14,8,26.1,38.7,14.0,1015.1,2.3,0.0,0,20.0,1,1,2,0,5.451,16,10,0.0232448854694876,0.0122848096953721,0.0206936785215026,8.211479058651628,5.114693126089203,8
2025,2,7,15,2,26.1,38.7,14.0,1015.1,2.3,0.0,0,6.0,1,1,2,0,5.451,16,10,0.0049615317363174,0.0122848096953721,0.0022895133683364,7.197334670927271,4.364048763784827,7
2025,2,7,18,5,26.1,38.7,14.0,1015.1,2.3,0.0,0,3.0,1,1,2,0,5.451,16,10,0.0,0.0122848096953721,0.0035773646380257,5.388654807352997,3.9866798344608516,5
2025,2,7,19,3,26.1,38.7,14.0,1015.1,2.3,0.0,0,11.0,1,1,2,0,5.451,16,10,0.0169610071690854,0.0122848096953721,0.0198351110083764,10.894945281331125,5.1047138761538475,11
2025,2,7,21,5,26.1,38.7,14.0,1015.1,2.3,0.0,0,1.0,1,1,2,0,5.451,16,10,0.0070925861164539,0.0122848096953721,0.0008805820647447,7.058732784739414,4.590018049339132,7
2025,2,7,23,6,26.1,38.7,14.0,1015.1,2.3,0.0,0,2.0,1,1,2,0,5.451,16,10,0.0095405665326104,0.0122848096953721,0.0035223282589791,9.934743655614355,4.570913912709133,10
2025,2,7,24,9,26.1,38.7,14.0,1015.1,2.3,0.0,0,15.0,1,1,2,0,5.451,16,10,0.0179336422451476,0.0122848096953721,0.0162467390945414,14.221376559044094,4.137034136278461,14
2025,2,7,26,1,26.1,38.7,14.0,1015.1,2.3,0.0,0,14.0,1,1,2,0,5.451,16,10,0.016174156321035,0.0122848096953721,0.0098294972977137,13.044634793924876,3.822704131877625,13
2025,2,7,27,7,26.1,38.7,14.0,1015.1,2.3,0.0,0,9.0,1,1,2,0,5.451,16,10,0.015627732121,0.0122848096953721,0.0101707228478023,10.172853401223069,4.62031128564222,10
2025,2,7,28,8,26.1,38.7,14.0,1015.1,2.3,0.0,0,4.0,1,1,2,0,5.451,16,10,0.0194527015212449,0.0122848096953721,0.0001981309645675,4.407524804986846,3.8621741794557596,4
2025,3,18,0,9,14.7,32.3,59.0,1013.3,3.0,0.0,0,9.0,0,1,0,2,5.807,18,40,0.0095201526838246,0.0103161813105748,0.0066958449383277,14.155099534087345,3.536355332963762,14
2025,3,18,1,1,14.7,32.3,59.0,1013.3,3.0,0.0,0,13.0,0,1,0,2,5.807,18,40,0.0076003116918315,0.0211544136005627,0.0205422611265844,9.347698773304847,3.6594531201099443,9
2025,3,18,2,6,14.7,32.3,59.0,1013.3,3.0,0.0,0,6.0,0,1,0,2,5.807,18,40,0.0083004889947938,0.0183739246884717,0.0131984311942249,9.006080604941172,4.440149107391576,9
2025,3,18,3,3,14.7,32.3,59.0,1013.3,3.0,0.0,0,10.0,0,1,0,2,5.807,18,40,0.0172559825633264,0.0174773588760014,0.0240891263570738,12.31675233603647,4.1656082106020325,12
2025,3,18,4,4,14.7,32.3,59.0,1013.3,3.0,0.0,0,17.0,0,1,0,2,5.807,18,40,0.0180465053247354,0.0138570488231153,0.0246575342465753,15.380482687301406,3.5920549193070523,15
2025,3,18,8,0,14.7,32.3,59.0,1013.3,3.0,0.0,0,19.0,0,1,0,2,5.807,18,40,0.0139868373707438,0.0402319722178087,0.0204854203376342,17.1167374346311,4.172728167194658,17
2025,3,18,9,0,14.7,32.3,59.0,1013.3,3.0,0.0,0,11.0,0,1,0,2,5.807,18,40,0.0112705959412301,0.0072973647774474,0.0072528846700391,15.715970040618242,3.564810352288049,16
2025,3,18,10,7,14.7,32.3,59.0,1013.3,3.0,0.0,0,7.0,0,1,0,2,5.807,18,40,0.007634191238749,0.0045849694713665,0.0093332575456147,16.205571994828382,4.130420876955145,16
2025,3,18,11,2,14.7,32.3,59.0,1013.3,3.0,0.0,0,8.0,0,1,0,2,5.807,18,40,0.0056691775175326,0.0048800417640782,0.0063548002046268,7.763253674411663,5.041124954057919,8
2025,3,18,12,4,14.7,32.3,59.0,1013.3,3.0,0.0,0,16.0,0,1,0,2,5.807,18,40,0.0166461507188109,0.0107587897496424,0.0301938270903199,13.57771988603562,4.821066358610591,14
2025,3,18,14,7,14.7,32.3,59.0,1013.3,3.0,0.0,0,14.0,0,1,0,2,5.807,18,40,0.0111463709358659,0.0050502757791042,0.0129483317228442,16.443388166786814,4.116364643622447,16
2025,3,18,15,2,14.7,32.3,59.0,1013.3,3.0,0.0,0,4.0,0,1,0,2,5.807,18,40,0.0046979638392302,0.005356697006151,0.0051043028477235,4.498872969544956,3.5282024747216254,4
2025,3,18,18,5,14.7,32.3,59.0,1013.3,3.0,0.0,0,2.0,0,1,0,2,5.807,18,40,0.0,0.0005560977824181,0.0,5.232236052952456,4.158568947849855,5
2025,3,18,19,3,14.7,32.3,59.0,1013.3,3.0,0.0,0,18.0,0,1,0,2,5.807,18,40,0.0177754689493952,0.0158090655287468,0.0252145739782868,11.74815525306893,4.996228295835471,12
2025,3,18,21,5,14.7,32.3,59.0,1013.3,3.0,0.0,0,3.0,0,1,0,2,5.807,18,40,0.0130887982924707,0.0,0.0002955721025407,5.561950512977143,3.5762612076014055,6
2025,3,18,23,6,14.7,32.3,59.0,1013.3,3.0,0.0,0,5.0,0,1,0,2,5.807,18,40,0.0018407887158522,0.0051410672537847,0.0012732336724833,8.120010509772644,3.5989506063322527,8
2025,3,18,24,9,14.7,32.3,59.0,1013.3,3.0,0.0,0,12.0,0,1,0,2,5.807,18,40,0.00885385492778,0.0081485348525772,0.0100153470130165,13.839433344870804,3.9882119669431466,14
2025,3,18,26,1,14.7,32.3,59.0,1013.3,3.0,0.0,0,20.0,0,1,0,2,5.807,18,40,0.0136534574077628,0.030993939669065,0.0261694992326492,15.882114920787643,3.69325281104003,16
2025,3,18,27,8,14.7,32.3,59.0,1013.3,3.0,0.0,0,15.0,0,1,0,2,5.807,18,40,0.0070356525765394,0.0284971741153505,0.0093218893878246,9.874402831664794,5.3069839666788425,10
2025,3,18,28,8,14.7,32.3,59.0,1013.3,3.0,0.0,0,1.0,0,1,0,2,5.807,18,40,0.0058272820698143,0.0063100074902966,0.0060478599442959,4.442728020244371,3.5886913977738932,4
2025,4,4,0,9,26.3,30.8,58.0,1004.2,3.1,0.0,0,15.0,0,1,2,0,5.412,15,15,0.007767906956783,0.0131594939506104,0.0229906378892695,14.830726620394028,3.534433983551348,15
2025,4,4,1,1,26.3,30.8,58.0,1004.2,3.1,0.0,0,13.0,0,1,2,0,5.412,15,15,0.0139868373707438,0.0145848295674272,0.0207537699408594,8.632950315594147,3.646459915975092,9
2025,4,4,2,6,26.3,30.8,58.0,1004.2,3.1,0.0,0,4.0,0,1,2,0,5.412,15,15,0.0520042058280761,0.0079774598088504,0.0138576697291752,8.801832663024754,4.741502283209194,9
2025,4,4,3,3,26.3,30.8,58.0,1004.2,3.1,0.0,0,20.0,0,1,2,0,5.412,15,15,0.0139868373707438,0.0119219932600409,0.0293411605525608,11.577202812429604,4.311831681559766,12
2025,4,4,4,4,26.3,30.8,58.0,1004.2,3.1,0.0,0,18.0,0,1,2,0,5.412,15,15,0.0152783142354406,0.0139992265620685,0.0313379743796783,14.920713199491262,3.776635014570066,15
2025,4,4,8,0,26.3,30.8,58.0,1004.2,3.1,0.0,0,11.0,0,1,2,0,5.412,15,15,0.0127891506802283,0.0141760123750069,0.0185605481963205,16.75644308128573,4.129183553564285,17
2025,4,4,9,0,26.3,30.8,58.0,1004.2,3.1,0.0,0,5.0,0,1,2,0,5.412,15,15,0.0025535384747435,0.0159328213910834,0.0144905396853109,16.36830886325609,3.7113496045023866,16
2025,4,4,10,7,26.3,30.8,58.0,1004.2,3.1,0.0,0,12.0,0,1,2,0,5.412,15,15,0.0156967512123944,0.0080990000552456,0.0150252056827356,16.65616590139733,4.13396020860524,17
2025,4,4,11,2,26.3,30.8,58.0,1004.2,3.1,0.0,0,9.0,0,1,2,0,5.412,15,15,0.0063945753401141,0.0118336003535716,0.0159854221679069,7.9050350203006445,5.050348205877887,8
2025,4,4,12,4,26.3,30.8,58.0,1004.2,3.1,0.0,0,16.0,0,1,2,0,5.412,15,15,0.0113514441440282,0.021998784597536,0.0326255373938851,13.391214678816686,4.854221092661003,13
2025,4,4,14,7,26.3,30.8,58.0,1004.2,3.1,0.0,0,17.0,0,1,2,0,5.412,15,15,0.0127998798334836,0.0132699850836971,0.0188115138685813,16.738820521754928,4.129200815441977,17
2025,4,4,15,2,26.3,30.8,58.0,1004.2,3.1,0.0,0,3.0,0,1,2,0,5.412,15,15,0.0139868373707438,0.0059665211866748,0.0091002335071907,4.724073677407239,3.594746313719057,5
2025,4,4,18,5,26.3,30.8,58.0,1004.2,3.1,0.0,0,6.0,0,1,2,0,5.412,15,15,0.0,0.0017015634495332,0.0072889160465267,5.369688106191192,4.214287451804516,5
2025,4,4,19,3,26.3,30.8,58.0,1004.2,3.1,0.0,0,14.0,0,1,2,0,5.412,15,15,0.0105145701901206,0.0150820396663168,0.0173930122427601,11.24458465949477,5.025180025678886,11
2025,4,4,21,5,26.3,30.8,58.0,1004.2,3.1,0.0,0,1.0,0,1,2,0,5.412,15,15,0.0139908158448135,0.0,0.0,6.212255247414053,3.668070318193728,6
2025,4,4,23,6,26.3,30.8,58.0,1004.2,3.1,0.0,0,2.0,0,1,2,0,5.412,15,15,0.0139868373707438,0.0058228827136622,0.0128865416930362,6.742000779603792,3.6928167031404047,7
2025,4,4,24,9,26.3,30.8,58.0,1004.2,3.1,0.0,0,8.0,0,1,2,0,5.412,15,15,0.0139868373707438,0.0123529086790786,0.0157781026995176,14.59104390469491,3.9816484199023026,15
2025,4,4,26,1,26.3,30.8,58.0,1004.2,3.1,0.0,0,19.0,0,1,2,0,5.412,15,15,0.0205141410239904,0.0207391856803492,0.0296466839796608,15.753256089551755,3.6680832087896267,16
2025,4,4,27,8,26.3,30.8,58.0,1004.2,3.1,0.0,0,10.0,0,1,2,0,5.412,15,15,0.0137333161666881,0.01678360311585,0.0362154376623093,9.88477276131843,5.307122223477302,10
2025,4,4,28,8,26.3,30.8,58.0,1004.2,3.1,0.0,0,7.0,0,1,2,0,5.412,15,15,0.0139868373707438,0.009115518479642,0.0150688518866071,4.642295935813078,3.8643911206367285,5
2025,5,22,0,9,29.5,37.150000000000006,59.0,1006.3,0.9,0.0,0,11.0,0,2,0,1,6.174,27,5,0.0041125516870425,0.010796787021197,0.0102870075095153,13.926445026445741,3.599489238666651,14
2025,5,22,1,1,29.5,37.150000000000006,59.0,1006.3,0.9,0.0,0,13.0,0,2,0,1,6.174,27,5,0.0082587209628076,0.015804320980661,0.0159905816731246,7.721232615263228,3.6814053235565076,8
2025,5,22,2,6,29.5,37.150000000000006,59.0,1006.3,0.9,0.0,0,5.0,0,2,0,1,6.174,27,5,0.0077880747206937,0.0110460307929351,0.0136017099292482,8.949889755257,4.4721805179721565,9
2025,5,22,3,3,29.5,37.150000000000006,59.0,1006.3,0.9,0.0,0,15.0,0,2,0,1,6.174,27,5,0.0151951501025335,0.01684661311702,0.0171450125158591,11.369448640842847,4.223366562636878,11
2025,5,22,4,4,29.5,37.150000000000006,59.0,1006.3,0.9,0.0,0,20.0,0,2,0,1,6.174,27,5,0.0201593473705441,0.0122848096953721,0.0219570460286435,15.360143024813965,3.591099623663547,15
2025,5,22,8,0,29.5,37.150000000000006,59.0,1006.3,0.9,0.0,0,17.0,0,2,0,1,6.174,27,5,0.0105783345846547,0.0186366365685931,0.0161048817565635,16.628183012930492,4.179017659297992,17
2025,5,22,9,0,29.5,37.150000000000006,59.0,1006.3,0.9,0.0,0,9.0,0,2,0,1,6.174,27,5,0.0,0.0095052511131,0.0129844894786772,15.640306824421517,3.7135742755360224,16
2025,5,22,10,7,29.5,37.150000000000006,59.0,1006.3,0.9,0.0,0,14.0,0,2,0,1,6.174,27,5,0.0086509261645692,0.0117711035834457,0.0146304106801998,16.3728977846424,4.182683504767588,16
2025,5,22,11,2,29.5,37.150000000000006,59.0,1006.3,0.9,0.0,0,7.0,0,2,0,1,6.174,27,5,0.0064545770347044,0.012507505636308,0.0147561407719827,7.871896976252197,5.059574959604618,8
2025,5,22,12,4,29.5,37.150000000000006,59.0,1006.3,0.9,0.0,0,18.0,0,2,0,1,6.174,27,5,0.0075863691883592,0.0104908969377004,0.0197853444433013,13.298047699979925,4.834194921895066,13
2025,5,22,14,7,29.5,37.150000000000006,59.0,1006.3,0.9,0.0,0,12.0,0,2,0,1,6.174,27,5,0.007485516422192,0.0138330293314602,0.0156819714478391,16.384394326647953,4.184833788927809,16
2025,5,22,15,2,29.5,37.150000000000006,59.0,1006.3,0.9,0.0,0,4.0,0,2,0,1,6.174,27,5,0.000784410403523,0.005460704453533,0.010092697367669,4.530676752959625,3.58626436420227,5
2025,5,22,18,5,29.5,37.150000000000006,59.0,1006.3,0.9,0.0,0,10.0,0,2,0,1,6.174,27,5,7.844104035220914e-05,0.0,0.0,5.578315731843692,4.323640372245218,6
2025,5,22,19,3,29.5,37.150000000000006,59.0,1006.3,0.9,0.0,0,19.0,0,2,0,1,6.174,27,5,0.0200584946043769,0.019848867640228,0.0211112254111944,11.52827089436034,5.009531683407344,12
2025,5,22,21,5,29.5,37.150000000000006,59.0,1006.3,0.9,0.0,0,2.0,0,2,0,1,6.174,27,5,0.0011429980165621,0.0018466697633318,0.0002743202002537,5.1118574293975225,3.69085777175547,5
2025,5,22,23,6,29.5,37.150000000000006,59.0,1006.3,0.9,0.0,0,3.0,0,2,0,1,6.174,27,5,0.0042470220419322,0.0079984592203202,0.007166615231629,8.132041610653745,3.6634985610616595,8
2025,5,22,24,9,29.5,37.150000000000006,59.0,1006.3,0.9,0.0,0,6.0,0,2,0,1,6.174,27,5,0.0060511659700354,0.0076472520874165,0.0123558390197623,13.693948407641772,4.02962754357478,14
2025,5,22,26,1,29.5,37.150000000000006,59.0,1006.3,0.9,0.0,0,16.0,0,2,0,1,6.174,27,5,0.0150606797476439,0.0197129164920073,0.0227342865960291,14.992487763786947,3.8825246374855222,15
2025,5,22,27,8,29.5,37.150000000000006,59.0,1006.3,0.9,0.0,0,8.0,0,2,0,1,6.174,27,5,0.0065218122121493,0.0078851665968028,0.013498839854153,9.858652325546005,5.307227079154629,10
2025,5,22,28,8,29.5,37.150000000000006,59.0,1006.3,0.9,0.0,0,1.0,0,2,0,1,6.174,27,5,0.0064881946234269,0.0031721934584839,0.0096583570506006,4.22911694631859,3.6443723670685477,4
2025,6,20,0,9,27.8,39.7,63.5,1013.5,2.7,0.0,0,7.0,1,0,2,0,5.412,19,5,0.0094917822054907,0.0122848096953721,0.0082213639832566,14.785833565513803,4.491135938348557,15
2025,6,20,1,1,27.8,39.7,63.5,1013.5,2.7,0.0,0,17.0,1,0,2,0,5.412,19,5,0.0127972637957946,0.0122848096953721,0.0148470201891723,13.412439737804567,3.8449978211006686,13
2025,6,20,2,6,27.8,39.7,63.5,1013.5,2.7,0.0,0,3.0,1,0,2,0,5.412,19,5,0.0126136259296667,0.0122848096953721,0.0,9.556355291176772,5.012553072772471,10
2025,6,20,3,3,27.8,39.7,63.5,1013.5,2.7,0.0,0,20.0,1,0,2,0,5.412,19,5,0.0214397208704434,0.0122848096953721,0.0386554427510927,11.175397496682887,4.918703100093554,11
2025,6,20,4,4,27.8,39.7,63.5,1013.5,2.7,0.0,0,13.0,1,0,2,0,5.412,19,5,0.0188573133780185,0.0122848096953721,0.0327235725353252,13.250515934327888,4.783912517508119,13
2025,6,20,8,0,27.8,39.7,63.5,1013.5,2.7,0.0,0,14.0,1,0,2,0,5.412,19,5,0.0255830502249563,0.0122848096953721,0.0310931754584769,15.451669365189963,4.592338606775108,15
2025,6,20,9,0,27.8,39.7,63.5,1013.5,2.7,0.0,0,18.0,1,0,2,0,5.412,19,5,0.0224497291341474,0.0122848096953721,0.0194838232233297,10.03663607015418,4.848245206962259,10
2025,6,20,10,7,27.8,39.7,63.5,1013.5,2.7,0.0,0,11.0,1,0,2,0,5.412,19,5,0.0096409879717198,0.0122848096953721,0.0122684489257881,15.232737918368873,4.588665977783242,15
2025,6,20,11,2,27.8,39.7,63.5,1013.5,2.7,0.0,0,12.0,1,0,2,0,5.412,19,5,0.0163896795519235,0.0122848096953721,0.0063365787100206,8.740219577044156,5.198040810896911,9
2025,6,20,12,4,27.8,39.7,63.5,1013.5,2.7,0.0,0,16.0,1,0,2,0,5.412,19,5,0.0165847947846845,0.0122848096953721,0.0158183205753797,12.19770601755247,5.104129463938231,12
2025,6,20,14,7,27.8,39.7,63.5,1013.5,2.7,0.0,0,15.0,1,0,2,0,5.412,19,5,0.0143007988247176,0.0122848096953721,0.0218889479891769,15.34619389100524,4.584100391518269,15
2025,6,20,15,2,27.8,39.7,63.5,1013.5,2.7,0.0,0,8.0,1,0,2,0,5.412,19,5,0.0040859425213478,0.0122848096953721,0.0037695705464721,8.042954198273744,4.825316571633922,8
2025,6,20,18,5,27.8,39.7,63.5,1013.5,2.7,0.0,0,2.0,1,0,2,0,5.412,19,5,0.0144959140574787,0.0122848096953721,0.0011563099835803,7.881934643321108,5.088714533804858,8
2025,6,20,19,3,27.8,39.7,63.5,1013.5,2.7,0.0,0,9.0,1,0,2,0,5.412,19,5,0.0235400789642824,0.0122848096953721,0.0183622025392566,10.892848195270163,5.169789802759098,11
2025,6,20,21,5,27.8,39.7,63.5,1013.5,2.7,0.0,0,4.0,1,0,2,0,5.412,19,5,0.0,0.0122848096953721,0.0005203394926111,6.73023800880545,3.8440000167600057,7
2025,6,20,23,6,27.8,39.7,63.5,1013.5,2.7,0.0,0,5.0,1,0,2,0,5.412,19,5,0.0106739509686898,0.0122848096953721,0.0035729978492634,8.737548463903039,4.857682702750805,9
2025,6,20,24,9,27.8,39.7,63.5,1013.5,2.7,0.0,0,6.0,1,0,2,0,5.412,19,5,0.0063125516481498,0.0122848096953721,0.0163849124673342,14.404574835442704,4.657732791548022,14
2025,6,20,26,1,27.8,39.7,63.5,1013.5,2.7,0.0,0,19.0,1,0,2,0,5.412,19,5,0.0256404370581213,0.0122848096953721,0.029439652181957,13.295867777228569,4.930656352534407,13
2025,6,20,27,8,27.8,39.7,63.5,1013.5,2.7,0.0,0,10.0,1,0,2,0,5.412,19,5,0.0117872555320907,0.0122848096953721,0.0319604079461621,9.989549541420274,5.3104540764382975,10
2025,6,20,28,8,27.8,39.7,63.5,1013.5,2.7,0.0,0,1.0,1,0,2,0,5.412,19,5,0.0049352676521899,0.0122848096953721,0.0029485904581299,8.282207354628985,4.851190747381981,8
2025,7,11,0,9,22.9,39.5,30.0,1008.6,2.0,0.0,0,7.0,0,1,2,2,4.909,19,20,0.0049252073943431,0.0082743415722575,0.0111486441379493,13.464716330715902,3.792035459394881,13
2025,7,11,1,1,22.9,39.5,30.0,1008.6,2.0,0.0,0,5.0,0,1,2,2,4.909,19,20,0.0075249853027629,0.0123119015047878,0.0123102393954363,9.490707840068902,4.02437364786949,9
2025,7,11,2,6,22.9,39.5,30.0,1008.6,2.0,0.0,0,13.0,0,1,2,2,4.909,19,20,0.0071722516166959,0.0147822506740334,0.0067025381523958,8.78203251289404,4.596623470543726,9
2025,7,11,3,3,22.9,39.5,30.0,1008.6,2.0,0.0,0,19.0,0,1,2,2,4.909,19,20,0.0117708537461623,0.0095095161568803,0.0139791980987222,11.44273226295054,4.4504719772996015,11
2025,7,11,4,4,22.9,39.5,30.0,1008.6,2.0,0.0,0,14.0,0,1,2,2,4.909,19,20,0.0049644000261283,0.0138923937152191,0.0153410684006035,14.490554041170164,3.717125213049087,14
2025,7,11,6,0,22.9,39.5,30.0,1008.6,2.0,0.0,0,15.0,0,1,2,2,4.909,19,20,0.0108171663727219,0.0099743668070071,0.0175307422193143,14.6891228329395,4.819256764230606,15
2025,7,11,9,0,22.9,39.5,30.0,1008.6,2.0,0.0,0,10.0,0,1,2,2,4.909,19,20,0.0019726957998562,0.0036656794124287,0.0145933749015312,14.262750966798325,3.7456887102051932,14
2025,7,11,10,7,22.9,39.5,30.0,1008.6,2.0,0.0,0,9.0,0,1,2,2,4.909,19,20,0.014318374812202,0.0066274421260939,0.008157870141661,15.44383216445124,4.175396406416836,15
2025,7,11,11,2,22.9,39.5,30.0,1008.6,2.0,0.0,0,12.0,0,1,2,2,4.909,19,20,0.0012541642171272,0.0086329406452125,0.0118829859673952,8.272988687392164,5.065647006213785,8
2025,7,11,12,4,22.9,39.5,30.0,1008.6,2.0,0.0,0,17.0,0,1,2,2,4.909,19,20,0.0059180873995689,0.0149549094869375,0.0179045889688504,13.060540485945786,4.8505491578773725,13
2025,7,11,14,7,22.9,39.5,30.0,1008.6,2.0,0.0,0,16.0,0,1,2,2,4.909,19,20,0.0096805800509504,0.0127767521549146,0.0144198031963896,15.518075983697827,4.17401408636455,16
2025,7,11,15,2,22.9,39.5,30.0,1008.6,2.0,0.0,0,11.0,0,1,2,2,4.909,19,20,0.0069501600365797,0.0063086873945784,0.0073968249729627,5.824780462311691,3.614055936725206,6
2025,7,11,18,5,22.9,39.5,30.0,1008.6,2.0,0.0,0,4.0,0,1,2,2,4.909,19,20,0.0004180547390423,0.0003320361786619,0.0,4.91629198717035,3.8350039530125133,5
2025,7,11,19,3,22.9,39.5,30.0,1008.6,2.0,0.0,0,18.0,0,1,2,2,4.909,19,20,0.0145927232346986,0.0149681909340841,0.0198939877431672,11.3981295760584,5.050471770999115,11
2025,7,11,21,5,22.9,39.5,30.0,1008.6,2.0,0.0,0,1.0,0,1,2,2,4.909,19,20,0.0,0.0,0.0013351669626286,5.885815000149947,4.047211452853034,6
2025,7,11,23,6,22.9,39.5,30.0,1008.6,2.0,0.0,0,3.0,0,1,2,2,4.909,19,20,0.000705467372134,0.0053125788585923,0.0102140272641093,7.751667883723547,4.078870594262898,8
2025,7,11,24,9,22.9,39.5,30.0,1008.6,2.0,0.0,0,6.0,0,1,2,2,4.909,19,20,0.0006793389509437,0.0085134076208942,0.0074769349907204,13.0954116566713,4.194110787437847,13
2025,7,11,26,1,22.9,39.5,30.0,1008.6,2.0,0.0,0,8.0,0,1,2,2,4.909,19,20,0.0063622705598013,0.013918956609512,0.0143930998571369,14.185155648693685,3.6392552554611868,14
2025,7,11,28,8,22.9,39.5,30.0,1008.6,2.0,0.0,0,2.0,0,1,2,2,4.909,19,20,0.0047031158142269,0.0058703996387445,0.0024166522023578,5.092976501688368,4.070315067756577,5
2025,8,14,0,9,21.1,40.5,59.0,1014.9,0.8,0.0,0,10.0,0,2,1,2,3.337,19,42,0.0048635428825523,0.0078901268306355,0.0100770932871055,12.421318660948138,3.5829350525500594,12
2025,8,14,1,1,21.1,40.5,59.0,1014.9,0.8,0.0,0,7.0,0,2,1,2,3.337,19,42,0.0106025234839642,0.0074977226543339,0.0161797246064295,11.498856108038417,3.5695297596855036,11
2025,8,14,2,6,21.1,40.5,59.0,1014.9,0.8,0.0,0,15.0,0,2,1,2,3.337,19,42,0.0111305652826413,0.0090673393595402,0.0149394669710935,8.592234168805312,4.51932046970028,9
2025,8,14,3,3,21.1,40.5,59.0,1014.9,0.8,0.0,0,17.0,0,2,1,2,3.337,19,42,0.0189678172419542,0.0126690491205941,0.018293800121207,12.019726448490346,4.193173410929985,12
2025,8,14,4,4,21.1,40.5,59.0,1014.9,0.8,0.0,0,16.0,0,2,1,2,3.337,19,42,0.0209271302317825,0.0123186882488962,0.0232266429890208,15.23352250311604,3.624903378088927,15
2025,8,14,6,0,21.1,40.5,59.0,1014.9,0.8,0.0,0,20.0,0,2,1,2,3.337,19,42,0.0257906731143348,0.0288697358279027,0.0267501021803164,15.44628360256634,4.793776606264139,15
2025,8,14,9,0,21.1,40.5,59.0,1014.9,0.8,0.0,0,18.0,0,2,1,2,3.337,19,42,0.0097965649491412,0.0147011421764416,0.0174904514255915,17.046471415178974,3.6068059034692714,17
2025,8,14,10,7,21.1,40.5,59.0,1014.9,0.8,0.0,0,6.0,0,2,1,2,3.337,19,42,0.0169946084153187,0.006825029780674,0.0185756768565106,16.0477483536055,4.091406922289346,16
2025,8,14,11,2,21.1,40.5,59.0,1014.9,0.8,0.0,0,4.0,0,2,1,2,3.337,19,42,0.0100883775220943,0.0014715156611308,0.0079348300987978,7.730899804143148,5.041979831700496,8
2025,8,14,12,4,21.1,40.5,59.0,1014.9,0.8,0.0,0,13.0,0,2,1,2,3.337,19,42,0.0141042743594019,0.0127110924251979,0.0165179766887939,13.349615788196262,4.831211054400586,13
2025,8,14,14,7,21.1,40.5,59.0,1014.9,0.8,0.0,0,9.0,0,2,1,2,3.337,19,42,0.0203574009226836,0.0065587555181835,0.012134793454822,16.04866924390499,4.096853695882055,16
2025,8,14,15,2,21.1,40.5,59.0,1014.9,0.8,0.0,0,2.0,0,2,1,2,3.337,19,42,0.0,0.0,0.0,3.991259528941498,3.5525506652046013,4
2025,8,14,18,5,21.1,40.5,59.0,1014.9,0.8,0.0,0,1.0,0,2,1,2,3.337,19,42,0.0045300427991774,0.0045126480274683,0.0041435880089636,5.512657969855249,4.189606087100219,6
2025,8,14,19,3,21.1,40.5,59.0,1014.9,0.8,0.0,0,8.0,0,2,1,2,3.337,19,42,0.0198710466344284,0.0166211197533458,0.0217890716389721,11.557348741913307,5.002839090645519,12
2025,8,14,21,5,21.1,40.5,59.0,1014.9,0.8,0.0,0,3.0,0,2,1,2,3.337,19,42,0.0052526263131565,0.0005325485249806,0.0062717573605061,4.501940043770011,3.663353735547051,5
2025,8,14,23,6,21.1,40.5,59.0,1014.9,0.8,0.0,0,14.0,0,2,1,2,3.337,19,42,0.0071980434661775,0.0103286384976525,0.0156864403196482,8.075700712292058,3.880656616898518,8
2025,8,14,24,9,21.1,40.5,59.0,1014.9,0.8,0.0,0,11.0,0,2,1,2,3.337,19,42,0.0079206269801568,0.0111554901548593,0.0132482065592715,12.65474933803508,3.993183662666744,13
2025,8,14,26,1,21.1,40.5,59.0,1014.9,0.8,0.0,0,19.0,0,2,1,2,3.337,19,42,0.0510116169195709,0.0162147011421763,0.0176032021197129,15.979006605819094,4.066827478672234,16
2025,8,14,27,8,21.1,40.5,59.0,1014.9,0.8,0.0,0,12.0,0,2,1,2,3.337,19,42,0.0176199210716469,0.0100483498002942,0.0140797429284173,9.940529069151232,5.3069639072987185,10
2025,8,14,28,8,21.1,40.5,59.0,1014.9,0.8,0.0,0,5.0,0,2,1,2,3.337,19,42,0.0022650213995886,0.0099922920608225,0.0039462742942511,6.059758105780233,3.613177531428877,6
2025,9,9,0,9,29.2,47.8,36.0,1005.5,1.7,0.0,0,11.0,0,1,2,0,4.657,14,30,0.0139868373707438,0.0148295766904891,0.0262754361971072,17.616719733550177,3.6203075651701395,18
2025,9,9,1,1,29.2,47.8,36.0,1005.5,1.7,0.0,0,10.0,0,1,2,0,4.657,14,30,0.0146504245910089,0.0074354040681692,0.0141876303756199,9.737625566969509,4.085896024564854,10
2025,9,9,2,6,29.2,47.8,36.0,1005.5,1.7,0.0,0,6.0,0,1,2,0,4.657,14,30,0.0223961583331071,0.0073941726223199,0.0140632986585989,9.542576884846522,4.684745310292207,10
2025,9,9,3,3,29.2,47.8,36.0,1005.5,1.7,0.0,0,15.0,0,1,2,0,4.657,14,30,0.0119238177921266,0.0187740516767454,0.0286377388205063,12.203517908076105,4.485221267446299,12
2025,9,9,4,4,29.2,47.8,36.0,1005.5,1.7,0.0,0,12.0,0,1,2,0,4.657,14,30,0.0194932038308146,0.0164788345244639,0.0184425380247833,15.779851032217412,4.029309350755597,16
2025,9,9,6,0,29.2,47.8,36.0,1005.5,1.7,0.0,0,19.0,0,1,2,0,4.657,14,30,0.0245801568138039,0.021206706981858,0.0234572506112975,16.209113258682784,4.838781031353592,16
2025,9,9,9,0,29.2,47.8,36.0,1005.5,1.7,0.0,0,8.0,0,1,2,0,4.657,14,30,0.0139450337773676,0.0085898845519516,0.0216475333968805,14.734291752079121,4.118639691473518,15
2025,9,9,10,7,29.2,47.8,36.0,1005.5,1.7,0.0,0,9.0,0,1,2,0,4.657,14,30,0.0120323394557638,0.0087960417811984,0.0137455620484341,18.05843128914837,4.1961901972761035,18
2025,9,9,11,2,29.2,47.8,36.0,1005.5,1.7,0.0,0,5.0,0,1,2,0,4.657,14,30,0.0051276486068531,0.0106239692138537,0.0157486841559948,8.529357755167249,5.054197074576449,9
2025,9,9,12,4,29.2,47.8,36.0,1005.5,1.7,0.0,0,16.0,0,1,2,0,4.657,14,30,0.0155592935239696,0.0114348543155579,0.0185944990122536,13.665579562970171,4.904465326252928,14
2025,9,9,14,7,29.2,47.8,36.0,1005.5,1.7,0.0,0,13.0,0,1,2,0,4.657,14,30,0.00842399413983,0.0100879604178119,0.0172682940306961,17.989879975566893,4.203856472882506,18
2025,9,9,15,2,29.2,47.8,36.0,1005.5,1.7,0.0,0,7.0,0,1,2,0,4.657,14,30,0.0070539081364116,0.0068719076415612,0.0102642739718457,6.286979098077289,3.9934996527882016,6
2025,9,9,18,5,29.2,47.8,36.0,1005.5,1.7,0.0,0,2.0,0,1,2,0,4.657,14,30,0.0,0.0042605827377678,0.0072664981281168,4.546490876076249,4.363443451438921,5
2025,9,9,19,3,29.2,47.8,36.0,1005.5,1.7,0.0,0,17.0,0,1,2,0,4.657,14,30,0.0139868373707438,0.0171110500274874,0.0241894262781991,11.58702400209676,5.05818387571558,12
2025,9,9,21,5,29.2,47.8,36.0,1005.5,1.7,0.0,0,1.0,0,1,2,0,4.657,14,30,0.0078135597818713,0.0,0.0,7.956651814592227,3.7024094057953882,8
2025,9,9,23,6,29.2,47.8,36.0,1005.5,1.7,0.0,0,4.0,0,1,2,0,4.657,14,30,0.014012859817141,0.003930731170973,0.0103886056888667,9.082229624719073,4.200706846892685,9
2025,9,9,24,9,29.2,47.8,36.0,1005.5,1.7,0.0,0,18.0,0,1,2,0,4.657,14,30,0.0165088580807943,0.0132078064870807,0.0189398648928674,16.84919616891961,4.046286282550344,17
2025,9,9,26,1,29.2,47.8,36.0,1005.5,1.7,0.0,0,14.0,0,1,2,0,4.657,14,30,0.0144876420955532,0.0148295766904891,0.0209568016356527,15.37903142617351,3.6430242136003907,15
2025,9,9,27,8,29.2,47.8,36.0,1005.5,1.7,0.0,0,20.0,0,1,2,0,4.657,14,30,0.01254781735804,0.0126855415063221,0.020791026012958,9.922830064941294,5.307272439846335,10
2025,9,9,28,8,29.2,47.8,36.0,1005.5,1.7,0.0,0,3.0,0,1,2,0,4.657,14,30,0.0049784313193519,0.0042605827377678,0.0136488596018622,4.960471634700508,4.142088883319577,5
2025,10,15,0,9,21.3,43.1,31.0,1018.9,2.3,0.0,0,10.0,0,0,2,0,4.361,14,5,0.0005328378396841,0.0044645952054128,0.0107800944302843,11.750423502604487,4.53512186755331,12
2025,10,15,1,1,21.3,43.1,31.0,1018.9,2.3,0.0,0,6.0,0,0,2,0,4.361,14,5,0.0106430942849725,0.0046448428379295,0.0062396412206297,9.126634681629282,4.513153335657613,9
2025,10,15,2,6,21.3,43.1,31.0,1018.9,2.3,0.0,0,4.0,0,0,2,0,4.361,14,5,0.011052969546268,0.0039931783203693,0.0076463460493877,8.271139383837054,4.821614829929563,8
2025,10,15,3,3,21.3,43.1,31.0,1018.9,2.3,0.0,0,14.0,0,0,2,0,4.361,14,5,0.01813014905797,0.0132689987937272,0.0142898926168887,10.596837780528945,4.737402041291176,11
2025,10,15,4,4,21.3,43.1,31.0,1018.9,2.3,0.0,0,16.0,0,0,2,0,4.361,14,5,0.0154522973508395,0.0107178015334913,0.0191228290087604,13.89272440925695,4.501829388293822,14
2025,10,15,6,0,21.3,43.1,31.0,1018.9,2.3,0.0,0,12.0,0,0,2,0,4.361,14,5,0.0198379626467011,0.0246107344397763,0.017562918703603,13.403794297997324,4.961993175373025,13
2025,10,15,9,0,21.3,43.1,31.0,1018.9,2.3,0.0,0,20.0,0,0,2,0,4.361,14,5,0.0085254054349459,0.010412767078463,0.0123260769648601,13.783070643955059,4.3546681608550895,14
2025,10,15,10,7,21.3,43.1,31.0,1018.9,2.3,0.0,0,9.0,0,0,2,0,4.361,14,5,0.005984178814914,0.009372876890867,0.0118664605356619,12.765878700077351,4.564574851484944,13
2025,10,15,11,2,21.3,43.1,31.0,1018.9,2.3,0.0,0,5.0,0,0,2,0,4.361,14,5,0.0058338912191057,0.0073485573256797,0.0034958704160223,9.234280356283755,5.107620096879043,9
2025,10,15,12,4,21.3,43.1,31.0,1018.9,2.3,0.0,0,13.0,0,0,2,0,4.361,14,5,0.0222425641796346,0.0109673751785144,0.0177300519505842,12.729100926133174,5.015116600095934,13
2025,10,15,14,7,21.3,43.1,31.0,1018.9,2.3,0.0,0,19.0,0,0,2,0,4.361,14,5,0.0074324047381579,0.0087073471708054,0.0138163484171087,12.802541875984232,4.558150094211117,13
2025,10,15,15,2,21.3,43.1,31.0,1018.9,2.3,0.0,0,8.0,0,0,2,0,4.361,14,5,0.0094544560272158,0.0122848096953721,0.0010863661053773,10.217165360321236,3.7306057710593894,10
2025,10,15,18,5,21.3,43.1,31.0,1018.9,2.3,0.0,0,7.0,0,0,2,0,4.361,14,5,0.0062574289891109,0.0003882256700357,0.0,5.76998847118408,4.482307773211229,6
2025,10,15,19,3,21.3,43.1,31.0,1018.9,2.3,0.0,0,15.0,0,0,2,0,4.361,14,5,0.0192914622983073,0.0145861930313491,0.0143177481580522,10.58411848789648,5.1181622354170955,11
2025,10,15,21,5,21.3,43.1,31.0,1018.9,2.3,0.0,0,3.0,0,0,2,0,4.361,14,5,0.0137308212533984,0.0060868238980629,0.0100279948188693,5.164331815873341,4.087714449252149,5
2025,10,15,23,6,21.3,43.1,31.0,1018.9,2.3,0.0,0,1.0,0,0,2,0,4.361,14,5,0.0046725779787684,0.0,0.0021030933578461,7.480028654271029,4.5308952196585635,7
2025,10,15,24,9,21.3,43.1,31.0,1018.9,2.3,0.0,0,17.0,0,0,2,0,4.361,14,5,0.0011203257142077,0.0070435228706514,0.0100279948188693,11.772890620839842,4.6779133663718175,12
2025,10,15,26,1,21.3,43.1,31.0,1018.9,2.3,0.0,0,18.0,0,0,2,0,4.361,14,5,0.0137991337969478,0.5148149688726202,0.013858131728854,10.56629028223755,5.31405711889897,11
2025,10,15,27,8,21.3,43.1,31.0,1018.9,2.3,0.0,0,11.0,0,0,2,0,4.361,14,5,0.0100282813930295,0.0113140052410463,0.0247078650120473,10.062207662755164,5.307776673617334,10
2025,10,15,28,8,21.3,43.1,31.0,1018.9,2.3,0.0,0,2.0,0,0,2,0,4.361,14,5,0.0,0.0075288049581963,0.0038022813688212,5.129867780689619,4.207674641555796,5
2025,11,2,0,9,27.8,47.2,34.0,945.3,1.3,0.0,0,12.0,0,1,0,1,4.318,10,65,0.0061639864514356,0.0183493341591824,0.0153908339033641,14.350775861274007,4.010056853472522,14
2025,11,2,1,1,27.8,47.2,34.0,945.3,1.3,0.0,0,11.0,0,1,0,1,4.318,10,65,0.0095816423056971,0.0135800557448125,0.0142870468254461,9.469863655808865,4.173255294845678,9
2025,11,2,2,6,27.8,47.2,34.0,945.3,1.3,0.0,0,9.0,0,1,0,1,4.318,10,65,0.008971346617436,0.0148188293589347,0.01133325041975,8.288347863512694,4.660737130332731,8
2025,11,2,3,3,27.8,47.2,34.0,945.3,1.3,0.0,0,15.0,0,1,0,1,4.318,10,65,0.0182478410790027,0.0194332610715391,0.0161992413407126,10.913712638696168,4.486910181396556,11
2025,11,2,4,4,27.8,47.2,34.0,945.3,1.3,0.0,0,8.0,0,1,0,1,4.318,10,65,0.0050654542125658,0.0128677609166925,0.013338722716249,14.313222683448284,4.174703467788757,14
2025,11,2,6,0,27.8,47.2,34.0,945.3,1.3,0.0,0,14.0,0,1,0,1,4.318,10,65,0.0107412041133928,0.0247135336017343,0.018997574777688,14.670752737371634,4.868067626788147,15
2025,11,2,9,0,27.8,47.2,34.0,945.3,1.3,0.0,0,10.0,0,1,0,1,4.318,10,65,0.0036312593451527,0.0159956642923505,0.0161992413407126,13.128649943262271,3.73836224804067,13
2025,11,2,10,7,27.8,47.2,34.0,945.3,1.3,0.0,0,13.0,0,1,0,1,4.318,10,65,0.0086661987733056,0.0149736760606998,0.0264131583856725,15.50229280922862,4.302410547343534,16
2025,11,2,11,2,27.8,47.2,34.0,945.3,1.3,0.0,0,4.0,0,1,0,1,4.318,10,65,0.0084983674590339,0.0144162279343449,0.0072445743423917,8.01341328632047,5.09625021099239,8
2025,11,2,12,4,27.8,47.2,34.0,945.3,1.3,0.0,0,20.0,0,1,0,1,4.318,10,65,0.0091239205395013,0.0207184886961908,0.0149088987003296,13.133447948836018,4.932243441454136,13
2025,11,2,14,7,27.8,47.2,34.0,945.3,1.3,0.0,0,6.0,0,1,0,1,4.318,10,65,0.0098715327576209,0.0149117373799939,0.013338722716249,15.381158230627786,4.300695794496248,15
2025,11,2,15,2,27.8,47.2,34.0,945.3,1.3,0.0,0,2.0,0,1,0,1,4.318,10,65,0.0139868373707438,0.0094456488076803,0.0038865742180212,5.345328596066059,4.166914667642661,5
2025,11,2,18,5,27.8,47.2,34.0,945.3,1.3,0.0,0,1.0,0,1,0,1,4.318,10,65,0.0139868373707438,0.0,0.0,5.128026977978514,4.45098628529195,5
2025,11,2,19,3,27.8,47.2,34.0,945.3,1.3,0.0,0,17.0,0,1,0,1,4.318,10,65,0.0147691556559153,0.0173118612573551,0.0185778247621417,10.928689927636627,5.0614532781865185,11
2025,11,2,21,5,27.8,47.2,34.0,945.3,1.3,0.0,0,3.0,0,1,0,1,4.318,10,65,0.0023648957920112,0.0024310932177144,0.0018344630309059,6.508032727592876,3.7354688402378633,7
2025,11,2,23,6,27.8,47.2,34.0,945.3,1.3,0.0,0,5.0,0,1,0,1,4.318,10,65,0.0,0.0100495509445648,0.010789130029227,7.713203196819251,4.268763526963599,8
2025,11,2,24,9,27.8,47.2,34.0,945.3,1.3,0.0,0,19.0,0,1,0,1,4.318,10,65,0.0072472612980988,0.019108082997832,0.0155773894658291,14.099638796569124,4.296792513618823,14
2025,11,2,26,1,27.8,47.2,34.0,945.3,1.3,0.0,0,16.0,0,1,0,1,4.318,10,65,0.0094290683836317,0.0068442242180242,0.0114731670915987,13.247408163151468,4.16448251921417,13
2025,11,2,27,8,27.8,47.2,34.0,945.3,1.3,0.0,0,18.0,0,1,0,1,4.318,10,65,0.0109853223886973,0.011025085165686,0.0126702319507492,10.009419308559231,5.307872926078348,10
2025,11,2,28,8,27.8,47.2,34.0,945.3,1.3,0.0,0,7.0,0,1,0,1,4.318,10,65,0.000991730493424,0.0049241251161349,0.0032647223431379,5.2316174117791645,4.241430346026171,5
2025,12,6,0,9,19.9,27.4,76.0,994.9,4.0,0.0,0,14.0,0,1,0,0,5.891,18,25,0.0047415182065093,0.0119325067586464,0.0072633277971413,12.997169093978954,3.9534192284364766,13
2025,12,6,1,1,19.9,27.4,76.0,994.9,4.0,0.0,0,9.0,0,1,0,0,5.891,18,25,0.0090457119182433,0.01235200894938,0.0163278673185337,9.874097840344522,4.100990453391639,10
2025,12,6,2,6,19.9,27.4,76.0,994.9,4.0,0.0,0,7.0,0,1,0,0,5.891,18,25,0.0054665561846891,0.0066071595040551,0.010807270345505,7.711224610681871,4.631746653219196,8
2025,12,6,3,3,19.9,27.4,76.0,994.9,4.0,0.0,0,8.0,0,1,0,0,5.891,18,25,0.0144432168669153,0.0164305024704017,0.0071814545369481,12.48677462201116,4.27210731170993,12
2025,12,6,4,4,19.9,27.4,76.0,994.9,4.0,0.0,0,17.0,0,1,0,0,5.891,18,25,0.0173203517009622,0.0126782884310617,0.0117312685676857,15.218540882539482,3.6664257688772173,15
2025,12,6,6,0,19.9,27.4,76.0,994.9,4.0,0.0,0,20.0,0,1,0,0,5.891,18,25,0.0137411959674078,0.0171646313041856,0.0245502818779385,15.38603791083382,4.824557580917216,15
2025,12,6,9,0,19.9,27.4,76.0,994.9,4.0,0.0,0,10.0,0,1,0,0,5.891,18,25,0.0165722966441099,0.0158245548615643,0.027836908465695,13.668261135065318,4.091618383475365,14
2025,12,6,10,7,19.9,27.4,76.0,994.9,4.0,0.0,0,13.0,0,1,0,0,5.891,18,25,0.0037402752842609,0.0082502097510953,0.0073802895974174,16.043413194944414,4.246426325394399,16
2025,12,6,11,2,19.9,27.4,76.0,994.9,4.0,0.0,0,5.0,0,1,0,0,5.891,18,25,0.0,0.0035075044280787,0.0097546141430207,8.122288594572803,5.0890840070877665,8
2025,12,6,12,4,19.9,27.4,76.0,994.9,4.0,0.0,0,19.0,0,1,0,0,5.891,18,25,0.0139868373707438,0.0157196793138809,0.0117078762076304,13.448754346445533,4.84560906283202,13
2025,12,6,14,7,19.9,27.4,76.0,994.9,4.0,0.0,0,16.0,0,1,0,0,5.891,18,25,0.00528241955531,0.0094154936142443,0.008865704460923,16.16605082605229,4.23659482341368,16
2025,12,6,15,2,19.9,27.4,76.0,994.9,4.0,0.0,0,6.0,0,1,0,0,5.891,18,25,0.002336233485246,0.0025869301761908,0.0,5.507751984515939,4.087631706084235,6
2025,12,6,18,5,19.9,27.4,76.0,994.9,4.0,0.0,0,3.0,0,1,0,0,5.891,18,25,0.0002646964047324,0.0,0.001263187442981,4.618498175439775,4.40406865346281,5
2025,12,6,19,3,19.9,27.4,76.0,994.9,4.0,0.0,0,15.0,0,1,0,0,5.891,18,25,0.0134074483266584,0.0131094434604269,0.0102809422442629,11.806453780585954,5.023185838256301,12
2025,12,6,21,5,19.9,27.4,76.0,994.9,4.0,0.0,0,2.0,0,1,0,0,5.891,18,25,0.0017262809004281,0.0054768341568005,0.0007953402418769,5.21437950040363,3.6909271611358068,5
2025,12,6,23,6,19.9,27.4,76.0,994.9,4.0,0.0,0,4.0,0,1,0,0,5.891,18,25,0.0031188141601068,0.0082385569124638,0.007333504877307,7.413287319359309,4.208033540337885,7
2025,12,6,24,9,19.9,27.4,76.0,994.9,4.0,0.0,0,11.0,0,1,0,0,5.891,18,25,0.0117041845049027,0.0156497622820919,0.0097546141430207,13.280088223440071,4.2399060135321545,13
2025,12,6,26,1,19.9,27.4,76.0,994.9,4.0,0.0,0,18.0,0,1,0,0,5.891,18,25,0.0109561294480504,0.0071548429197352,0.0245853704180213,15.347756153778189,4.078460527359512,15
2025,12,6,27,8,19.9,27.4,76.0,994.9,4.0,0.0,0,12.0,0,1,0,0,5.891,18,25,0.0139868373707438,0.0135639041670551,0.0070878850967273,10.003369921221635,5.307623909652915,10
2025,12,6,28,8,19.9,27.4,76.0,994.9,4.0,0.0,0,1.0,0,1,0,0,5.891,18,25,0.0062146112415412,0.0058031136384822,0.0010175676624013,5.085204573795493,4.162836435161946,5
2025,13,5,0,9,22.6,37.3,55.0,967.8,1.3,0.0,0,5.0,1,1,0,1,7.004,19,100,0.0121444394346316,0.0122848096953721,0.0268828972241567,13.863444882399662,3.5520139202128553,14
2025,13,5,1,1,22.6,37.3,55.0,967.8,1.3,0.0,0,19.0,1,1,0,1,7.004,19,100,0.0107623845837172,0.0122848096953721,0.0190727290816834,9.760859733612785,3.6175752604690676,10
2025,13,5,2,6,22.6,37.3,55.0,967.8,1.3,0.0,0,18.0,1,1,0,1,7.004,19,100,0.0093803297328026,0.0122848096953721,0.0485921798825987,8.376182725851928,4.456130113815898,8
2025,13,5,3,3,22.6,37.3,55.0,967.8,1.3,0.0,0,12.0,1,1,0,1,7.004,19,100,0.0299445217698142,0.0122848096953721,0.0134016515769574,12.764800134181932,4.284154769792196,13
2025,13,5,4,4,22.6,37.3,55.0,967.8,1.3,0.0,0,10.0,1,1,0,1,7.004,19,100,0.0121542412420849,0.0122848096953721,0.0138394189632871,14.058246761231935,3.605136735453657,14
2025,13,5,6,0,22.6,37.3,55.0,967.8,1.3,0.0,0,17.0,1,1,0,1,7.004,19,100,0.0276901060555565,0.0122848096953721,0.0306138692667396,15.584702827904826,4.785530518943634,16
2025,13,5,9,0,22.6,37.3,55.0,967.8,1.3,0.0,0,13.0,1,1,0,1,7.004,19,100,0.0186920468134323,0.0122848096953721,0.0143169833847377,13.436383765492863,3.5816029443515256,13
2025,13,5,10,7,22.6,37.3,55.0,967.8,1.3,0.0,0,8.0,1,1,0,1,7.004,19,100,0.0107819881986237,0.0122848096953721,0.0145358670779026,16.230865112591893,4.128034295140436,16
2025,13,5,11,2,22.6,37.3,55.0,967.8,1.3,0.0,0,16.0,1,1,0,1,7.004,19,100,0.0104193213228518,0.0122848096953721,0.02883295194508,8.017139741691395,5.055011577522325,8
2025,13,5,12,4,22.6,37.3,55.0,967.8,1.3,0.0,0,14.0,1,1,0,1,7.004,19,100,0.0141930171923702,0.0122848096953721,0.0269326435180578,13.127768983925783,4.823623620928805,13
2025,13,5,14,7,22.6,37.3,55.0,967.8,1.3,0.0,0,9.0,1,1,0,1,7.004,19,100,0.0142714316519965,0.0122848096953721,0.0165058203163863,16.414087997389593,4.120156064312397,16
2025,13,5,15,2,22.6,37.3,55.0,967.8,1.3,0.0,0,3.0,1,1,0,1,7.004,19,100,0.0088804375526846,0.0122848096953721,0.0076410307432096,4.925042402768494,3.5857745494663806,5
2025,13,5,18,5,22.6,37.3,55.0,967.8,1.3,0.0,0,1.0,1,1,0,1,7.004,19,100,0.0049401109564602,0.0122848096953721,0.0061486419261764,4.646372192161342,4.219009449018611,5
2025,13,5,19,3,22.6,37.3,55.0,967.8,1.3,0.0,0,11.0,1,1,0,1,7.004,19,100,0.0151731979376995,0.0122848096953721,0.0104964680131329,11.70028079317336,5.017495808172463,12
2025,13,5,21,5,22.6,37.3,55.0,967.8,1.3,0.0,0,2.0,1,1,0,1,7.004,19,100,0.0,0.0122848096953721,0.0,5.377303052901305,3.6661108205088233,5
2025,13,5,23,6,22.6,37.3,55.0,967.8,1.3,0.0,0,6.0,1,1,0,1,7.004,19,100,0.0056458410930975,0.0122848096953721,0.0181076509800019,7.981748466992258,3.7784029321976464,8
2025,13,5,24,9,22.6,37.3,55.0,967.8,1.3,0.0,0,15.0,1,1,0,1,7.004,19,100,0.0117131599066867,0.0122848096953721,0.0124465227340562,13.529251942248141,4.019404399396587,14
2025,13,5,26,1,22.6,37.3,55.0,967.8,1.3,0.0,0,20.0,1,1,0,1,7.004,19,100,0.0106839701240907,0.0122848096953721,0.0221470500447716,15.55043847438198,3.8267168068754134,16
2025,13,5,27,8,22.6,37.3,55.0,967.8,1.3,0.0,0,7.0,1,1,0,1,7.004,19,100,0.0242104644096371,0.0122848096953721,0.0166550591980896,9.877814067021516,5.307019117375943,10
2025,13,5,28,8,22.6,37.3,55.0,967.8,1.3,0.0,0,4.0,1,1,0,1,7.004,19,100,0.0039599302111308,0.0122848096953721,0.0047457964381652,4.671297473485035,3.9066472964496115,5
2025,14,17,0,9,28.3,41.0,36.0,983.4,1.9,0.0,0,20.0,0,1,1,2,4.381,14,35,0.0122547730500182,0.0184729715434254,0.021544129424956,14.057496751227951,4.222107944431488,14
2025,14,17,1,1,28.3,41.0,36.0,983.4,1.9,0.0,0,5.0,0,1,1,2,4.381,14,35,0.0139868373707438,0.0080529990479214,0.0117197928346414,9.682827221832481,4.231846277252863,10
2025,14,17,2,6,28.3,41.0,36.0,983.4,1.9,0.0,0,15.0,0,1,1,2,4.381,14,35,0.0108872876452951,0.0118480905532635,0.0110657269475146,7.9014486074672785,4.749070281750677,8
2025,14,17,3,3,28.3,41.0,36.0,983.4,1.9,0.0,0,11.0,0,1,1,2,4.381,14,35,0.0108609898490505,0.0124695863746958,0.0161647712104223,11.376877450735375,4.595517412769115,11
2025,14,17,4,4,28.3,41.0,36.0,983.4,1.9,0.0,0,7.0,0,1,1,2,4.381,14,35,0.0210382369957396,0.0174812228922035,0.01417587698222,13.232882935107932,4.193097300637355,13
2025,14,17,6,0,28.3,41.0,36.0,983.4,1.9,0.0,0,14.0,0,1,1,2,4.381,14,35,0.0185662441487402,0.0202977890616736,0.0177665652197127,14.808002197684011,4.895277448748744,15
2025,14,17,9,0,28.3,41.0,36.0,983.4,1.9,0.0,0,17.0,0,1,1,2,4.381,14,35,0.0140824698890232,0.0187638844811172,0.022078060761386,14.194786088483056,4.233009244429667,14
2025,14,17,10,7,28.3,41.0,36.0,983.4,1.9,0.0,0,10.0,0,1,1,2,4.381,14,35,0.00827065691895,0.0106183222257485,0.0272304981579369,15.485846842939287,4.466826073552368,15
2025,14,17,11,2,28.3,41.0,36.0,983.4,1.9,0.0,0,12.0,0,1,1,2,4.381,14,35,0.0089675485194339,0.0093224373214852,0.0102514816594586,8.41802835225314,5.104627263151278,8
2025,14,17,12,4,28.3,41.0,36.0,983.4,1.9,0.0,0,19.0,0,1,1,2,4.381,14,35,0.0139868373707438,0.0139638210092035,0.0148032463025256,12.247390033166072,4.942842089797029,12
2025,14,17,14,7,28.3,41.0,36.0,983.4,1.9,0.0,0,9.0,0,1,1,2,4.381,14,35,0.0148845526744857,0.0157092986353538,0.0194217523626461,15.755204573666974,4.4490709754386675,16
2025,14,17,15,2,28.3,41.0,36.0,983.4,1.9,0.0,0,1.0,0,1,1,2,4.381,14,35,0.0028533108925471,0.0052761028245001,0.0053259650808906,6.447110507448764,4.217519543973861,6
2025,14,17,18,5,28.3,41.0,36.0,983.4,1.9,0.0,0,3.0,0,1,1,2,4.381,14,35,0.0,0.0,0.000427145069144,5.291755683977527,4.542936949586596,5
2025,14,17,19,3,28.3,41.0,36.0,983.4,1.9,0.0,0,18.0,0,1,1,2,4.381,14,35,0.0125177510124651,0.0142811805775943,0.0215574777083668,11.290192912949223,5.085597308323172,11
2025,14,17,21,5,28.3,41.0,36.0,983.4,1.9,0.0,0,2.0,0,1,1,2,4.381,14,35,0.0002498290643242,0.0038479847667408,0.0,5.670219268367461,4.311295201037716,6
2025,14,17,23,6,28.3,41.0,36.0,983.4,1.9,0.0,0,4.0,0,1,1,2,4.381,14,35,0.0114789880608003,0.0104860890722522,0.0123338138715362,7.31968586844326,4.3952870893048805,7
2025,14,17,24,9,28.3,41.0,36.0,983.4,1.9,0.0,0,13.0,0,1,1,2,4.381,14,35,0.0150291905538314,0.0165291441870305,0.0203694804848096,13.845093952256828,4.445155811950678,14
2025,14,17,26,1,28.3,41.0,36.0,983.4,1.9,0.0,0,6.0,0,1,1,2,4.381,14,35,0.0119129016988375,0.0065455410980641,0.0121736344706071,14.382200880381198,4.290361074209882,14
2025,14,17,27,8,28.3,41.0,36.0,983.4,1.9,0.0,0,16.0,0,1,1,2,4.381,14,35,0.0176326723820543,0.0113852745160267,0.0261893320518981,9.967374514402222,5.307951879601764,10
2025,14,17,28,8,28.3,41.0,36.0,983.4,1.9,0.0,0,8.0,0,1,1,2,4.381,14,35,0.0116762215326354,0.0154316090130117,0.0166319611297988,5.3007917059556,4.297397329344865,5
2025,15,8,0,9,20.6,34.2,64.0,1006.1,4.0,0.0,0,15.0,0,1,2,2,4.259,14,30,0.0127066791883662,0.0266990985834883,0.01633996404338,13.45355107794044,3.731188484543567,13
2025,15,8,1,1,20.6,34.2,64.0,1006.1,4.0,0.0,0,10.0,0,1,2,2,4.259,14,30,0.008011041862318,0.0012448132780083,0.0182682827814186,8.557786058536824,3.819648473365254,9
2025,15,8,2,6,20.6,34.2,64.0,1006.1,4.0,0.0,0,11.0,0,1,2,2,4.259,14,30,0.0568741284612538,0.0185291171841465,0.0250101490459898,9.458966867420196,4.892168618465065,9
2025,15,8,3,3,20.6,34.2,64.0,1006.1,4.0,0.0,0,19.0,0,1,2,2,4.259,14,30,0.0325279603858958,0.0174989268851051,0.0235312880589225,12.77540831982737,4.580120496206708,13
2025,15,8,4,4,20.6,34.2,64.0,1006.1,4.0,0.0,0,13.0,0,1,2,2,4.259,14,30,0.0175161501465607,0.0204607239948489,0.0201386069709448,15.764337403543609,3.6415257342630136,16
2025,15,8,6,0,20.6,34.2,64.0,1006.1,4.0,0.0,0,16.0,0,1,2,2,4.259,14,30,0.0284299496286176,0.0152668479038488,0.030186162500725,15.315757948435461,4.864625366635541,15
2025,15,8,9,0,20.6,34.2,64.0,1006.1,4.0,0.0,0,14.0,0,1,2,2,4.259,14,30,0.0189959873644667,0.0319358992702818,0.0288667865220669,13.712808670570814,4.301230500585401,14
2025,15,8,10,7,20.6,34.2,64.0,1006.1,4.0,0.0,0,4.0,0,1,2,2,4.259,14,30,0.0212584308033808,0.0122848096953721,0.0173113727309633,16.467646631870803,4.2595694893649325,16
2025,15,8,11,2,20.6,34.2,64.0,1006.1,4.0,0.0,0,7.0,0,1,2,2,4.259,14,30,0.0239335211588262,0.0121333524109314,0.0203125906164822,9.187039034529064,5.071142036483768,9
2025,15,8,12,4,20.6,34.2,64.0,1006.1,4.0,0.0,0,17.0,0,1,2,2,4.259,14,30,0.0227240388172684,0.0170267563313778,0.023589282607435,13.883480002083582,4.8450269665737355,14
2025,15,8,14,7,20.6,34.2,64.0,1006.1,4.0,0.0,0,8.0,0,1,2,2,4.259,14,30,0.0209880759270325,0.0207325797682071,0.01925419010613,16.6703561770224,4.262641593947856,17
2025,15,8,15,2,20.6,34.2,64.0,1006.1,4.0,0.0,0,6.0,0,1,2,2,4.259,14,30,0.0238054583226612,0.0135069394763199,0.0140056834657543,8.375685256229193,4.180698369051109,8
2025,15,8,18,5,20.6,34.2,64.0,1006.1,4.0,0.0,0,2.0,0,1,2,2,4.259,14,30,0.0,0.0,0.0,4.645184560548271,4.453716046041941,5
2025,15,8,19,3,20.6,34.2,64.0,1006.1,4.0,0.0,0,18.0,0,1,2,2,4.259,14,30,0.0265516946981985,0.0210473601373587,0.0265180073073132,12.128872990485116,5.077517033844674,12
2025,15,8,21,5,20.6,34.2,64.0,1006.1,4.0,0.0,0,1.0,0,1,2,2,4.259,14,30,0.0041549275733513,0.0012734296752038,0.0035086701850026,5.5559499696624,4.269492404912259,6
2025,15,8,23,6,20.6,34.2,64.0,1006.1,4.0,0.0,0,5.0,0,1,2,2,4.259,14,30,0.0157659580523064,0.0054943482615538,0.0128457924955055,7.6910088965703896,4.332933241739954,8
2025,15,8,24,9,20.6,34.2,64.0,1006.1,4.0,0.0,0,9.0,0,1,2,2,4.259,14,30,0.016790460741626,0.0256402918872514,0.0136432175375515,13.401377928098942,4.122722627454753,13
2025,15,8,26,1,20.6,34.2,64.0,1006.1,4.0,0.0,0,20.0,0,1,2,2,4.259,14,30,0.0071288312131818,0.0298325940764056,0.0163979585918923,14.919321371282187,4.315346633431133,15
2025,15,8,27,8,20.6,34.2,64.0,1006.1,4.0,0.0,0,12.0,0,1,2,2,4.259,14,30,0.0262955690258686,0.0129489197310058,0.0199646233254075,9.879571419939623,5.307263963966442,10
2025,15,8,28,8,20.6,34.2,64.0,1006.1,4.0,0.0,0,3.0,0,1,2,2,4.259,14,30,0.0133754517772275,0.0084132207755042,0.0138172011830888,4.751382406981624,3.7988596228314413,5
2025,16,12,0,9,26.6,42.45,36.0,998.6,1.5,0.0,0,14.0,0,1,0,1,5.793,11,7,0.0119325486476027,0.0037682465760284,0.0049035055652896,13.908310547569986,3.629396053809226,14
2025,16,12,1,1,26.6,42.45,36.0,998.6,1.5,0.0,0,9.0,0,1,0,1,5.793,11,7,0.0124443002109414,0.0096021432684843,0.0066808687650477,10.013801109556322,3.636290050983802,10
2025,16,12,2,6,26.6,42.45,36.0,998.6,1.5,0.0,0,7.0,0,1,0,1,5.793,11,7,0.0102724765031141,0.0186409274143068,0.0046009756589478,8.392480277878851,4.504760889311044,8
2025,16,12,3,3,26.6,42.45,36.0,998.6,1.5,0.0,0,11.0,0,1,0,1,5.793,11,7,0.024227067913177,0.0091264177871253,0.0110675524070035,12.343966022847695,4.223873629398048,12
2025,16,12,4,4,26.6,42.45,36.0,998.6,1.5,0.0,0,8.0,0,1,0,1,5.793,11,7,0.0131682414468838,0.0074738976939832,0.0028614286974827,14.870087171365661,3.6346049542550007,15
2025,16,12,6,0,26.6,42.45,36.0,998.6,1.5,0.0,0,18.0,0,1,0,1,5.793,11,7,0.0139868373707438,0.021107188462405,0.0088616051732614,15.890664059495846,4.700010862026196,16
2025,16,12,9,0,26.6,42.45,36.0,998.6,1.5,0.0,0,19.0,0,1,0,1,5.793,11,7,0.0191719610070272,0.015323368136408,0.0115465580920446,14.487551625826462,3.5137284474856605,14
2025,16,12,10,7,26.6,42.45,36.0,998.6,1.5,0.0,0,16.0,0,1,0,1,5.793,11,7,0.0129934970106219,0.0063221412654297,0.0034286722718734,16.941193293369015,4.0161634729702,17
2025,16,12,11,2,26.6,42.45,36.0,998.6,1.5,0.0,0,5.0,0,1,0,1,5.793,11,7,0.0,0.0024036655900247,0.0033656452080522,7.805403291081192,5.039001149134237,8
2025,16,12,12,4,26.6,42.45,36.0,998.6,1.5,0.0,0,12.0,0,1,0,1,5.793,11,7,0.0132556136650148,0.0045444302561406,0.0051177975822817,13.31623690636433,4.821199869476728,13
2025,16,12,14,7,26.6,42.45,36.0,998.6,1.5,0.0,0,20.0,0,1,0,1,5.793,11,7,0.013530212064855,0.0116803124765267,0.010096935624157,17.250402598354356,3.9951876531901633,17
2025,16,12,15,2,26.6,42.45,36.0,998.6,1.5,0.0,0,4.0,0,1,0,1,5.793,11,7,0.0021094149805908,0.0010390846040211,0.000264713668049,4.841365701316766,3.6205301624283663,5
2025,16,12,18,5,26.6,42.45,36.0,998.6,1.5,0.0,0,2.0,0,1,0,1,5.793,11,7,0.0112834978843441,0.0,0.0,4.555970523082133,4.087635937881192,5
2025,16,12,19,3,26.6,42.45,36.0,998.6,1.5,0.0,0,15.0,0,1,0,1,5.793,11,7,0.0190346618071069,0.0097148150930168,0.0122650666196064,11.757286621047959,5.003005912043995,12
2025,16,12,21,5,26.6,42.45,36.0,998.6,1.5,0.0,0,3.0,0,1,0,1,5.793,11,7,0.0139868373707438,0.0022659555822629,0.0020798931060996,3.7773736785589636,3.5800525464987105,4
2025,16,12,23,6,26.6,42.45,36.0,998.6,1.5,0.0,0,6.0,0,1,0,1,5.793,11,7,0.0123943732291523,0.0049825984626555,0.0023193959486203,7.534750550431008,3.855632822350702,8
2025,16,12,24,9,26.6,42.45,36.0,998.6,1.5,0.0,0,13.0,0,1,0,1,5.793,11,7,0.006652770323402,0.0012018327950124,0.0072607177522027,13.43875838836674,4.062718333837771,13
2025,16,12,26,1,26.6,42.45,36.0,998.6,1.5,0.0,0,17.0,0,1,0,1,5.793,11,7,0.0147034961368997,0.0081374095495631,0.0115465580920446,16.63996299102636,3.5433686185275404,17
2025,16,12,27,8,26.6,42.45,36.0,998.6,1.5,0.0,0,10.0,0,1,0,1,5.793,11,7,0.0146660509005578,0.0048949648213526,0.0091767404923673,9.894329383249952,5.306554359913994,10
2025,16,12,28,8,26.6,42.45,36.0,998.6,1.5,0.0,0,1.0,0,1,0,1,5.793,11,7,0.0071770036321877,0.0024912992313277,0.0021051039316282,4.698164278167067,3.7679154192438395,5
2025,17,3,0,9,20.8,26.7,60.0,1013.6,2.1,0.0,0,19.0,0,2,0,1,6.003,20,15,0.0083638417198941,0.0087271578490122,0.0075081750195114,11.51374167911689,3.850684751516329,12
2025,17,3,1,1,20.8,26.7,60.0,1013.6,2.1,0.0,0,11.0,0,2,0,1,6.003,20,15,0.0139721919302072,0.0165263147502788,0.0135147150351204,8.848442202492924,3.813064057876982,9
2025,17,3,2,6,20.8,26.7,60.0,1013.6,2.1,0.0,0,4.0,0,2,0,1,6.003,20,15,0.0124727371864777,0.004797962346855,0.0064511030101854,8.621672651542063,4.900685971970278,9
2025,17,3,3,3,20.8,26.7,60.0,1013.6,2.1,0.0,0,15.0,0,2,0,1,6.003,20,15,0.0140890325595887,0.0059036656037435,0.0075279333748258,10.52432588444568,3.8258665504766154,11
2025,17,3,4,4,20.8,26.7,60.0,1013.6,2.1,0.0,0,13.0,0,2,0,1,6.003,20,15,0.0134658825362206,0.0125181404440583,0.0181480493563716,15.3791123397134,3.8011060947431936,15
2025,17,3,6,0,20.8,26.7,60.0,1013.6,2.1,0.0,0,16.0,0,2,0,1,6.003,20,15,0.0252667861037546,0.0200309991805948,0.0154707922112563,14.173589492792772,4.993092657235731,14
2025,17,3,9,0,20.8,26.7,60.0,1013.6,2.1,0.0,0,18.0,0,2,0,1,6.003,20,15,0.0264254556784547,0.0136337160514546,0.0207363939025715,13.939159380673056,3.809805652360035,14
2025,17,3,10,7,20.8,26.7,60.0,1013.6,2.1,0.0,0,8.0,0,2,0,1,6.003,20,15,0.0123753699953263,0.0113532030841222,0.0103138614741708,14.934827193993929,4.43671751830572,15
2025,17,3,11,2,20.8,26.7,60.0,1013.6,2.1,0.0,0,12.0,0,2,0,1,6.003,20,15,0.0134658825362206,0.0,0.0027266530334014,7.835084429533565,5.13454094763481,8
2025,17,3,12,4,20.8,26.7,60.0,1013.6,2.1,0.0,0,17.0,0,2,0,1,6.003,20,15,0.0124824739055928,0.0150750792256126,0.0119044090769884,13.428090856151266,4.886564124964263,13
2025,17,3,14,7,20.8,26.7,60.0,1013.6,2.1,0.0,0,3.0,0,2,0,1,6.003,20,15,0.0116743262190373,0.0068711559535209,0.0091184809776434,14.812278445300194,4.445007489803219,15
2025,17,3,15,2,20.8,26.7,60.0,1013.6,2.1,0.0,0,10.0,0,2,0,1,6.003,20,15,0.0053746689515501,0.0007305539375869,0.0097408691700503,4.005744866023629,3.796051754397073,4
2025,17,3,18,5,20.8,26.7,60.0,1013.6,2.1,0.0,0,7.0,0,2,0,1,6.003,20,15,0.0,0.0089443495601867,0.0,13.042325195744679,3.8423987779744184,13
2025,17,3,19,3,20.8,26.7,60.0,1013.6,2.1,0.0,0,20.0,0,2,0,1,6.003,20,15,0.0168932076647452,0.0086284343439328,0.0162512472461791,11.017619319792297,5.080960439019086,11
2025,17,3,21,5,20.8,26.7,60.0,1013.6,2.1,0.0,0,9.0,0,2,0,1,6.003,20,15,0.0030183829256893,0.0098920952089482,0.002509311124942,6.924576536185249,4.868775035596718,7
2025,17,3,23,6,20.8,26.7,60.0,1013.6,2.1,0.0,0,5.0,0,2,0,1,6.003,20,15,0.0053844056706653,0.0047091111922836,0.0073204706440235,8.155810543246922,4.83112181002211,8
2025,17,3,24,9,20.8,26.7,60.0,1013.6,2.1,0.0,0,2.0,0,2,0,1,6.003,20,15,0.0112459105779716,0.0094972011886308,0.012477401381109,11.6933175377557,4.190806735837264,12
2025,17,3,26,1,20.8,26.7,60.0,1013.6,2.1,0.0,0,14.0,0,2,0,1,6.003,20,15,0.0158221685620813,0.014591334050724,0.0210130108769745,14.131950410092692,4.738035254057944,14
2025,17,3,27,8,20.8,26.7,60.0,1013.6,2.1,0.0,0,6.0,0,2,0,1,6.003,20,15,0.0100677675650413,0.0113630754346301,0.0159746302717762,9.903634118529553,5.308806039557239,10
2025,17,3,28,8,20.8,26.7,60.0,1013.6,2.1,0.0,0,1.0,0,2,0,1,6.003,20,15,0.010574076959028,0.0060122614593307,0.0021931774399098,6.45425727795239,4.89132463120135,6
2025,18,23,0,9,29.8,34.849999999999994,69.0,1011.4,1.65,0.0,0,19.0,0,2,1,2,4.94,19,5,0.2843957153518591,0.0148378420089512,0.0057682921418113,10.428837820706887,5.046027629635789,10
2025,18,23,1,1,29.8,34.849999999999994,69.0,1011.4,1.65,0.0,0,10.0,0,2,1,2,4.94,19,5,0.0,0.0017968560530898,0.0085969738651995,8.289372213633117,3.8179893771808664,8
2025,18,23,2,6,29.8,34.849999999999994,69.0,1011.4,1.65,0.0,0,4.0,0,2,1,2,4.94,19,5,0.0140809517538083,0.0221024318186828,0.0009872653858099,8.196819222803015,4.865504472933001,8
2025,18,23,3,3,29.8,34.849999999999994,69.0,1011.4,1.65,0.0,0,9.0,0,2,1,2,4.94,19,5,0.0156064796523113,0.0109905857971206,0.0072214580467676,9.02941274071559,4.64318328636915,9
2025,18,23,4,4,29.8,34.849999999999994,69.0,1011.4,1.65,0.0,0,14.0,0,2,1,2,4.94,19,5,0.0164076561745467,0.0176929691117137,0.0060899853574123,16.96989358405752,3.7361014407779853,17
2025,18,23,6,0,29.8,34.849999999999994,69.0,1011.4,1.65,0.0,0,16.0,0,2,1,2,4.94,19,5,0.0242328460424074,0.0267323676610004,0.0099724896836313,14.352447697288671,4.806731154815824,14
2025,18,23,9,0,29.8,34.849999999999994,69.0,1011.4,1.65,0.0,0,18.0,0,2,1,2,4.94,19,5,0.013850476315905,0.0192252574023855,0.0165838399077073,16.402755207923907,3.7404197739718326,16
2025,18,23,10,7,29.8,34.849999999999994,69.0,1011.4,1.65,0.0,0,8.0,0,2,1,2,4.94,19,5,0.0070130383247727,0.0014551226932998,0.0037826685006878,15.847187445705453,4.602992339449637,16
2025,18,23,11,2,29.8,34.849999999999994,69.0,1011.4,1.65,0.0,0,6.0,0,2,1,2,4.94,19,5,0.0039949075903244,0.0085653813082875,0.0045591693659315,9.395607205226957,5.070880116701022,9
2025,18,23,12,4,29.8,34.849999999999994,69.0,1011.4,1.65,0.0,0,11.0,0,2,1,2,4.94,19,5,0.0131590500021949,0.014937054919858,0.0054244131872033,14.091577257891213,4.874828825441758,14
2025,18,23,14,7,29.8,34.849999999999994,69.0,1011.4,1.65,0.0,0,12.0,0,2,1,2,4.94,19,5,0.0147614030466657,0.0212866812178935,0.0386031858721214,16.954246206085735,4.574363536195378,17
2025,18,23,15,2,29.8,34.849999999999994,69.0,1011.4,1.65,0.0,0,7.0,0,2,1,2,4.94,19,5,0.001646253127881,0.0082897898891019,0.005579713360252,8.013836652617043,4.321062099650064,8
2025,18,23,18,5,29.8,34.849999999999994,69.0,1011.4,1.65,0.0,0,5.0,0,2,1,2,4.94,19,5,0.0063874621361779,0.0053244262186653,0.0009872653858099,5.549372595129845,4.602407751299192,6
2025,18,23,19,3,29.8,34.849999999999994,69.0,1011.4,1.65,0.0,0,17.0,0,2,1,2,4.94,19,5,0.0111067211027701,0.006437815552175,0.0070550650042154,10.022929284587851,5.099569046768632,10
2025,18,23,21,5,29.8,34.849999999999994,69.0,1011.4,1.65,0.0,0,3.0,0,2,1,2,4.94,19,5,0.0040058826111769,0.0,0.0001885787815593,5.58385624481549,3.8004036457804102,6
2025,18,23,23,6,29.8,34.849999999999994,69.0,1011.4,1.65,0.0,0,1.0,0,2,1,2,4.94,19,5,0.0112274463321479,0.0277465440836033,0.0005435506056707,7.475144315204414,4.638605864960193,7
2025,18,23,24,9,29.8,34.849999999999994,69.0,1011.4,1.65,0.0,0,20.0,0,2,1,2,4.94,19,5,0.0076386145133675,0.0064488392089424,0.0027066601588498,13.199430534114565,4.6305792142190185,13
2025,18,23,26,1,29.8,34.849999999999994,69.0,1011.4,1.65,0.0,0,15.0,0,2,1,2,4.94,19,5,0.021050089995171,0.0056000176378507,0.0123352708878733,16.397297274269384,4.483663650235398,16
2025,18,23,27,8,29.8,34.849999999999994,69.0,1011.4,1.65,0.0,0,13.0,0,2,1,2,4.94,19,5,0.0081654155142894,0.0109575148268183,0.0143319873985002,9.907122330640622,5.308434183700758,10
2025,18,23,28,8,29.8,34.849999999999994,69.0,1011.4,1.65,0.0,0,2.0,0,2,1,2,4.94,19,5,0.0030291057553008,0.0015763829177414,0.0,4.963255407459278,3.8304336384798816,5
2025,19,24,0,9,34.0,45.7,36.0,989.4,1.8,0.0,0,19.0,1,1,2,0,5.513,20,41,0.0139868373707438,0.0122848096953721,0.0134689908416667,15.055559636016245,4.518767611191336,15
2025,19,24,1,1,34.0,45.7,36.0,989.4,1.8,0.0,0,10.0,1,1,2,0,5.513,20,41,0.0139868373707438,0.0122848096953721,0.0134689908416667,12.22510469176806,4.644929324685947,12
2025,19,24,2,6,34.0,45.7,36.0,989.4,1.8,0.0,0,7.0,1,1,2,0,5.513,20,41,0.0139868373707438,0.0122848096953721,0.0134689908416667,10.322172846648442,4.526725780021033,10
2025,19,24,3,3,34.0,45.7,36.0,989.4,1.8,0.0,0,8.0,1,1,2,0,5.513,20,41,0.0139868373707438,0.0122848096953721,0.0134689908416667,9.522663246454071,4.35993550050585,10
2025,19,24,4,4,34.0,45.7,36.0,989.4,1.8,0.0,0,16.0,1,1,2,0,5.513,20,41,0.0139868373707438,0.0122848096953721,0.0134689908416667,13.291440028264548,4.602075763659312,13
2025,19,24,6,0,34.0,45.7,36.0,989.4,1.8,0.0,0,15.0,1,1,2,0,5.513,20,41,0.0139868373707438,0.0122848096953721,0.0134689908416667,14.240043648241183,4.814887659616453,14
2025,19,24,9,0,34.0,45.7,36.0,989.4,1.8,0.0,0,14.0,1,1,2,0,5.513,20,41,0.0139868373707438,0.0122848096953721,0.0134689908416667,12.359870847600401,4.823922636485932,12
2025,19,24,11,2,34.0,45.7,36.0,989.4,1.8,0.0,0,5.0,1,1,2,0,5.513,20,41,0.0139868373707438,0.0122848096953721,0.0134689908416667,8.10295559693467,5.086404402318098,8
2025,19,24,12,4,34.0,45.7,36.0,989.4,1.8,0.0,0,11.0,1,1,2,0,5.513,20,41,0.0139868373707438,0.0122848096953721,0.0134689908416667,12.444056179773524,5.048835620645128,12
2025,19,24,14,7,34.0,45.7,36.0,989.4,1.8,0.0,0,12.0,1,1,2,0,5.513,20,41,0.0139868373707438,0.0122848096953721,0.0134689908416667,14.89269010895785,4.726122331434026,15
2025,19,24,15,2,34.0,45.7,36.0,989.4,1.8,0.0,0,3.0,1,1,2,0,5.513,20,41,0.0139868373707438,0.0122848096953721,0.0134689908416667,6.4192326552204175,4.549062200208044,6
2025,19,24,18,5,34.0,45.7,36.0,989.4,1.8,0.0,0,2.0,1,1,2,0,5.513,20,41,0.0139868373707438,0.0122848096953721,0.0134689908416667,5.006017237973289,4.6973033972967055,5
2025,19,24,19,3,34.0,45.7,36.0,989.4,1.8,0.0,0,17.0,1,1,2,0,5.513,20,41,0.0139868373707438,0.0122848096953721,0.0134689908416667,10.31166465041472,5.048289261635057,10
2025,19,24,21,5,34.0,45.7,36.0,989.4,1.8,0.0,0,6.0,1,1,2,0,5.513,20,41,0.0139868373707438,0.0122848096953721,0.0134689908416667,7.2241770170256565,4.668250801294757,7
2025,19,24,23,6,34.0,45.7,36.0,989.4,1.8,0.0,0,4.0,1,1,2,0,5.513,20,41,0.0139868373707438,0.0122848096953721,0.0134689908416667,8.378182110142735,3.83346342794258,8
2025,19,24,24,9,34.0,45.7,36.0,989.4,1.8,0.0,0,9.0,1,1,2,0,5.513,20,41,0.0139868373707438,0.0122848096953721,0.0134689908416667,14.669792728936219,4.668672342981991,15
2025,19,24,26,1,34.0,45.7,36.0,989.4,1.8,0.0,0,18.0,1,1,2,0,5.513,20,41,0.0139868373707438,0.0122848096953721,0.0134689908416667,13.347075583434473,4.7703987747195,13
2025,19,24,27,8,34.0,45.7,36.0,989.4,1.8,0.0,0,13.0,1,1,2,0,5.513,20,41,0.0139868373707438,0.0122848096953721,0.0134689908416667,10.062525487650166,5.308300466634058,10
2025,19,24,28,8,34.0,45.7,36.0,989.4,1.8,0.0,0,1.0,1,1,2,0,5.513,20,41,0.0139868373707438,0.0122848096953721,0.0134689908416667,7.224056831213499,4.683498769913676,7
2025,20,10,0,9,26.2,45.9,27.0,780.5,2.0,0.0,0,17.0,0,1,2,0,4.304,17,8,0.0128093901505486,0.0189037626628076,0.0177599728576462,11.104530815564667,3.7718163809390735,11
2025,20,10,1,1,26.2,45.9,27.0,780.5,2.0,0.0,0,14.0,0,1,2,0,4.304,17,8,0.0139321255422301,0.00705499276411,0.0258113345425601,10.071659948360294,4.682868801101922,10
2025,20,10,2,6,26.2,45.9,27.0,780.5,2.0,0.0,0,6.0,0,1,2,0,4.304,17,8,0.0013651441694309,0.0022482943973538,0.0080905093106103,8.832626550469431,4.873437600963618,9
2025,20,10,3,3,26.2,45.9,27.0,780.5,2.0,0.0,0,10.0,0,1,2,0,4.304,17,8,0.0139868373707438,0.0135672937771345,0.0184385317030523,11.33266012686064,4.6609357985531865,11
2025,20,10,4,4,26.2,45.9,27.0,780.5,2.0,0.0,0,16.0,0,1,2,0,4.304,17,8,0.0068384792038785,0.0120296671490593,0.0116529432489919,12.031212477430406,4.478296067647564,12
2025,20,10,6,0,26.2,45.9,27.0,780.5,2.0,0.0,0,20.0,0,1,2,0,4.304,17,8,0.012133197244195,0.0171723175522018,0.025419858285595,13.299875797036094,4.950345293566412,13
2025,20,10,9,0,26.2,45.9,27.0,780.5,2.0,0.0,0,18.0,0,1,2,0,4.304,17,8,0.0139868373707438,0.0232840603679967,0.0232145420380255,9.898310338119767,3.782376206667945,10
2025,20,10,10,7,26.2,45.9,27.0,780.5,2.0,0.0,0,9.0,0,1,2,0,4.304,17,8,0.01312834906864,0.011486975397974,0.0099565461354769,13.012392541904548,4.420368968477949,13
2025,20,10,11,2,26.2,45.9,27.0,780.5,2.0,0.0,0,3.0,0,1,2,0,4.304,17,8,0.0139868373707438,0.0038763696506098,0.0045019769550976,8.355348054370921,5.114067505709372,8
2025,20,10,12,4,26.2,45.9,27.0,780.5,2.0,0.0,0,13.0,0,1,2,0,4.304,17,8,0.0048481755549886,0.0123526979532768,0.013453734031031,11.591941180266359,5.012707917135939,12
2025,20,10,14,7,26.2,45.9,27.0,780.5,2.0,0.0,0,15.0,0,1,2,0,4.304,17,8,0.0139868373707438,0.0106729377713459,0.0119922226716951,13.037116778208905,4.418749365797357,13
2025,20,10,15,2,26.2,45.9,27.0,780.5,2.0,0.0,0,2.0,0,1,2,0,4.304,17,8,0.0,0.0019769485218111,0.0073858520480733,6.279692444090786,3.7722470516884683,6
2025,20,10,18,5,26.2,45.9,27.0,780.5,2.0,0.0,0,1.0,0,1,2,0,4.304,17,8,0.0139868373707438,0.0032432292743436,0.0,9.740587951912731,4.642649030295616,10
2025,20,10,19,3,26.2,45.9,27.0,780.5,2.0,0.0,0,12.0,0,1,2,0,4.304,17,8,0.0083949987241643,0.0112931569154435,0.012279305260136,11.064547657791138,5.103640854933227,11
2025,20,10,21,5,26.2,45.9,27.0,780.5,2.0,0.0,0,8.0,0,1,2,0,4.304,17,8,0.0051543761163563,0.0108538350217077,0.0078164759307348,5.843011979339833,4.556675453608092,6
2025,20,10,23,6,26.2,45.9,27.0,780.5,2.0,0.0,0,4.0,0,1,2,0,4.304,17,8,0.0139868373707438,0.0056465784577216,0.0066811947855362,8.565293261380809,4.616473743473959,9
2025,20,10,24,9,26.2,45.9,27.0,780.5,2.0,0.0,0,7.0,0,1,2,0,4.304,17,8,0.0139868373707438,0.0070679139962786,0.0152414756045046,10.91904960978602,4.14939453266963,11
2025,20,10,26,1,26.2,45.9,27.0,780.5,2.0,0.0,0,19.0,0,1,2,0,4.304,17,8,0.0139868373707438,0.0072617324788091,0.012592486265708,13.601322416279956,3.7811617357642016,14
2025,20,10,27,8,26.2,45.9,27.0,780.5,2.0,0.0,0,11.0,0,1,2,0,4.304,17,8,0.0090584332737944,0.0063443249948315,0.0102044810982215,9.910894433338255,5.30890992733032,10
2025,20,10,28,8,26.2,45.9,27.0,780.5,2.0,0.0,0,5.0,0,1,2,0,4.304,17,8,0.0139868373707438,0.0,0.0079469680163899,5.703245248341485,4.720323651616435,6
2025,21,16,0,9,26.0,39.6,56.0,918.4,1.4,0.0,0,12.0,1,1,2,0,4.309,15,43,0.0118899607002502,0.0122848096953721,0.0082318790347039,14.576358481741753,4.603444489732217,15
2025,21,16,1,1,26.0,39.6,56.0,918.4,1.4,0.0,0,11.0,1,1,2,0,4.309,15,43,0.0090175062522329,0.0122848096953721,0.0012564446947706,9.499903727823776,3.83313245210811,9
2025,21,16,2,6,26.0,39.6,56.0,918.4,1.4,0.0,0,2.0,1,1,2,0,4.309,15,43,0.0109896391568418,0.0122848096953721,0.0014008636252041,8.640458178345726,4.909079409703668,9
2025,21,16,3,3,26.0,39.6,56.0,918.4,1.4,0.0,0,8.0,1,1,2,0,4.309,15,43,0.0140907466952483,0.0122848096953721,0.0101526508094681,12.713713466888386,4.774831113882926,13
2025,21,16,6,0,26.0,39.6,56.0,918.4,1.4,0.0,0,18.0,1,1,2,0,4.309,15,43,0.0169346195069668,0.0122848096953721,0.0173013878659215,14.648182690432119,5.039745628756539,15
2025,21,16,9,0,26.0,39.6,56.0,918.4,1.4,0.0,0,9.0,1,1,2,0,4.309,15,43,0.0100893176134334,0.0122848096953721,0.0087951128633942,12.617109189689089,4.634434158083599,13
2025,21,16,10,7,26.0,39.6,56.0,918.4,1.4,0.0,0,5.0,1,1,2,0,4.309,15,43,0.0104608788853161,0.0122848096953721,0.0052712909608192,15.881230847130979,4.7516689168641335,16
2025,21,16,11,2,26.0,39.6,56.0,918.4,1.4,0.0,0,13.0,1,1,2,0,4.309,15,43,0.0221650589496248,0.0122848096953721,0.0082029952486173,8.873726853111542,5.161800769270193,9
2025,21,16,12,4,26.0,39.6,56.0,918.4,1.4,0.0,0,10.0,1,1,2,0,4.309,15,43,0.0088460164344408,0.0122848096953721,0.0071054113773234,13.72247213058837,5.048432502221741,14
2025,21,16,14,7,26.0,39.6,56.0,918.4,1.4,0.0,0,7.0,1,1,2,0,4.309,15,43,0.0117041800643087,0.0122848096953721,0.020550813800673,16.069140881271423,4.747310889790536,16
2025,21,16,15,2,26.0,39.6,56.0,918.4,1.4,0.0,0,3.0,1,1,2,0,4.309,15,43,0.0216934619506966,0.0122848096953721,0.0069609924468899,6.997904599268225,4.646215571704973,7
2025,21,16,18,5,26.0,39.6,56.0,918.4,1.4,0.0,0,1.0,1,1,2,0,4.309,15,43,0.0,0.0122848096953721,0.0,6.085494808524752,4.86806468954188,6
2025,21,16,19,3,26.0,39.6,56.0,918.4,1.4,0.0,0,17.0,1,1,2,0,4.309,15,43,0.0133047516970348,0.0122848096953721,0.0235258437676011,11.885580634323684,5.12879418437161,12
2025,21,16,21,5,26.0,39.6,56.0,918.4,1.4,0.0,0,4.0,1,1,2,0,4.309,15,43,0.0003286888174349,0.0122848096953721,0.0024984474964978,7.5856256784492455,3.8073985738926366,8
2025,21,16,23,6,26.0,39.6,56.0,918.4,1.4,0.0,0,6.0,1,1,2,0,4.309,15,43,0.0095748481600571,0.0122848096953721,0.002036306919111,8.159912350428629,4.694127314837513,8
2025,21,16,24,9,26.0,39.6,56.0,918.4,1.4,0.0,0,15.0,1,1,2,0,4.309,15,43,0.0101607717041802,0.0122848096953721,0.0271074332423495,14.363256562872387,4.73123222633991,14
2025,21,16,26,1,26.0,39.6,56.0,918.4,1.4,0.0,0,14.0,1,1,2,0,4.309,15,43,0.0156484458735262,0.0122848096953721,0.0058345247895095,14.706669555169844,4.7685710670085175,15
2025,21,16,27,8,26.0,39.6,56.0,918.4,1.4,0.0,0,19.0,1,1,2,0,4.309,15,43,0.0255519828510183,0.0122848096953721,0.0209263030197998,10.001765756677251,5.309273500143371,10
2025,21,16,28,8,26.0,39.6,56.0,918.4,1.4,0.0,0,16.0,1,1,2,0,4.309,15,43,0.0199071096820293,0.0122848096953721,0.0048669179556056,5.799493105780949,4.679596372861386,6
2025,22,19,0,9,11.7,12.6,65.0,946.0,1.6,0.0,0,16.0,0,2,0,1,6.201,17,3,0.0017510179110145,0.0049678425674663,0.0087290280051884,13.959649912063039,4.488177969570908,14
2025,22,19,1,1,11.7,12.6,65.0,946.0,1.6,0.0,0,7.0,0,2,0,1,6.201,17,3,0.0099575958313114,0.0150637806884467,0.015799434367491,14.517404903518443,3.814274739577252,15
2025,22,19,2,6,11.7,12.6,65.0,946.0,1.6,0.0,0,17.0,0,2,0,1,6.201,17,3,0.0077635492922089,0.0003098224396914,0.0141514449146235,6.24208868416904,4.588877843539871,6
2025,22,19,3,3,11.7,12.6,65.0,946.0,1.6,0.0,0,14.0,0,2,0,1,6.201,17,3,0.0125313811944894,0.0147860088459648,0.0162885151083419,10.997990139537858,4.378614635010927,11
2025,22,19,4,4,11.7,12.6,65.0,946.0,1.6,0.0,0,18.0,0,2,0,1,6.201,17,3,0.0168350878673444,0.0202666609687826,0.0179046079911539,16.573038321529854,3.8550300752765883,17
2025,22,19,6,0,11.7,12.6,65.0,946.0,1.6,0.0,0,15.0,0,2,0,1,6.201,17,3,0.0206324761080988,0.0130552765966538,0.0239330597316435,14.52203173589095,5.0409798576927525,15
2025,22,19,9,0,11.7,12.6,65.0,946.0,1.6,0.0,0,10.0,0,2,0,1,6.201,17,3,0.0083015126263158,0.0082370034828315,0.0160333425478979,6.332395005154745,3.82755601392164,6
2025,22,19,10,7,11.7,12.6,65.0,946.0,1.6,0.0,0,8.0,0,2,0,1,6.201,17,3,0.0052425054323748,0.0031089079293177,0.0118548918706274,15.381792858936413,4.738063162560745,15
2025,22,19,11,2,11.7,12.6,65.0,946.0,1.6,0.0,0,20.0,0,2,0,1,6.201,17,3,0.0080061602075905,0.0056088545116556,0.0129181108724775,8.11377557253629,5.130193435382959,8
2025,22,19,12,4,11.7,12.6,65.0,946.0,1.6,0.0,0,11.0,0,2,0,1,6.201,17,3,0.0144300753148667,0.0029593384756736,0.027601165288026,13.899828044743625,4.904934157913837,14
2025,22,19,14,7,11.7,12.6,65.0,946.0,1.6,0.0,0,6.0,0,2,0,1,6.201,17,3,0.0095673087065673,0.0031943761885428,0.0147255831756224,15.553959854269168,4.725322654143284,16
2025,22,19,15,2,11.7,12.6,65.0,946.0,1.6,0.0,0,9.0,0,2,0,1,6.201,17,3,0.0,0.0017200487169077,0.019712080294299,6.075217593443146,3.8387111514286407,6
2025,22,19,18,5,11.7,12.6,65.0,946.0,1.6,0.0,0,1.0,0,2,0,1,6.201,17,3,0.0048100251049554,0.0,0.0325132370765729,6.496823884160287,3.871950684235617,6
2025,22,19,19,3,11.7,12.6,65.0,946.0,1.6,0.0,0,13.0,0,2,0,1,6.201,17,3,0.0139343051834349,0.0173714236875279,0.0187445510026154,11.251853250570287,5.054438854343214,11
2025,22,19,21,5,11.7,12.6,65.0,946.0,1.6,0.0,0,5.0,0,2,0,1,6.201,17,3,0.0068352988333579,0.0095190273712099,0.0315669721649264,6.990528754203563,4.926965248638153,7
2025,22,19,23,6,11.7,12.6,65.0,946.0,1.6,0.0,0,4.0,0,2,0,1,6.201,17,3,0.0077213560895339,0.0046473365953719,0.0,4.5380725438180605,3.8067152777922186,5
2025,22,19,24,9,11.7,12.6,65.0,946.0,1.6,0.0,0,3.0,0,2,0,1,6.201,17,3,0.0039767093521233,0.008899382491827,0.017096561549748,13.942058793670274,4.603973718677364,14
2025,22,19,26,1,11.7,12.6,65.0,946.0,1.6,0.0,0,12.0,0,2,0,1,6.201,17,3,0.0115187443302883,0.0062926005854575,0.0157250090373615,14.35561370240922,4.845254437907191,14
2025,22,19,27,8,11.7,12.6,65.0,946.0,1.6,0.0,0,19.0,0,2,0,1,6.201,17,3,0.0028374928798969,0.0116450503194375,0.0277819125183405,10.054779782422155,5.3092025496019914,10
2025,22,19,28,8,11.7,12.6,65.0,946.0,1.6,0.0,0,2.0,0,2,0,1,6.201,17,3,0.0032383283053098,0.0053738167987863,0.0024135071341995,6.731227662666484,3.927915667457092,7
2025,23,21,0,9,20.5,25.6,75.0,1016.6,0.8,0.0,0,15.0,1,1,0,0,5.38,16,6,0.008464732341456,0.0122848096953721,0.0091562051089874,15.362399847513494,3.730417084056076,15
2025,23,21,1,1,20.5,25.6,75.0,1016.6,0.8,0.0,0,8.0,1,1,0,0,5.38,16,6,0.0047699075675942,0.0122848096953721,0.0049341078008868,8.910435344638701,3.823399982324568,9
2025,23,21,2,6,20.5,25.6,75.0,1016.6,0.8,0.0,0,5.0,1,1,0,0,5.38,16,6,0.0095645296821707,0.0122848096953721,0.0059584035975265,8.30071804688007,4.854931972440232,8
2025,23,21,3,3,20.5,25.6,75.0,1016.6,0.8,0.0,0,13.0,1,1,0,0,5.38,16,6,0.0123819880381592,0.0122848096953721,0.0179751420898131,13.16751288789141,4.731594786220508,13
2025,23,21,4,4,20.5,25.6,75.0,1016.6,0.8,0.0,0,14.0,1,1,0,0,5.38,16,6,0.0123819880381592,0.0122848096953721,0.0188870151770655,13.825087368423773,3.7007126710887723,14
2025,23,21,6,0,20.5,25.6,75.0,1016.6,0.8,0.0,0,20.0,1,1,0,0,5.38,16,6,0.0321906974445157,0.0122848096953721,0.0288426706639185,15.195792597009333,4.886776099279175,15
2025,23,21,9,0,20.5,25.6,75.0,1016.6,0.8,0.0,0,9.0,1,1,0,0,5.38,16,6,0.0185359102367653,0.0122848096953721,0.0256948348010741,10.933426335149711,4.579381432871962,11
2025,23,21,10,7,20.5,25.6,75.0,1016.6,0.8,0.0,0,6.0,1,1,0,0,5.38,16,6,0.0071548613513913,0.0122848096953721,0.0152645056523639,16.12688440381052,3.7408331175690748,16
2025,23,21,11,2,20.5,25.6,75.0,1016.6,0.8,0.0,0,18.0,1,1,0,0,5.38,16,6,0.0107508279373237,0.0122848096953721,0.0248329273624383,9.018851833238859,5.115789652381169,9
2025,23,21,12,4,20.5,25.6,75.0,1016.6,0.8,0.0,0,11.0,1,1,0,0,5.38,16,6,0.0106148979289208,0.0122848096953721,0.015889076260071,12.772558315214411,4.86715135470787,13
2025,23,21,14,7,20.5,25.6,75.0,1016.6,0.8,0.0,0,12.0,1,1,0,0,5.38,16,6,0.0202412139785476,0.0122848096953721,0.0224345762288425,16.57757082339474,3.680440114150796,17
2025,23,21,15,2,20.5,25.6,75.0,1016.6,0.8,0.0,0,10.0,1,1,0,0,5.38,16,6,0.0091938114774356,0.0122848096953721,0.0070826306913995,6.493858771807011,3.784056430833701,6
2025,23,21,18,5,20.5,25.6,75.0,1016.6,0.8,0.0,0,2.0,1,1,0,0,5.38,16,6,0.0007167218624881,0.0122848096953721,0.0028730247954529,4.1840999301854165,3.7446620259835686,4
2025,23,21,19,3,20.5,25.6,75.0,1016.6,0.8,0.0,0,17.0,1,1,0,0,5.38,16,6,0.0144827245316592,0.0122848096953721,0.0201236649803259,12.51329971871283,5.113103589161514,13
2025,23,21,21,5,20.5,25.6,75.0,1016.6,0.8,0.0,0,1.0,1,1,0,0,5.38,16,6,0.0,0.0122848096953721,0.0,6.11167027238376,4.73155440639363,6
2025,23,21,23,6,20.5,25.6,75.0,1016.6,0.8,0.0,0,4.0,1,1,0,0,5.38,16,6,0.0111215461420591,0.0122848096953721,0.0003997251889325,7.859218884091812,4.7545883795626445,8
2025,23,21,24,9,20.5,25.6,75.0,1016.6,0.8,0.0,0,7.0,1,1,0,0,5.38,16,6,0.0059314912757647,0.0122848096953721,0.006083317719068,14.833590198051674,4.143207753433323,15
2025,23,21,26,1,20.5,25.6,75.0,1016.6,0.8,0.0,0,19.0,1,1,0,0,5.38,16,6,0.0092061687509266,0.0122848096953721,0.0218849540940602,15.837717009498636,4.456718388476979,16
2025,23,21,27,8,20.5,25.6,75.0,1016.6,0.8,0.0,0,16.0,1,1,0,0,5.38,16,6,0.0107755424843062,0.0122848096953721,0.0057960152395228,10.018928504176232,5.3085171570626,10
2025,23,21,28,8,20.5,25.6,75.0,1016.6,0.8,0.0,0,3.0,1,1,0,0,5.38,16,6,0.0071672186248825,0.0122848096953721,0.0059084379489101,6.358035616513977,4.779063189310925,6
2025,24,0,0,9,25.1,29.0,77.0,1017.2,1.1,0.0,0,17.0,0,1,2,0,5.281,16,5,0.0139868373707438,0.0104353477847454,0.0046559627522978,14.590453548031594,4.345820285216455,15
2025,24,0,1,1,25.1,29.0,77.0,1017.2,1.1,0.0,0,6.0,0,1,2,0,5.281,16,5,0.0139868373707438,0.0075225978840436,0.0030119759041926,10.232710967416187,4.62866962692787,10
2025,24,0,2,6,25.1,29.0,77.0,1017.2,1.1,0.0,0,14.0,0,1,2,0,5.281,16,5,0.001455879741966,0.0080281164618514,0.0044759641922863,8.630212025027532,4.8463616622493975,9
2025,24,0,3,3,25.1,29.0,77.0,1017.2,1.1,0.0,0,11.0,0,1,2,0,5.281,16,5,0.003243179262591,0.0050311134648484,0.003299973600211,9.476758110813243,4.706565608707765,9
2025,24,0,4,4,25.1,29.0,77.0,1017.2,1.1,0.0,0,7.0,0,1,2,0,5.281,16,5,0.0030419601112624,0.0058616082712467,0.0054839561283508,10.396485077854004,3.7967181886955657,10
2025,24,0,6,0,25.1,29.0,77.0,1017.2,1.1,0.0,0,20.0,0,1,2,0,5.281,16,5,0.0043794756465645,0.0203170323652251,0.0140038879688962,14.71052840874523,4.874442639326703,15
2025,24,0,9,0,25.1,29.0,77.0,1017.2,1.1,0.0,0,19.0,0,1,2,0,5.281,16,5,0.0139868373707438,0.0226279744352032,0.0088559291525667,13.029652712462365,4.589071138587438,13
2025,24,0,10,7,25.1,29.0,77.0,1017.2,1.1,0.0,0,9.0,0,1,2,0,5.281,16,5,0.0058235189678641,0.0069087538967056,0.0077399380804953,16.304390635999397,3.8901818982613636,16
2025,24,0,11,2,25.1,29.0,77.0,1017.2,1.1,0.0,0,16.0,0,1,2,0,5.281,16,5,0.0139868373707438,0.0103029500619861,0.0136318909448723,8.9472914905955,5.059909458956485,9
2025,24,0,12,4,25.1,29.0,77.0,1017.2,1.1,0.0,0,18.0,0,1,2,0,5.281,16,5,0.0017044445759602,0.0056208851389574,0.0064319485444116,10.981380857834559,4.882668369400016,11
2025,24,0,14,7,25.1,29.0,77.0,1017.2,1.1,0.0,0,13.0,0,1,2,0,5.281,16,5,0.0139868373707438,0.0167422938507276,0.0073559411524707,16.90917917083528,3.773850761957173,17
2025,24,0,15,2,25.1,29.0,77.0,1017.2,1.1,0.0,0,5.0,0,1,2,0,5.281,16,5,0.0001893827306623,0.0069207900533202,0.0040919672642618,11.637404205235523,3.7063446405989273,12
2025,24,0,18,5,25.1,29.0,77.0,1017.2,1.1,0.0,0,2.0,0,1,2,0,5.281,16,5,0.0,0.0,4.7999616002960106e-05,5.871548185925056,4.624086626295069,6
2025,24,0,19,3,25.1,29.0,77.0,1017.2,1.1,0.0,0,8.0,0,1,2,0,5.281,16,5,0.0139868373707438,0.0105316370376611,0.0032519739842081,10.422989668998172,5.1079965497956445,10
2025,24,0,21,5,25.1,29.0,77.0,1017.2,1.1,0.0,0,3.0,0,1,2,0,5.281,16,5,0.0139868373707438,0.0081845864978395,0.0031079751361989,3.6611375392024197,3.780549833440151,4
2025,24,0,23,6,25.1,29.0,77.0,1017.2,1.1,0.0,0,4.0,0,1,2,0,5.281,16,5,0.0029354323252648,0.0045617033568841,0.0,7.58711664553706,4.591092418002083,8
2025,24,0,24,9,25.1,29.0,77.0,1017.2,1.1,0.0,0,12.0,0,1,2,0,5.281,16,5,0.0033852163105876,0.0094965275688167,0.0057239542083663,13.936973516147,4.562081812531868,14
2025,24,0,26,1,25.1,29.0,77.0,1017.2,1.1,0.0,0,15.0,0,1,2,0,5.281,16,5,0.0139868373707438,0.0090150813042378,0.0067319461444307,15.01914268028711,4.403369941575918,15
2025,24,0,27,8,25.1,29.0,77.0,1017.2,1.1,0.0,0,10.0,0,1,2,0,5.281,16,5,0.0139868373707438,0.0146841110696532,0.0163078695370436,9.97762857234535,5.307908875862271,10
2025,24,0,28,8,25.1,29.0,77.0,1017.2,1.1,0.0,0,1.0,0,1,2,0,5.281,16,5,9.46913653310714e-05,0.0043691248510525,0.0014879880960951,5.647924998323721,4.564155251047175,6
